transaction_amount,hour_of_day,account_age_days,num_txn_last_24h,num_failed_txn_last_24h,distance_from_usual_km,transaction_type,merchant_category,device_type,is_new_payee,risk_label
2189.8,10,439,4,1,1.69,BillPay,Fuel,Android,Yes,fraud
941.75,12,2720,1,2,2.16,P2P,Travel,Android,No,fraud
320.13,9,1897,5,0,9.06,P2P,Groceries,iOS,Yes,suspicious
1149.1,12,4312,6,2,0.95,Merchant,Fuel,Android,Yes,fraud
1537.63,2,3811,4,0,6.77,P2P,Electronics,Android,Yes,fraud
1636.85,12,1674,2,0,1.02,P2P,Fuel,Android,No,suspicious
10983.36,16,2472,3,1,6.73,P2P,Travel,Android,No,fraud
7560.94,15,4852,2,1,5.37,P2P,Jewelry,Android,Yes,fraud
2809.02,2,3310,6,0,0.09,P2P,Electronics,Android,No,fraud
1564.61,9,4108,3,0,3.08,Merchant,Travel,iOS,No,suspicious
5739.61,12,1376,3,0,1.83,P2P,Fuel,Android,Yes,suspicious
492.9,21,1215,5,0,0.31,Merchant,Fuel,iOS,No,suspicious
1308.62,10,4937,2,0,6.41,P2P,Electronics,Android,No,suspicious
10030.72,14,1088,6,0,1.46,BillPay,Electronics,iOS,No,fraud
8021.17,16,1629,1,0,0.37,P2P,Jewelry,Android,No,suspicious
5881.22,14,2856,4,0,0.89,P2P,Groceries,Android,No,suspicious
7200.9,15,4827,2,1,2.27,Merchant,Jewelry,Android,No,fraud
964.28,16,3130,3,0,4.83,Merchant,Groceries,Android,No,suspicious
671.93,5,4906,2,0,3.14,P2P,Travel,iOS,Yes,suspicious
1553.8,6,545,2,0,3.2,P2P,Jewelry,Android,Yes,suspicious
1539.69,1,3523,2,0,2.35,P2P,Electronics,Android,No,suspicious
2541.41,6,2252,0,0,1.78,Merchant,Fuel,Android,Yes,suspicious
1049.84,23,2659,2,2,0.63,BillPay,Groceries,Android,No,fraud
308.4,18,1911,2,1,15.37,BillPay,Groceries,iOS,No,suspicious
70.92,15,2615,4,0,8.88,BillPay,Jewelry,Android,No,suspicious
828.41,2,4198,5,0,3.0,P2P,Electronics,Android,No,fraud
190.11,23,2708,3,0,8.65,Merchant,Groceries,Android,Yes,suspicious
2204.28,4,382,5,0,3.91,Merchant,Groceries,Unknown,No,fraud
5807.53,11,1077,4,1,3.17,P2P,Fuel,Android,Yes,fraud
466.71,5,4715,5,0,0.67,P2P,Jewelry,Android,Yes,fraud
4837.72,7,3814,3,0,2.18,P2P,Travel,Android,Yes,suspicious
555.35,14,4429,2,0,0.82,P2P,Groceries,Android,No,safe
1827.83,16,2024,4,0,6.63,P2P,Travel,Android,No,suspicious
2740.62,4,1178,3,1,9.72,P2P,Electronics,Android,No,fraud
423.57,0,4091,4,0,5.42,P2P,Jewelry,iOS,No,suspicious
2002.19,14,1597,2,1,7.56,P2P,Fuel,iOS,No,suspicious
4159.41,5,3412,5,0,11.32,Merchant,Jewelry,iOS,No,fraud
1300.64,18,4098,3,0,8.7,P2P,Groceries,iOS,No,suspicious
3058.21,11,3691,5,0,11.3,BillPay,Jewelry,Android,Yes,fraud
1065.31,2,2240,4,1,0.49,P2P,Fuel,Android,Yes,fraud
4086.33,1,3869,6,0,1.72,P2P,Groceries,iOS,Yes,fraud
1404.63,3,3823,5,0,2.39,P2P,Fuel,iOS,Yes,fraud
846.37,1,3507,4,0,4.71,P2P,Groceries,iOS,Yes,suspicious
371.52,0,2829,7,0,2.9,P2P,Fuel,Android,No,suspicious
707.56,9,2181,2,0,1.76,P2P,Groceries,Android,Yes,suspicious
1973.29,2,4955,7,0,1.23,Merchant,Travel,Android,No,fraud
5432.09,22,1118,3,0,6.75,P2P,Electronics,Android,Yes,fraud
1373.39,18,265,2,0,0.05,BillPay,Groceries,Android,Yes,suspicious
1209.79,17,2470,5,0,1.87,BillPay,Groceries,Android,Yes,suspicious
3122.81,17,207,6,0,0.33,P2P,Travel,iOS,No,suspicious
3290.91,6,1699,1,0,11.69,P2P,Groceries,Android,Yes,suspicious
2473.61,7,3255,1,1,14.44,Merchant,Jewelry,iOS,No,fraud
163.78,16,1625,0,0,12.35,P2P,Electronics,iOS,No,safe
1144.34,20,2624,5,0,1.12,Merchant,Fuel,iOS,No,suspicious
4720.01,2,3263,5,0,0.99,Merchant,Jewelry,iOS,Yes,fraud
1951.18,13,3979,1,0,1.93,P2P,Travel,Android,No,safe
944.08,9,3098,5,0,5.67,BillPay,Electronics,Android,No,suspicious
1674.18,1,3463,3,1,0.21,BillPay,Travel,Android,No,fraud
4246.12,16,2895,2,3,0.06,P2P,Jewelry,Unknown,No,fraud
249.17,11,4114,3,0,10.95,Merchant,Electronics,Android,No,suspicious
38256.04,8,3535,3,0,0.75,P2P,Travel,Android,No,suspicious
4264.13,22,4580,3,0,0.7,P2P,Electronics,Android,No,suspicious
1575.48,5,1250,10,1,7.44,P2P,Groceries,Android,No,fraud
4621.06,7,3689,1,0,2.96,P2P,Electronics,Android,Yes,suspicious
1041.79,11,2770,2,0,7.2,Merchant,Fuel,Android,Yes,suspicious
3380.46,7,1313,2,1,2.86,Merchant,Groceries,Android,No,suspicious
2269.17,9,2935,4,2,15.59,P2P,Jewelry,Android,No,fraud
606.15,8,1101,1,1,6.33,Merchant,Travel,Android,Yes,suspicious
548.87,15,4278,3,1,1.94,P2P,Travel,iOS,No,suspicious
4143.97,15,167,3,0,8.03,P2P,Groceries,Android,Yes,suspicious
5974.21,13,1577,4,1,6.81,P2P,Travel,iOS,Yes,fraud
1394.98,9,1702,3,0,2.43,Merchant,Groceries,Android,Yes,suspicious
3831.93,23,4544,1,0,2.89,P2P,Groceries,Android,No,suspicious
325.09,5,1606,3,1,2.09,BillPay,Groceries,iOS,Yes,fraud
177.94,14,2820,4,0,0.34,P2P,Electronics,iOS,Yes,suspicious
32624.23,9,4894,2,0,15.44,P2P,Jewelry,Android,No,fraud
5931.76,1,1677,5,0,1.71,P2P,Travel,Android,No,fraud
864.73,3,2751,1,0,8.74,P2P,Groceries,Android,No,suspicious
658.73,13,3731,3,0,1.05,Merchant,Fuel,iOS,Yes,suspicious
177.72,9,1040,3,1,1.68,P2P,Jewelry,Android,No,suspicious
498.23,3,1498,4,0,4.66,BillPay,Fuel,Android,No,suspicious
4216.7,22,3054,5,0,3.76,P2P,Travel,Android,No,suspicious
266.43,10,34,3,1,0.19,Merchant,Fuel,Android,Yes,fraud
275.57,1,555,1,1,0.35,Merchant,Groceries,iOS,No,suspicious
1001.63,16,1171,4,1,4.37,Merchant,Groceries,Android,Yes,fraud
2268.21,23,972,4,2,12.13,Merchant,Electronics,Android,No,fraud
963.93,11,2844,3,1,1.06,Merchant,Electronics,Unknown,No,fraud
1548.78,5,2912,3,1,0.1,P2P,Travel,iOS,No,suspicious
250.91,12,4405,4,0,2.32,P2P,Electronics,Android,Yes,suspicious
530.19,1,4336,2,1,4.74,Merchant,Jewelry,Android,No,fraud
3299.4,22,3147,0,2,3.24,P2P,Groceries,iOS,No,fraud
1289.19,11,2346,5,0,3.19,P2P,Fuel,Unknown,No,fraud
14020.8,17,4591,2,0,2.25,BillPay,Travel,Android,No,suspicious
2593.66,18,1958,3,0,1.37,P2P,Travel,Android,No,suspicious
587.13,15,3640,3,1,20.72,P2P,Travel,Android,No,suspicious
5020.01,22,4144,3,1,1.2,P2P,Electronics,Android,No,fraud
286.35,1,4585,2,1,7.09,P2P,Electronics,iOS,No,fraud
554.45,5,456,7,0,10.3,Merchant,Jewelry,Android,No,suspicious
1509.3,1,4836,5,0,4.22,P2P,Travel,iOS,No,suspicious
240.14,16,1438,3,1,1.58,P2P,Electronics,Android,Yes,fraud
4549.81,20,1060,3,1,10.3,BillPay,Electronics,Android,No,fraud
1210.12,5,3487,3,1,5.09,P2P,Groceries,Android,No,suspicious
3081.66,6,1409,2,0,3.23,P2P,Fuel,iOS,No,suspicious
4740.7,4,2502,5,0,17.26,P2P,Electronics,Unknown,No,fraud
395.66,18,478,2,0,6.77,Merchant,Groceries,iOS,No,safe
1066.01,1,4020,4,0,15.11,BillPay,Jewelry,Android,No,fraud
1191.92,17,690,3,0,0.57,Merchant,Fuel,iOS,No,suspicious
3518.81,6,2965,3,0,3.84,P2P,Travel,Android,No,suspicious
5006.79,12,1367,4,1,3.51,P2P,Fuel,iOS,No,fraud
6817.89,1,2281,2,0,3.08,P2P,Electronics,Android,Yes,fraud
2086.98,18,1387,0,1,4.93,P2P,Jewelry,Android,No,fraud
130.09,5,2441,4,0,11.79,P2P,Electronics,Android,No,suspicious
1901.64,4,596,2,1,4.52,Merchant,Travel,iOS,No,fraud
3031.05,15,358,4,0,10.33,Merchant,Travel,Android,No,suspicious
2624.48,7,3008,3,0,4.02,P2P,Groceries,Android,No,suspicious
1184.79,5,452,4,0,0.66,P2P,Electronics,Android,Yes,fraud
1516.76,21,1361,3,0,1.8,P2P,Travel,Unknown,No,suspicious
261.99,2,2500,2,0,3.87,Merchant,Electronics,Android,No,suspicious
2515.03,9,2595,5,0,0.52,BillPay,Fuel,Android,Yes,suspicious
1339.16,5,1774,1,0,1.67,P2P,Jewelry,iOS,No,suspicious
353.3,1,3680,0,0,1.13,P2P,Groceries,Android,Yes,suspicious
1539.17,4,1914,5,0,0.32,Merchant,Fuel,Android,No,suspicious
401.34,20,3199,1,1,0.91,P2P,Fuel,Android,No,suspicious
372.94,13,1045,3,0,5.63,P2P,Travel,Android,No,safe
2477.15,2,4644,1,0,3.19,P2P,Groceries,Android,No,suspicious
1361.23,5,4772,1,1,0.95,P2P,Electronics,Android,No,fraud
2599.79,11,877,5,1,3.19,P2P,Groceries,Android,No,fraud
3950.67,21,2228,1,0,13.85,P2P,Fuel,Android,Yes,suspicious
2495.7,2,3854,6,2,2.41,BillPay,Electronics,Android,No,fraud
177.98,2,4974,4,0,2.74,Merchant,Fuel,Android,Yes,suspicious
241.98,2,227,4,0,0.4,Merchant,Electronics,Android,No,suspicious
3474.44,19,438,3,0,5.15,BillPay,Groceries,Android,No,suspicious
2934.56,20,4619,8,0,1.66,P2P,Fuel,iOS,No,suspicious
217.35,9,3580,2,2,0.12,Merchant,Jewelry,Android,No,fraud
1033.93,16,3807,1,1,13.82,Merchant,Fuel,Android,Yes,suspicious
871.29,22,3656,5,0,11.57,P2P,Jewelry,iOS,No,suspicious
3010.56,4,2752,1,0,0.73,BillPay,Travel,Android,No,suspicious
1892.85,21,2198,3,0,2.48,Merchant,Groceries,Android,No,suspicious
8859.0,18,4709,3,0,7.09,Merchant,Fuel,Android,No,suspicious
1419.89,18,4558,2,1,16.33,P2P,Travel,Android,No,suspicious
2303.32,13,4870,3,0,5.63,BillPay,Groceries,iOS,No,suspicious
1334.8,8,3894,4,2,6.68,BillPay,Fuel,iOS,No,fraud
1109.34,18,3979,3,0,12.92,P2P,Groceries,iOS,No,suspicious
8720.59,6,362,6,1,7.97,P2P,Travel,iOS,No,fraud
6569.91,6,2947,5,0,2.2,P2P,Travel,Android,No,suspicious
397.32,20,3986,2,0,2.62,P2P,Jewelry,Android,No,suspicious
585.42,9,2799,3,0,1.75,P2P,Travel,Android,No,safe
1015.49,16,3161,4,0,0.09,P2P,Groceries,Unknown,Yes,fraud
465.18,22,3299,3,1,27.1,BillPay,Groceries,Android,No,suspicious
2547.84,20,4060,0,0,4.54,Merchant,Fuel,Android,Yes,suspicious
1777.41,22,1754,2,1,9.86,P2P,Travel,Android,No,suspicious
2816.63,7,2632,2,0,0.37,P2P,Fuel,Android,No,suspicious
3658.96,20,1775,4,1,9.45,P2P,Electronics,Android,No,fraud
436.65,6,1588,5,0,1.93,P2P,Fuel,Android,No,suspicious
940.5,17,4565,1,2,0.51,Merchant,Groceries,iOS,No,fraud
1599.91,17,3109,5,0,4.66,P2P,Groceries,Android,Yes,suspicious
769.03,2,3260,2,0,3.36,Merchant,Jewelry,Android,Yes,fraud
119.13,8,1946,3,0,4.73,P2P,Travel,iOS,No,safe
1451.63,11,3379,4,0,0.96,Merchant,Groceries,Android,No,suspicious
1887.38,8,2865,0,0,4.43,P2P,Electronics,Android,Yes,suspicious
2042.92,16,241,1,0,4.64,P2P,Groceries,iOS,No,safe
6865.81,4,4997,3,0,1.31,Merchant,Fuel,Android,No,suspicious
179.13,18,1922,5,0,0.04,Merchant,Travel,iOS,No,suspicious
1391.22,5,306,1,1,5.87,Merchant,Fuel,Android,No,suspicious
2739.77,14,2048,3,0,1.31,Merchant,Groceries,iOS,No,suspicious
2283.95,15,969,0,1,0.96,Merchant,Travel,Android,No,suspicious
8438.96,22,4251,5,0,2.08,P2P,Groceries,Android,No,suspicious
1180.04,17,223,7,1,7.09,Merchant,Fuel,Android,No,fraud
650.76,2,1118,2,0,6.97,P2P,Groceries,iOS,No,suspicious
5230.49,14,4453,2,0,0.26,BillPay,Travel,Android,Yes,suspicious
919.82,3,3356,1,0,2.46,Merchant,Travel,iOS,No,suspicious
985.71,8,511,2,1,17.46,Merchant,Electronics,Android,No,fraud
1084.61,14,2747,5,2,1.99,P2P,Fuel,Android,No,fraud
2820.25,10,4714,3,0,1.06,P2P,Travel,Android,Yes,suspicious
892.6,12,1769,3,0,3.65,P2P,Jewelry,iOS,No,suspicious
258.84,8,1891,1,0,0.44,Merchant,Jewelry,Android,Yes,suspicious
733.42,19,3273,3,0,3.33,Merchant,Jewelry,Android,No,suspicious
552.72,12,4461,2,0,0.7,P2P,Electronics,iOS,Yes,suspicious
5356.93,6,1586,1,0,0.16,Merchant,Groceries,Android,Yes,suspicious
1193.61,11,4470,5,2,12.71,Merchant,Jewelry,Android,Yes,fraud
1988.14,21,1015,4,0,0.69,P2P,Travel,Android,Yes,suspicious
1539.02,22,2071,3,0,0.5,P2P,Groceries,Android,No,suspicious
1302.81,19,2057,4,0,1.02,BillPay,Groceries,iOS,No,suspicious
4711.75,19,3643,2,2,2.13,P2P,Fuel,Android,No,fraud
203.54,13,1326,2,0,2.26,P2P,Groceries,Android,No,safe
1545.25,14,605,0,0,14.08,Merchant,Electronics,Android,Yes,suspicious
4004.58,14,1303,1,0,1.88,P2P,Fuel,iOS,No,suspicious
2932.31,0,542,3,1,4.56,Merchant,Electronics,Android,No,fraud
8092.13,5,3963,5,1,3.67,P2P,Groceries,iOS,Yes,fraud
1820.85,14,2132,1,1,1.34,P2P,Jewelry,iOS,No,fraud
321.99,9,1327,0,0,2.23,P2P,Groceries,Android,Yes,safe
10384.91,10,4651,1,0,8.92,Merchant,Electronics,Android,No,suspicious
1406.28,17,2269,4,0,8.21,P2P,Travel,Android,Yes,suspicious
5168.14,23,799,3,0,7.0,P2P,Fuel,Android,No,suspicious
461.62,11,4752,4,0,4.55,Merchant,Groceries,Android,No,suspicious
926.23,6,4672,3,0,2.71,Merchant,Groceries,Android,Yes,suspicious
501.07,11,3749,2,0,2.07,P2P,Jewelry,iOS,No,suspicious
3107.4,16,3281,0,0,0.21,P2P,Travel,Android,No,safe
7655.99,17,3085,4,0,8.26,P2P,Groceries,Android,Yes,suspicious
4827.64,12,1632,3,1,1.24,P2P,Travel,Unknown,No,fraud
1889.96,12,2024,1,0,2.48,P2P,Travel,Android,Yes,suspicious
1531.29,12,3965,2,0,2.49,P2P,Travel,iOS,No,suspicious
2041.74,22,546,6,1,3.2,P2P,Electronics,Android,No,fraud
5213.85,0,2818,1,0,1.65,Merchant,Jewelry,Android,No,suspicious
771.75,17,4840,2,0,0.07,BillPay,Fuel,Android,Yes,suspicious
1711.67,16,3982,2,0,5.46,P2P,Travel,Unknown,No,suspicious
4583.8,5,4821,0,2,2.13,P2P,Fuel,Android,Yes,fraud
2649.83,13,1485,5,0,0.6,P2P,Travel,Android,Yes,suspicious
3378.14,19,2055,5,1,0.95,Merchant,Electronics,iOS,No,fraud
1780.88,1,2295,3,1,1.24,P2P,Jewelry,Android,No,fraud
4660.66,13,2128,9,0,1.51,Merchant,Groceries,iOS,Yes,fraud
3598.57,0,3764,3,0,4.54,P2P,Jewelry,Android,No,fraud
1769.82,22,2526,6,0,7.41,P2P,Travel,iOS,No,suspicious
666.46,10,706,1,1,3.29,Merchant,Electronics,iOS,Yes,fraud
3580.15,2,3195,4,0,1.58,P2P,Groceries,Android,Yes,fraud
1099.71,8,402,5,1,5.63,P2P,Fuel,Android,No,fraud
1914.37,4,1425,4,0,3.48,P2P,Electronics,iOS,No,fraud
5445.67,22,351,4,0,1.67,P2P,Electronics,Unknown,Yes,fraud
6438.83,5,206,1,0,4.19,Merchant,Fuel,Android,Yes,suspicious
8162.82,0,1260,3,0,3.07,BillPay,Travel,Android,Yes,fraud
1460.21,20,902,2,0,1.47,P2P,Jewelry,Android,No,suspicious
3441.46,8,3991,4,1,5.08,P2P,Jewelry,Android,Yes,fraud
241.94,14,1144,3,1,0.55,Merchant,Travel,iOS,No,suspicious
2231.6,12,1183,3,0,2.04,P2P,Fuel,Android,No,suspicious
5724.67,0,3799,1,2,0.77,Merchant,Fuel,Android,No,fraud
403.8,22,4469,4,0,1.63,BillPay,Jewelry,Android,No,suspicious
9238.82,11,1636,5,0,0.07,P2P,Jewelry,Android,No,fraud
818.88,4,3963,3,0,2.32,P2P,Fuel,iOS,Yes,suspicious
7012.39,3,2988,3,1,10.69,P2P,Fuel,Android,No,fraud
609.61,0,543,2,0,7.37,P2P,Travel,Android,No,suspicious
1225.89,8,1054,3,1,2.46,BillPay,Fuel,Android,No,suspicious
11758.65,16,161,3,0,3.64,BillPay,Fuel,Android,No,suspicious
798.57,18,2344,6,0,0.08,Merchant,Jewelry,Android,No,suspicious
161.4,21,1694,4,0,2.15,P2P,Travel,iOS,No,safe
641.88,10,1971,3,0,4.49,P2P,Groceries,Android,No,suspicious
604.95,10,4423,4,1,1.89,P2P,Travel,Android,No,suspicious
2559.06,23,3007,4,0,0.64,P2P,Fuel,iOS,No,suspicious
2868.29,11,3656,7,1,2.56,P2P,Fuel,Android,Yes,fraud
2472.0,22,306,4,0,1.28,P2P,Groceries,iOS,No,suspicious
668.24,4,634,5,0,2.01,Merchant,Jewelry,iOS,No,fraud
4457.02,15,2816,1,0,2.98,Merchant,Groceries,Android,No,suspicious
363.93,2,4463,3,0,4.7,P2P,Electronics,Android,Yes,fraud
2441.02,3,44,3,0,3.01,P2P,Jewelry,Android,No,fraud
1341.85,14,2910,4,0,6.48,P2P,Groceries,Android,No,suspicious
4479.01,22,739,3,1,10.24,Merchant,Groceries,Android,No,fraud
1337.53,14,2440,2,2,7.27,P2P,Travel,Android,Yes,fraud
1367.01,17,2264,2,1,1.48,P2P,Travel,Android,Yes,fraud
4827.02,8,2128,2,1,1.41,P2P,Travel,Unknown,Yes,fraud
2195.32,1,1722,2,0,1.58,Merchant,Groceries,iOS,Yes,suspicious
6400.56,7,4118,2,1,0.23,P2P,Jewelry,Android,No,fraud
1393.91,0,166,3,0,0.18,BillPay,Fuel,Android,No,suspicious
2452.4,19,621,5,0,0.35,P2P,Travel,Android,Yes,suspicious
4354.17,20,3967,5,0,3.7,P2P,Groceries,Android,No,suspicious
2410.72,16,2938,3,0,12.98,P2P,Electronics,iOS,No,suspicious
1095.31,20,703,3,1,5.63,P2P,Electronics,Android,Yes,fraud
6024.01,10,3505,3,0,1.39,P2P,Travel,Android,No,suspicious
3205.34,19,551,3,0,18.43,P2P,Fuel,Unknown,No,suspicious
1034.81,19,4909,1,1,0.21,P2P,Travel,iOS,No,suspicious
737.31,0,269,3,0,1.12,P2P,Jewelry,Android,Yes,fraud
1009.1,18,2329,0,0,8.01,Merchant,Jewelry,Android,Yes,suspicious
1457.32,12,1231,4,0,0.71,Merchant,Groceries,iOS,No,suspicious
1351.5,8,2461,2,0,2.37,P2P,Jewelry,iOS,No,suspicious
1153.65,9,4982,3,0,12.66,Merchant,Fuel,iOS,No,suspicious
2121.17,18,112,2,0,0.03,P2P,Fuel,Android,No,suspicious
5370.07,13,322,1,0,1.81,P2P,Groceries,Android,No,suspicious
1175.24,13,3092,3,1,1.26,P2P,Travel,iOS,No,suspicious
1226.41,22,244,1,0,1.43,P2P,Travel,Android,No,safe
1714.09,3,461,3,1,0.86,Merchant,Electronics,iOS,No,fraud
7797.13,17,1043,2,0,8.13,P2P,Jewelry,iOS,Yes,fraud
1467.73,21,3842,4,1,0.66,Merchant,Travel,Android,Yes,fraud
11041.51,12,2252,4,0,2.81,P2P,Groceries,Android,Yes,fraud
1122.93,14,1995,3,0,2.76,P2P,Electronics,Android,No,suspicious
5095.9,18,4454,3,0,2.09,Merchant,Electronics,iOS,No,suspicious
3778.77,11,2120,8,0,8.86,P2P,Electronics,Android,Yes,fraud
647.06,18,3035,3,0,3.96,P2P,Travel,Android,No,suspicious
9179.21,15,153,3,0,3.6,P2P,Electronics,iOS,Yes,fraud
1873.5,14,3199,0,0,0.77,P2P,Groceries,Android,Yes,suspicious
2984.56,0,3700,0,1,12.49,P2P,Fuel,Android,Yes,fraud
2919.86,17,2432,5,0,4.52,P2P,Fuel,iOS,No,suspicious
4293.12,1,4817,4,2,3.32,BillPay,Fuel,Android,No,fraud
1375.34,6,1520,5,1,2.56,Merchant,Fuel,Android,No,fraud
442.58,19,1919,2,0,1.85,Merchant,Travel,iOS,No,safe
4183.78,22,1420,1,1,2.82,BillPay,Fuel,iOS,No,suspicious
1030.42,4,4809,0,0,0.41,Merchant,Fuel,Android,No,suspicious
1775.77,21,4767,2,1,9.34,Merchant,Travel,Android,No,suspicious
3049.86,4,3910,4,1,19.19,P2P,Electronics,Android,No,fraud
861.15,10,3679,3,1,11.41,P2P,Fuel,iOS,No,suspicious
3682.68,12,2824,5,0,14.29,Merchant,Fuel,Android,No,suspicious
1780.17,1,2643,0,0,3.97,Merchant,Electronics,iOS,No,suspicious
2811.47,20,2310,3,0,0.32,P2P,Fuel,Android,Yes,suspicious
1212.36,16,2608,2,0,3.9,P2P,Electronics,Android,No,suspicious
979.25,16,1207,6,1,4.69,P2P,Electronics,Android,No,fraud
844.86,12,1326,3,1,5.56,BillPay,Travel,Unknown,Yes,fraud
2000.51,2,3403,1,0,6.63,Merchant,Electronics,Android,Yes,fraud
1554.46,21,744,3,0,4.14,Merchant,Fuel,Android,No,suspicious
1176.04,20,2328,1,0,15.23,P2P,Groceries,Android,No,safe
5407.17,15,2249,2,0,6.51,Merchant,Travel,iOS,Yes,suspicious
1324.61,12,262,5,0,1.83,Merchant,Electronics,iOS,Yes,fraud
3561.0,18,1269,3,0,6.92,Merchant,Jewelry,Android,No,suspicious
3567.64,0,4242,4,0,1.05,Merchant,Fuel,iOS,No,suspicious
2253.38,20,3639,0,1,0.3,Merchant,Fuel,Android,No,suspicious
449.16,19,89,2,0,1.52,P2P,Travel,Android,Yes,suspicious
2856.66,20,131,4,0,1.85,Merchant,Travel,Android,Yes,suspicious
7171.67,2,3800,3,0,11.79,P2P,Travel,Android,No,suspicious
9193.27,15,3430,2,0,11.88,Merchant,Jewelry,Android,Yes,fraud
703.98,16,3324,1,0,11.33,P2P,Travel,Android,No,safe
765.88,23,4108,3,0,3.18,P2P,Fuel,Android,No,suspicious
4215.73,20,2435,0,0,6.65,P2P,Jewelry,Android,Yes,suspicious
443.72,14,3646,2,1,16.42,Merchant,Electronics,iOS,No,fraud
2268.95,13,3700,0,0,2.87,Merchant,Electronics,iOS,Yes,suspicious
4753.68,17,4237,2,0,3.05,P2P,Groceries,iOS,No,suspicious
786.09,1,311,4,0,6.35,BillPay,Fuel,Android,No,suspicious
864.53,9,2264,3,0,0.11,P2P,Electronics,Android,No,suspicious
1311.64,12,4536,0,0,3.35,Merchant,Groceries,Android,Yes,suspicious
1544.92,16,2516,2,0,3.65,P2P,Travel,iOS,No,suspicious
2417.44,4,1472,1,0,0.61,Merchant,Groceries,Android,No,suspicious
2196.72,23,2937,7,0,11.43,P2P,Electronics,iOS,No,fraud
1994.03,12,2908,2,0,0.69,Merchant,Jewelry,Android,No,suspicious
554.51,9,3973,3,1,0.25,P2P,Travel,Android,No,suspicious
1315.96,0,3622,2,1,14.46,BillPay,Jewelry,Android,No,fraud
479.62,6,678,3,1,5.83,P2P,Groceries,Android,No,suspicious
585.27,13,1391,7,0,12.03,P2P,Groceries,Android,No,suspicious
1046.79,21,2058,2,0,4.24,Merchant,Electronics,Android,Yes,suspicious
1674.38,8,2613,6,1,10.03,P2P,Travel,Android,Yes,fraud
561.99,21,2237,2,0,15.94,P2P,Electronics,Android,No,suspicious
710.29,22,2607,2,0,0.61,Merchant,Groceries,Unknown,No,suspicious
7542.67,4,579,5,2,5.24,Merchant,Groceries,iOS,Yes,fraud
2623.87,4,1469,3,0,3.8,Merchant,Travel,Android,Yes,fraud
1750.26,20,856,4,0,24.54,P2P,Groceries,Android,Yes,suspicious
2825.06,21,1935,1,1,2.68,Merchant,Electronics,Android,No,fraud
4130.75,3,1798,3,0,0.01,P2P,Groceries,Android,No,suspicious
1168.66,14,451,5,0,11.49,Merchant,Fuel,Android,No,suspicious
796.44,18,670,2,1,4.03,Merchant,Fuel,iOS,No,suspicious
2173.1,22,2996,2,0,2.41,P2P,Electronics,Android,No,suspicious
5287.63,5,4795,1,0,1.01,P2P,Jewelry,Android,Yes,suspicious
2913.39,12,704,4,1,10.11,P2P,Electronics,Android,No,fraud
1185.52,0,3489,4,0,6.25,P2P,Jewelry,Android,Yes,fraud
6982.37,9,530,2,1,2.31,BillPay,Fuel,iOS,Yes,fraud
2387.61,22,256,2,0,3.4,P2P,Groceries,Android,Yes,suspicious
2137.68,13,171,4,0,2.29,Merchant,Groceries,Android,No,suspicious
2792.32,6,2318,4,1,2.62,P2P,Jewelry,Android,No,fraud
1616.07,16,3332,2,0,12.17,Merchant,Groceries,Unknown,No,suspicious
591.25,19,3509,3,0,5.57,Merchant,Fuel,Unknown,No,suspicious
2177.35,16,3655,2,1,3.72,P2P,Jewelry,Android,No,fraud
3247.43,17,2996,4,1,7.01,Merchant,Groceries,Android,No,fraud
1731.97,7,1804,2,0,2.46,P2P,Travel,Unknown,Yes,fraud
2302.29,22,3199,5,0,10.16,Merchant,Jewelry,iOS,No,suspicious
3489.48,0,2037,4,0,13.82,P2P,Fuel,iOS,No,suspicious
1026.0,7,1276,5,2,9.85,P2P,Fuel,Android,Yes,fraud
362.91,23,3044,2,1,5.43,Merchant,Fuel,Android,Yes,suspicious
1292.18,17,4273,6,0,5.95,Merchant,Travel,Android,No,suspicious
1728.49,11,1944,2,0,15.78,Merchant,Groceries,Android,No,suspicious
867.6,3,3806,2,0,8.32,P2P,Electronics,Unknown,No,fraud
785.12,10,4026,1,0,3.01,P2P,Jewelry,Android,Yes,suspicious
358.04,12,2696,2,0,12.57,P2P,Fuel,Android,No,safe
2797.98,2,1168,6,0,1.84,P2P,Travel,Android,No,fraud
684.58,0,3242,1,0,8.69,P2P,Electronics,Android,No,suspicious
602.86,3,4681,3,0,0.64,BillPay,Electronics,Android,No,suspicious
7557.79,3,4146,2,2,13.06,BillPay,Fuel,Android,No,fraud
10367.13,16,2735,4,0,7.11,Merchant,Electronics,Android,Yes,fraud
538.09,9,4698,6,0,0.91,BillPay,Fuel,Android,No,suspicious
1458.55,9,3317,4,0,8.66,Merchant,Jewelry,iOS,No,suspicious
400.75,18,3762,1,1,3.42,Merchant,Electronics,iOS,Yes,fraud
2116.67,18,1331,3,0,1.85,BillPay,Fuel,iOS,No,suspicious
514.43,14,1625,3,2,0.04,P2P,Travel,iOS,No,fraud
854.59,3,1837,4,0,2.53,P2P,Jewelry,iOS,No,fraud
1118.01,11,2307,2,0,5.18,P2P,Travel,Android,No,safe
963.91,22,4738,4,0,0.47,P2P,Fuel,iOS,Yes,suspicious
5629.54,16,622,3,0,2.39,P2P,Travel,Android,No,suspicious
1538.0,18,3921,3,0,13.84,P2P,Fuel,Android,No,suspicious
2520.85,0,1774,3,1,0.39,P2P,Groceries,Unknown,No,fraud
814.26,3,2992,4,0,1.99,P2P,Travel,Android,Yes,suspicious
2229.93,21,2509,4,0,0.29,P2P,Travel,Android,No,suspicious
2412.89,8,3519,4,0,1.73,Merchant,Fuel,Android,Yes,suspicious
885.33,17,2989,2,0,4.84,P2P,Travel,Android,Yes,suspicious
336.77,13,267,5,1,3.47,P2P,Electronics,iOS,No,fraud
531.59,18,4133,3,0,0.89,Merchant,Fuel,Android,No,safe
9060.76,18,4010,2,1,2.04,Merchant,Travel,iOS,No,fraud
599.39,9,3167,5,1,4.57,BillPay,Fuel,Android,No,suspicious
8174.55,21,2771,1,1,0.55,P2P,Fuel,Android,No,suspicious
1379.97,6,4354,9,0,3.33,P2P,Electronics,Android,No,fraud
1951.67,8,4620,7,0,6.41,Merchant,Electronics,Android,No,fraud
5324.79,20,2229,3,1,4.99,P2P,Electronics,Android,No,fraud
7092.42,2,475,2,0,5.5,Merchant,Fuel,iOS,No,suspicious
631.24,16,679,3,2,0.11,P2P,Travel,Android,Yes,fraud
646.04,19,3993,2,2,3.19,Merchant,Fuel,Android,No,fraud
6209.81,21,1483,4,0,3.39,P2P,Jewelry,Android,No,suspicious
1159.24,21,4269,3,1,2.56,P2P,Fuel,iOS,No,suspicious
2992.25,14,4240,2,2,2.04,Merchant,Electronics,Android,No,fraud
3402.11,6,2769,1,0,1.25,BillPay,Groceries,Android,Yes,suspicious
942.13,23,2373,0,1,16.48,P2P,Fuel,iOS,No,suspicious
517.42,16,1381,4,1,0.54,BillPay,Fuel,Android,Yes,fraud
2047.18,17,4004,4,2,1.19,Merchant,Fuel,Android,No,fraud
897.47,3,1771,2,0,5.38,P2P,Fuel,Android,Yes,suspicious
1865.19,7,2470,2,1,0.1,P2P,Groceries,Android,Yes,fraud
760.27,2,2292,1,2,12.58,BillPay,Jewelry,Android,No,fraud
586.19,19,4040,2,0,1.74,P2P,Fuel,Android,No,safe
6629.12,5,790,2,0,5.38,BillPay,Groceries,Android,Yes,suspicious
2674.26,0,119,2,1,1.04,P2P,Travel,Android,No,fraud
300.37,16,4914,4,1,0.66,Merchant,Fuel,iOS,No,suspicious
928.62,4,4558,7,0,9.51,P2P,Travel,Android,No,suspicious
1123.94,0,1055,1,0,14.07,BillPay,Travel,Android,No,suspicious
1317.48,2,4416,3,1,8.47,P2P,Electronics,Android,No,fraud
1622.99,13,1394,5,0,5.52,P2P,Electronics,Android,Yes,fraud
465.65,22,795,3,1,1.49,P2P,Groceries,iOS,No,suspicious
250.5,6,3940,1,0,2.72,P2P,Travel,iOS,No,safe
1435.22,10,568,4,1,2.96,P2P,Groceries,Android,No,fraud
707.05,8,1109,4,0,3.67,BillPay,Fuel,Android,Yes,suspicious
695.69,1,4653,4,1,10.32,P2P,Fuel,Android,No,fraud
1419.91,12,1401,4,0,10.63,P2P,Electronics,iOS,No,suspicious
2238.86,17,1997,5,2,7.92,Merchant,Travel,Android,No,fraud
10238.36,5,4580,2,1,0.27,P2P,Jewelry,Android,No,fraud
2376.86,20,3121,2,2,1.06,Merchant,Groceries,Android,No,fraud
6950.46,12,395,3,1,6.36,Merchant,Jewelry,Android,No,fraud
755.47,3,4838,2,0,0.27,P2P,Groceries,Android,No,suspicious
1506.14,0,2084,2,0,4.85,P2P,Travel,Android,No,suspicious
10804.17,20,4030,2,0,1.47,BillPay,Fuel,Android,No,suspicious
2078.51,21,4814,2,1,1.11,P2P,Travel,Android,No,suspicious
1276.97,3,4145,7,0,8.55,P2P,Jewelry,Android,Yes,fraud
12941.91,3,2675,4,0,2.51,P2P,Fuel,iOS,No,fraud
648.44,0,4528,2,1,2.9,Merchant,Travel,Unknown,No,fraud
17825.26,3,4985,2,0,9.37,P2P,Groceries,Android,Yes,fraud
480.58,6,3281,3,1,1.51,Merchant,Jewelry,Unknown,No,fraud
188.29,10,83,1,0,1.35,BillPay,Jewelry,iOS,Yes,suspicious
5584.05,20,4341,5,0,1.94,Merchant,Groceries,Android,No,suspicious
2504.67,0,3952,3,0,0.47,P2P,Jewelry,Unknown,Yes,fraud
6065.11,21,2094,2,0,2.2,BillPay,Fuel,iOS,Yes,suspicious
185.48,2,2796,4,0,0.43,P2P,Fuel,Android,Yes,suspicious
2622.81,6,3643,4,0,11.19,BillPay,Groceries,Android,No,suspicious
3676.05,3,1985,1,0,2.17,P2P,Electronics,iOS,No,suspicious
1638.94,10,4651,4,0,4.09,Merchant,Fuel,iOS,No,suspicious
4265.8,5,4841,6,0,2.7,P2P,Jewelry,Android,Yes,fraud
5916.98,17,4645,4,2,11.84,P2P,Jewelry,iOS,No,fraud
13035.1,19,790,2,0,7.74,Merchant,Groceries,Android,Yes,suspicious
1415.3,6,1423,3,1,2.74,P2P,Groceries,Android,Yes,fraud
2517.1,22,628,5,0,0.29,Merchant,Fuel,Android,No,suspicious
2802.97,19,1873,5,1,0.71,Merchant,Fuel,Android,Yes,fraud
2644.56,16,1667,4,0,8.83,P2P,Electronics,Android,No,suspicious
4579.81,19,2922,5,0,2.1,P2P,Fuel,Android,No,suspicious
3284.45,4,2391,3,0,0.57,Merchant,Fuel,Android,No,suspicious
4934.14,13,3853,1,1,8.05,Merchant,Groceries,Android,Yes,fraud
22849.15,23,3484,7,0,10.18,P2P,Electronics,iOS,No,fraud
63.99,18,4275,3,0,2.24,P2P,Groceries,Android,No,safe
727.13,19,2572,4,1,0.29,BillPay,Electronics,Android,No,fraud
459.68,16,2937,5,0,2.32,Merchant,Groceries,Android,Yes,suspicious
3304.83,20,3545,3,0,10.41,P2P,Fuel,Android,No,suspicious
529.8,18,2691,0,0,2.16,P2P,Groceries,Android,No,safe
2438.94,23,86,3,0,0.48,P2P,Travel,Android,Yes,fraud
3187.73,4,2717,4,2,4.64,Merchant,Groceries,iOS,Yes,fraud
1760.47,11,2543,4,0,2.89,P2P,Fuel,iOS,Yes,suspicious
1246.81,19,2634,2,1,3.56,P2P,Travel,iOS,No,suspicious
4165.76,5,1294,3,0,8.56,Merchant,Fuel,Android,No,suspicious
3192.8,16,2034,1,0,0.52,P2P,Electronics,Android,No,suspicious
1486.23,6,520,1,2,7.55,P2P,Groceries,Android,No,fraud
1151.88,3,4407,1,0,10.51,P2P,Jewelry,iOS,No,suspicious
8817.77,19,4239,2,1,7.06,P2P,Fuel,Android,Yes,fraud
1659.53,20,4192,1,0,2.07,P2P,Jewelry,Android,No,suspicious
22489.26,3,2621,1,0,3.21,P2P,Fuel,Android,Yes,fraud
3900.16,7,2457,2,1,3.67,P2P,Fuel,iOS,Yes,fraud
1083.1,14,676,3,0,4.36,Merchant,Groceries,Unknown,Yes,fraud
709.72,19,16,3,0,9.37,BillPay,Groceries,Android,No,suspicious
1146.04,4,4309,2,0,1.77,Merchant,Groceries,iOS,Yes,suspicious
5259.45,5,4295,4,0,2.86,P2P,Groceries,iOS,Yes,suspicious
2256.79,8,1677,3,0,1.61,P2P,Fuel,iOS,Yes,suspicious
3174.3,15,3353,4,0,3.07,P2P,Travel,Android,Yes,suspicious
1013.5,2,2458,3,0,13.13,BillPay,Groceries,Android,Yes,suspicious
691.9,17,2812,2,1,0.11,BillPay,Groceries,iOS,No,suspicious
4433.12,14,4376,6,1,1.59,P2P,Fuel,Android,No,fraud
928.53,6,4175,3,1,3.18,P2P,Electronics,Unknown,No,fraud
1407.45,14,1889,2,0,12.09,P2P,Electronics,iOS,Yes,suspicious
3360.21,6,2342,1,0,0.56,P2P,Travel,Android,Yes,suspicious
1782.35,23,320,1,1,16.71,P2P,Jewelry,Android,No,fraud
3382.98,12,2615,3,2,2.58,P2P,Fuel,Android,No,fraud
1304.42,6,1261,2,0,0.69,P2P,Travel,Android,No,suspicious
352.79,15,2030,4,0,0.57,P2P,Jewelry,Android,No,suspicious
5363.58,0,2581,2,0,8.68,P2P,Fuel,Android,No,suspicious
27562.75,23,3649,1,0,2.18,Merchant,Electronics,Android,No,suspicious
554.79,22,923,0,0,0.61,P2P,Fuel,Android,No,safe
815.91,0,3299,2,2,7.6,P2P,Fuel,Android,No,fraud
991.05,1,1679,4,1,1.63,Merchant,Travel,iOS,Yes,fraud
2399.27,13,383,2,0,0.84,P2P,Travel,iOS,No,suspicious
3583.68,23,4614,4,1,2.11,P2P,Fuel,Android,No,fraud
4495.53,11,4901,4,0,0.37,P2P,Jewelry,Android,No,suspicious
1024.85,3,965,1,0,0.93,Merchant,Travel,Android,Yes,suspicious
2499.61,15,2557,2,0,12.3,P2P,Groceries,Android,No,suspicious
3674.84,15,4609,6,0,3.22,Merchant,Fuel,Android,No,suspicious
1766.24,1,3997,3,0,0.68,Merchant,Groceries,Android,No,suspicious
1792.14,17,3657,3,0,1.88,P2P,Electronics,Android,Yes,fraud
1034.7,5,682,5,1,0.53,Merchant,Travel,Android,No,fraud
1542.68,8,805,2,1,0.88,P2P,Fuel,iOS,No,suspicious
852.85,23,3078,1,1,1.2,Merchant,Jewelry,Android,No,fraud
3141.03,14,2955,4,0,3.9,Merchant,Fuel,iOS,No,suspicious
1533.38,8,4306,6,0,0.11,Merchant,Groceries,Android,Yes,suspicious
326.93,18,3457,4,1,2.65,Merchant,Travel,Android,No,suspicious
629.79,10,4277,2,0,9.44,P2P,Travel,iOS,No,safe
3737.03,16,3925,3,0,5.22,P2P,Jewelry,Android,No,suspicious
304.1,19,1159,3,0,0.72,Merchant,Fuel,iOS,Yes,suspicious
1332.84,9,3418,2,0,8.26,P2P,Fuel,Android,No,suspicious
1529.61,6,2016,4,1,3.83,Merchant,Jewelry,Android,No,fraud
90.06,8,4473,2,0,9.32,P2P,Electronics,Android,No,safe
1113.12,0,145,6,0,1.79,BillPay,Groceries,Android,No,suspicious
5728.06,12,3516,4,0,0.34,P2P,Groceries,iOS,No,suspicious
1197.77,22,4509,3,0,0.43,Merchant,Travel,Android,Yes,suspicious
1234.25,19,4910,4,0,0.4,BillPay,Fuel,iOS,No,suspicious
3633.13,5,1237,4,0,2.12,P2P,Travel,Android,No,suspicious
528.38,7,2312,1,1,0.01,P2P,Jewelry,Android,Yes,fraud
147.87,17,1862,3,2,1.21,BillPay,Electronics,iOS,No,fraud
706.82,17,3749,4,2,10.33,P2P,Travel,Android,No,fraud
1008.39,15,3831,4,0,4.53,Merchant,Fuel,Unknown,Yes,fraud
551.56,23,3254,3,0,10.29,Merchant,Jewelry,Android,No,suspicious
844.05,13,168,2,0,3.49,P2P,Travel,Android,No,safe
1300.65,14,2413,3,0,0.97,Merchant,Travel,iOS,No,suspicious
392.75,20,314,5,1,7.24,P2P,Jewelry,Unknown,No,fraud
3973.9,12,4679,2,0,2.94,P2P,Fuel,iOS,No,suspicious
219.76,18,2712,4,0,1.57,Merchant,Travel,Android,No,safe
2549.93,2,1075,3,1,2.76,P2P,Electronics,Android,No,fraud
1009.55,13,1377,4,1,7.94,Merchant,Travel,Unknown,Yes,fraud
80.83,11,3695,5,0,3.33,P2P,Travel,iOS,No,safe
603.01,6,2883,2,1,3.25,P2P,Jewelry,iOS,Yes,fraud
2681.23,10,575,2,1,0.18,Merchant,Jewelry,Android,Yes,fraud
388.23,18,2003,4,0,1.92,P2P,Electronics,Android,No,suspicious
1319.59,1,4170,0,0,1.33,P2P,Fuel,Android,No,suspicious
2933.16,18,1916,3,1,0.29,P2P,Jewelry,Android,No,fraud
639.4,4,2408,2,1,2.59,Merchant,Jewelry,iOS,No,fraud
1068.75,17,2992,3,1,7.2,Merchant,Fuel,Android,Yes,fraud
696.58,17,536,5,1,3.7,P2P,Electronics,iOS,No,fraud
2362.91,14,334,7,0,0.19,P2P,Travel,Android,Yes,fraud
2360.45,12,4069,2,0,3.11,P2P,Fuel,Android,No,suspicious
923.58,22,2851,0,0,3.43,Merchant,Travel,Android,No,safe
693.86,10,4151,2,1,4.57,P2P,Jewelry,Android,Yes,fraud
2279.97,15,2456,0,1,4.96,P2P,Groceries,iOS,Yes,fraud
4274.0,19,1363,2,1,4.95,BillPay,Travel,iOS,Yes,fraud
827.1,2,1442,1,0,2.92,P2P,Fuel,Android,No,suspicious
658.2,22,3034,4,0,12.34,P2P,Jewelry,Android,Yes,suspicious
1123.29,14,1181,3,0,1.3,P2P,Jewelry,Unknown,No,fraud
193.32,9,588,3,0,4.6,P2P,Travel,iOS,Yes,suspicious
3722.16,22,2515,4,0,4.85,Merchant,Fuel,Android,Yes,suspicious
625.92,15,1933,1,1,0.49,P2P,Travel,Android,Yes,suspicious
5322.64,4,270,3,1,9.09,P2P,Fuel,Android,No,fraud
1458.78,12,3922,2,0,12.11,Merchant,Jewelry,Android,Yes,suspicious
2757.97,13,4541,3,1,2.52,P2P,Electronics,Android,Yes,fraud
347.71,1,2571,2,0,12.6,P2P,Electronics,Android,No,suspicious
130.28,13,714,4,4,2.0,P2P,Jewelry,Unknown,Yes,fraud
994.69,14,2130,0,1,3.63,P2P,Travel,iOS,No,suspicious
2987.28,10,4377,6,0,7.19,Merchant,Groceries,iOS,No,suspicious
174.47,23,4045,2,0,5.71,Merchant,Groceries,Android,No,safe
733.42,4,2769,1,0,11.88,Merchant,Fuel,Android,Yes,suspicious
3025.89,16,1294,6,1,1.0,Merchant,Travel,iOS,No,fraud
3116.02,21,1630,2,0,4.82,P2P,Travel,Android,No,suspicious
824.99,4,35,3,0,1.75,BillPay,Electronics,Android,Yes,fraud
470.72,0,2564,3,0,8.63,BillPay,Electronics,iOS,No,suspicious
4290.19,5,1058,4,0,7.53,Merchant,Groceries,Android,No,suspicious
550.41,8,3986,5,0,0.15,Merchant,Jewelry,Android,No,suspicious
973.95,15,2616,4,0,1.4,Merchant,Groceries,Android,Yes,suspicious
3240.0,2,1754,1,0,6.64,P2P,Groceries,Android,Yes,suspicious
1205.39,17,1895,2,1,6.55,P2P,Travel,Android,No,suspicious
3096.57,18,3937,2,0,2.01,P2P,Jewelry,Android,Yes,fraud
878.07,20,999,1,2,4.18,P2P,Electronics,Android,No,fraud
3247.55,14,3765,1,0,4.32,P2P,Travel,Android,Yes,suspicious
639.55,8,2412,5,0,5.81,P2P,Fuel,Android,Yes,suspicious
870.58,8,3481,4,0,8.58,P2P,Fuel,Android,Yes,suspicious
2723.54,22,3666,2,0,5.72,P2P,Electronics,Android,No,suspicious
2961.76,19,4307,4,0,13.16,P2P,Jewelry,Android,No,suspicious
1945.32,12,3613,8,0,1.36,P2P,Groceries,Android,No,suspicious
894.28,9,1438,1,0,2.16,Merchant,Electronics,Android,Yes,suspicious
4222.33,4,3723,0,1,4.64,P2P,Travel,Android,No,fraud
10473.96,8,1616,4,0,4.37,Merchant,Fuel,Unknown,No,fraud
241.46,13,4116,4,0,6.26,BillPay,Fuel,iOS,No,safe
1603.72,10,2378,3,0,9.14,BillPay,Groceries,Android,No,suspicious
4171.61,23,461,4,0,7.14,BillPay,Jewelry,iOS,No,suspicious
5672.98,4,1580,3,1,1.53,P2P,Fuel,Unknown,No,fraud
476.11,5,706,2,0,4.65,P2P,Groceries,Android,No,safe
3920.56,20,27,5,2,4.65,P2P,Jewelry,Android,No,fraud
1312.2,8,3085,4,0,4.22,Merchant,Groceries,Android,No,suspicious
802.04,0,1780,2,0,2.33,Merchant,Fuel,iOS,No,suspicious
2704.03,14,4533,4,0,3.36,P2P,Electronics,Android,No,suspicious
1737.3,20,4646,5,1,2.9,P2P,Jewelry,iOS,Yes,fraud
1856.37,13,2569,3,0,0.41,P2P,Groceries,iOS,No,suspicious
7295.63,19,86,2,1,0.11,Merchant,Fuel,iOS,No,fraud
87.4,14,985,4,0,2.31,Merchant,Jewelry,Android,No,suspicious
1281.57,20,1915,5,3,19.4,Merchant,Jewelry,Android,No,fraud
7414.22,14,1938,5,0,2.49,P2P,Jewelry,Android,Yes,fraud
12212.37,11,940,4,1,5.26,P2P,Travel,Android,No,fraud
3248.21,22,2702,4,1,1.67,P2P,Jewelry,Android,No,fraud
11143.44,15,3843,4,0,5.43,P2P,Groceries,Unknown,No,fraud
3911.03,19,1264,1,0,6.01,P2P,Travel,Android,No,suspicious
1411.86,1,651,2,1,14.16,P2P,Jewelry,Android,No,fraud
3512.96,13,1891,4,3,1.29,P2P,Fuel,Android,No,fraud
1148.42,22,1466,1,1,4.41,Merchant,Fuel,Android,No,suspicious
7717.5,11,3488,4,1,2.72,Merchant,Fuel,iOS,No,fraud
4267.64,16,2269,1,0,5.84,P2P,Travel,Android,No,suspicious
868.5,14,933,3,0,5.57,P2P,Jewelry,iOS,No,suspicious
679.61,22,2310,2,0,9.45,P2P,Fuel,Android,Yes,suspicious
3066.66,1,3089,2,0,9.34,P2P,Groceries,Unknown,No,fraud
5789.82,7,212,1,1,3.41,P2P,Electronics,Android,No,fraud
1620.25,17,2479,3,0,4.91,Merchant,Jewelry,Android,Yes,fraud
4728.54,6,3501,1,1,3.55,P2P,Electronics,iOS,No,fraud
1026.87,5,984,4,0,13.94,P2P,Fuel,iOS,No,suspicious
620.33,3,905,1,1,2.55,Merchant,Groceries,iOS,No,suspicious
610.06,2,1840,5,0,7.66,P2P,Travel,iOS,No,suspicious
3524.29,3,3583,6,2,1.21,Merchant,Travel,Android,Yes,fraud
5427.86,7,3487,1,1,7.24,P2P,Groceries,Android,No,suspicious
1317.62,20,650,1,0,0.1,Merchant,Groceries,iOS,No,safe
8316.19,15,98,7,1,1.39,Merchant,Groceries,Android,No,fraud
2872.34,4,3986,3,0,0.63,P2P,Electronics,iOS,No,fraud
2033.92,4,31,4,0,1.62,P2P,Electronics,Android,No,fraud
943.59,4,4571,2,1,8.68,P2P,Travel,Unknown,No,fraud
1997.82,14,2832,3,0,1.32,P2P,Electronics,iOS,No,suspicious
4454.33,22,3630,3,0,5.01,Merchant,Fuel,Android,No,suspicious
1982.06,16,2593,4,0,0.15,P2P,Fuel,iOS,No,suspicious
1315.53,15,1815,2,0,5.08,Merchant,Groceries,Android,No,suspicious
716.48,23,273,5,1,11.89,P2P,Travel,Unknown,No,fraud
6156.58,1,3083,0,0,0.02,P2P,Electronics,Android,No,suspicious
4002.39,20,2365,2,0,4.88,Merchant,Electronics,iOS,No,suspicious
1536.26,13,4669,1,0,0.4,BillPay,Travel,iOS,Yes,suspicious
8766.34,5,26,5,0,0.23,P2P,Fuel,Android,No,fraud
1939.09,23,3732,4,0,1.34,BillPay,Fuel,iOS,No,suspicious
481.97,2,3076,1,0,14.05,P2P,Jewelry,Android,No,suspicious
7341.76,21,484,1,1,2.65,P2P,Travel,iOS,No,suspicious
3671.51,1,1069,3,0,0.24,P2P,Fuel,Android,No,suspicious
1382.79,12,2574,0,0,2.32,P2P,Groceries,Android,Yes,suspicious
2129.74,23,1511,3,1,1.23,Merchant,Groceries,Android,Yes,fraud
306.6,3,3506,3,0,1.1,P2P,Jewelry,Android,No,suspicious
3408.24,4,1111,1,0,0.76,Merchant,Fuel,Unknown,No,fraud
690.08,16,2201,4,1,4.73,Merchant,Electronics,Android,No,fraud
6305.23,15,615,2,1,3.05,P2P,Groceries,Unknown,Yes,fraud
1475.54,0,1059,4,1,0.57,Merchant,Electronics,Android,No,fraud
9205.38,8,675,6,0,1.58,BillPay,Jewelry,Android,Yes,fraud
3480.6,10,1817,2,0,4.03,P2P,Fuel,Android,No,suspicious
4206.5,7,409,1,1,1.18,P2P,Electronics,Android,No,fraud
1744.6,22,1899,3,0,6.97,Merchant,Fuel,Android,Yes,suspicious
2894.08,19,479,1,1,8.93,P2P,Fuel,Android,Yes,fraud
302.69,0,1644,7,0,1.69,P2P,Fuel,Android,No,suspicious
10733.84,20,4511,3,1,6.27,BillPay,Travel,Android,No,fraud
1536.72,12,4644,5,0,1.97,P2P,Electronics,Android,Yes,fraud
240.48,17,1453,3,0,3.88,P2P,Fuel,Android,No,safe
1306.55,11,3807,4,1,6.65,Merchant,Groceries,Android,Yes,fraud
2485.44,14,2757,4,0,0.73,P2P,Fuel,iOS,Yes,suspicious
2615.65,17,2806,0,0,1.51,P2P,Jewelry,Android,No,suspicious
3479.81,14,783,2,0,1.87,Merchant,Fuel,Android,No,suspicious
1543.87,14,4068,4,1,2.28,Merchant,Fuel,Android,Yes,fraud
14950.96,0,204,2,0,1.55,BillPay,Groceries,iOS,No,suspicious
1128.02,8,3514,3,0,0.79,P2P,Jewelry,Android,No,suspicious
1424.99,2,1248,3,0,3.61,Merchant,Electronics,Android,No,suspicious
4676.57,0,2289,0,0,2.3,BillPay,Electronics,Android,No,suspicious
1057.31,22,3823,3,1,1.86,P2P,Jewelry,Android,No,fraud
1172.08,19,1842,1,0,2.92,P2P,Groceries,Android,Yes,suspicious
873.89,14,1875,2,1,1.37,Merchant,Fuel,Android,Yes,fraud
4366.71,21,1779,3,0,2.25,P2P,Travel,Android,No,suspicious
9861.18,9,3670,2,0,5.54,Merchant,Fuel,iOS,No,suspicious
1255.06,12,650,4,0,5.72,P2P,Travel,Android,No,suspicious
1212.96,15,3341,2,0,0.62,P2P,Travel,iOS,No,safe
459.44,6,246,3,0,3.25,P2P,Electronics,iOS,No,suspicious
1001.09,18,2299,7,1,7.9,P2P,Groceries,Android,Yes,fraud
1060.62,10,4594,4,1,2.99,P2P,Jewelry,iOS,No,fraud
5542.95,17,1438,2,0,26.01,P2P,Travel,Unknown,No,suspicious
3666.98,22,2277,3,1,5.19,P2P,Jewelry,Android,Yes,fraud
735.14,22,1002,5,1,11.59,P2P,Groceries,Android,Yes,fraud
11695.0,18,4342,6,0,3.16,Merchant,Electronics,Android,No,fraud
502.97,1,3622,2,0,2.96,BillPay,Fuel,Android,Yes,suspicious
1241.54,18,514,3,0,8.18,P2P,Travel,Android,Yes,suspicious
133.41,18,1605,2,1,3.68,P2P,Electronics,Android,No,suspicious
1264.84,5,2877,1,1,3.48,Merchant,Electronics,Android,No,fraud
3345.91,9,1064,2,0,5.78,P2P,Travel,iOS,Yes,suspicious
7487.62,9,1886,1,0,4.7,P2P,Jewelry,Android,Yes,fraud
1299.32,8,4848,5,0,5.26,BillPay,Fuel,Android,Yes,suspicious
207.46,3,2964,4,1,14.03,Merchant,Travel,Android,Yes,fraud
1115.9,9,981,1,0,2.77,P2P,Travel,Android,No,safe
2817.15,5,1196,2,0,1.33,P2P,Electronics,Android,No,suspicious
4236.32,12,913,7,0,5.63,P2P,Travel,Android,No,suspicious
1545.67,14,1,3,0,1.28,BillPay,Travel,iOS,No,suspicious
873.29,1,344,3,0,2.32,BillPay,Travel,Android,No,suspicious
264.87,9,2307,3,1,0.74,P2P,Fuel,Android,Yes,fraud
105.73,16,579,2,1,8.26,Merchant,Electronics,Android,No,suspicious
451.42,8,1149,4,0,5.16,P2P,Travel,Android,No,suspicious
2631.82,10,4251,2,2,0.42,P2P,Electronics,Android,No,fraud
3689.35,7,4384,5,1,9.37,P2P,Jewelry,Android,No,fraud
871.95,23,3657,3,0,0.91,BillPay,Jewelry,Android,Yes,suspicious
773.28,15,137,1,0,0.32,BillPay,Groceries,Android,Yes,suspicious
1004.65,6,78,3,1,0.82,P2P,Travel,iOS,Yes,fraud
4923.32,5,1177,2,0,0.3,P2P,Jewelry,iOS,No,suspicious
521.47,19,2386,6,0,0.7,P2P,Electronics,Android,No,suspicious
854.04,6,3995,1,0,1.01,BillPay,Fuel,Android,No,safe
400.58,0,1576,2,0,2.12,P2P,Fuel,Android,No,suspicious
7134.31,20,4615,2,0,1.02,Merchant,Electronics,Android,No,suspicious
2894.26,23,3857,4,0,13.69,BillPay,Groceries,Android,No,suspicious
2399.44,11,1583,4,0,1.76,P2P,Electronics,iOS,No,suspicious
708.21,8,268,2,1,7.31,BillPay,Jewelry,Android,No,fraud
3763.78,14,1620,5,0,3.29,Merchant,Electronics,Android,Yes,fraud
1973.97,14,541,3,1,5.22,Merchant,Jewelry,Android,No,fraud
748.0,5,4700,5,0,4.12,BillPay,Groceries,Android,No,suspicious
1139.42,12,1499,1,1,10.18,P2P,Electronics,Android,Yes,fraud
18262.69,2,1742,5,1,6.68,P2P,Groceries,Android,No,fraud
1127.41,8,509,5,1,0.49,P2P,Fuel,iOS,No,fraud
3900.26,22,2539,1,0,0.12,BillPay,Fuel,iOS,No,suspicious
8644.18,13,3052,2,0,1.45,P2P,Jewelry,Android,No,suspicious
6758.33,22,3043,2,0,10.01,P2P,Jewelry,Android,No,suspicious
613.19,4,59,3,1,12.33,BillPay,Groceries,Android,Yes,fraud
3798.26,13,2189,1,0,0.5,Merchant,Jewelry,Android,Yes,suspicious
1182.24,7,684,6,1,10.08,P2P,Fuel,Android,Yes,fraud
13030.72,4,4461,2,0,1.53,P2P,Electronics,Android,Yes,fraud
3051.36,23,4462,2,1,6.84,Merchant,Groceries,Android,No,suspicious
1012.83,6,2269,3,1,4.06,P2P,Jewelry,Android,No,fraud
1647.77,9,2976,4,0,1.93,P2P,Groceries,Android,No,suspicious
5580.51,10,209,4,0,0.12,Merchant,Groceries,Android,Yes,suspicious
1473.73,21,4299,5,0,17.54,P2P,Electronics,Android,No,suspicious
1632.33,18,4123,3,0,3.25,BillPay,Travel,Android,No,suspicious
242.41,19,3992,3,0,4.06,P2P,Electronics,Unknown,Yes,fraud
1065.45,16,4600,5,1,2.89,BillPay,Jewelry,Android,No,fraud
1164.99,12,2203,5,0,8.61,Merchant,Electronics,iOS,No,suspicious
1850.9,0,2589,4,1,0.01,P2P,Fuel,Android,No,fraud
2908.99,21,2918,2,0,5.31,P2P,Groceries,iOS,Yes,suspicious
784.05,22,3051,2,0,2.49,BillPay,Jewelry,Android,No,suspicious
977.71,9,1224,2,1,1.16,Merchant,Travel,Android,No,suspicious
1334.52,14,2226,2,0,11.88,Merchant,Groceries,iOS,No,suspicious
1990.48,20,457,3,1,9.09,P2P,Fuel,Android,No,suspicious
3971.45,16,2501,3,1,5.38,P2P,Jewelry,Android,No,fraud
2099.49,14,2287,0,0,0.19,Merchant,Jewelry,Android,No,suspicious
1734.04,12,571,4,0,1.46,P2P,Fuel,iOS,No,suspicious
142.49,14,1190,10,0,1.5,Merchant,Travel,iOS,No,suspicious
2192.32,13,3857,4,0,0.42,BillPay,Travel,Android,Yes,suspicious
12377.14,3,3269,3,1,0.16,Merchant,Groceries,Android,No,fraud
4785.82,13,1543,1,0,1.8,Merchant,Groceries,Android,Yes,suspicious
2678.43,6,173,5,0,8.49,Merchant,Groceries,Android,No,suspicious
892.76,23,612,3,0,2.5,P2P,Electronics,Android,No,suspicious
400.89,6,3311,3,1,3.69,P2P,Jewelry,iOS,No,fraud
1134.17,10,3312,7,0,11.72,P2P,Groceries,iOS,No,suspicious
1989.03,21,2095,3,1,3.64,P2P,Electronics,Android,Yes,fraud
697.69,22,3352,1,0,9.35,P2P,Electronics,Android,Yes,suspicious
1266.05,2,1746,1,0,3.43,P2P,Jewelry,Android,Yes,fraud
4102.0,10,861,2,0,6.53,Merchant,Electronics,Android,No,suspicious
3739.99,9,4559,3,2,8.22,Merchant,Electronics,Android,No,fraud
794.45,11,4095,4,0,1.9,P2P,Travel,Android,No,suspicious
558.55,22,3203,2,0,0.65,P2P,Travel,iOS,No,safe
702.02,2,2603,6,1,34.61,P2P,Jewelry,iOS,No,fraud
1771.53,19,4015,3,0,6.58,P2P,Groceries,iOS,No,suspicious
3579.13,6,1012,5,1,9.71,P2P,Groceries,Android,No,fraud
3070.6,7,2480,1,0,0.17,BillPay,Jewelry,Android,Yes,suspicious
7001.22,5,4944,3,0,0.82,Merchant,Travel,iOS,Yes,suspicious
4908.76,0,1146,1,0,2.79,P2P,Travel,Android,No,suspicious
2431.75,20,3975,3,0,3.2,Merchant,Travel,Android,No,suspicious
2325.01,1,2406,4,0,0.02,P2P,Groceries,Android,No,suspicious
15927.87,19,3971,1,1,0.74,P2P,Jewelry,iOS,No,fraud
3940.11,9,389,3,0,1.58,Merchant,Electronics,Android,No,suspicious
699.35,14,142,7,0,0.89,P2P,Fuel,Android,Yes,suspicious
5438.26,3,1503,3,0,1.79,Merchant,Electronics,iOS,No,fraud
418.17,9,292,5,0,1.23,Merchant,Electronics,Android,No,suspicious
586.48,5,2265,2,0,0.84,P2P,Fuel,Android,No,safe
12607.78,9,1673,3,0,4.15,P2P,Groceries,iOS,No,suspicious
2429.34,8,1762,2,1,1.26,Merchant,Fuel,Android,No,suspicious
1513.5,22,243,4,0,0.71,BillPay,Electronics,Android,No,suspicious
1161.1,7,1648,4,0,5.48,P2P,Fuel,Unknown,No,suspicious
653.6,10,1893,2,1,2.17,P2P,Fuel,iOS,No,suspicious
1335.95,4,1703,1,0,2.04,BillPay,Fuel,Android,No,suspicious
1348.73,6,4340,4,1,8.33,P2P,Fuel,Android,Yes,fraud
1767.97,2,1023,7,0,7.11,P2P,Travel,iOS,Yes,fraud
344.94,0,3135,2,0,16.19,Merchant,Electronics,Android,No,suspicious
498.9,13,90,3,0,2.41,P2P,Electronics,Android,No,suspicious
2325.43,15,3080,1,1,4.3,P2P,Travel,Android,No,suspicious
2735.48,18,3919,6,1,4.45,P2P,Jewelry,Android,Yes,fraud
2621.61,7,3474,3,1,2.38,P2P,Jewelry,iOS,No,fraud
3723.24,21,4949,2,0,5.13,P2P,Travel,iOS,No,suspicious
818.59,18,1239,5,1,1.83,Merchant,Groceries,Android,Yes,fraud
1229.05,12,2424,1,0,0.84,P2P,Electronics,Android,No,suspicious
2464.35,19,368,1,1,6.17,Merchant,Travel,Android,No,suspicious
4370.72,6,3999,0,1,1.04,P2P,Electronics,Android,No,fraud
2256.74,16,1357,4,0,6.27,P2P,Electronics,Android,Yes,fraud
1202.58,5,1335,2,1,12.78,P2P,Electronics,Android,No,fraud
2566.13,2,3335,4,0,2.62,P2P,Travel,iOS,No,suspicious
985.41,15,2997,2,0,1.03,P2P,Groceries,Android,No,safe
951.68,11,2613,5,1,11.07,P2P,Groceries,Android,No,fraud
2486.21,13,2955,2,2,8.51,P2P,Fuel,iOS,No,fraud
1171.36,0,2938,1,0,6.46,Merchant,Fuel,Android,Yes,suspicious
516.42,17,4276,3,0,0.42,Merchant,Travel,Android,No,safe
1103.25,0,3251,4,0,4.98,Merchant,Fuel,Unknown,Yes,fraud
1519.37,1,4996,3,1,1.17,Merchant,Fuel,Android,Yes,fraud
403.71,22,3155,2,1,4.79,P2P,Electronics,Android,Yes,fraud
9989.67,10,2177,0,0,3.65,P2P,Travel,Android,Yes,suspicious
2700.33,1,2497,2,0,10.89,P2P,Fuel,Android,No,suspicious
366.96,16,1972,2,0,8.18,P2P,Groceries,Android,No,safe
2226.11,13,876,1,0,2.03,P2P,Jewelry,iOS,No,suspicious
6018.48,14,4086,3,0,4.6,P2P,Jewelry,Android,No,suspicious
2685.89,0,1508,1,0,0.05,P2P,Jewelry,Android,No,suspicious
1455.1,12,3227,3,0,2.3,P2P,Jewelry,Android,No,suspicious
1214.21,13,1611,5,3,11.33,Merchant,Electronics,Android,No,fraud
470.73,22,663,5,0,4.04,P2P,Electronics,Android,No,suspicious
2216.8,21,165,4,0,2.72,P2P,Jewelry,Android,Yes,fraud
1166.92,23,1813,1,0,7.33,BillPay,Travel,Android,No,safe
7502.79,20,4617,1,0,0.25,BillPay,Jewelry,Unknown,Yes,fraud
1416.45,10,3955,4,0,0.33,P2P,Travel,Unknown,No,suspicious
344.96,16,1409,4,1,12.59,P2P,Jewelry,iOS,Yes,fraud
1445.35,21,2452,5,0,1.32,P2P,Travel,Android,No,suspicious
552.18,15,1236,3,0,1.14,BillPay,Fuel,Android,No,safe
428.17,13,601,4,1,1.98,P2P,Fuel,iOS,Yes,fraud
359.53,1,2275,3,0,1.95,Merchant,Groceries,Android,No,suspicious
283.62,2,4107,2,1,3.68,P2P,Jewelry,Android,No,fraud
3964.98,1,4612,5,0,0.08,BillPay,Travel,Android,No,suspicious
2310.95,12,1113,1,0,1.44,Merchant,Travel,Android,No,safe
1255.71,2,4431,1,1,1.84,P2P,Travel,iOS,No,suspicious
838.44,1,4475,7,1,5.13,P2P,Jewelry,Android,No,fraud
1063.77,5,2898,4,0,2.82,Merchant,Electronics,Unknown,No,fraud
403.69,21,3736,1,0,3.94,P2P,Electronics,iOS,Yes,suspicious
2588.91,16,4841,4,0,5.44,P2P,Groceries,Android,No,suspicious
302.47,17,1847,2,1,6.01,Merchant,Travel,Android,No,suspicious
2262.76,5,193,4,0,1.67,Merchant,Groceries,Android,Yes,suspicious
865.37,17,4784,1,0,0.81,P2P,Travel,Android,No,safe
2425.69,8,3638,2,0,7.24,P2P,Electronics,iOS,No,suspicious
1795.39,16,3773,2,0,8.97,Merchant,Jewelry,Android,Yes,suspicious
2020.87,18,353,4,1,11.6,Merchant,Groceries,Android,No,fraud
1060.11,12,2990,4,0,4.86,P2P,Jewelry,Android,No,suspicious
5535.69,6,675,4,0,0.68,P2P,Travel,Unknown,Yes,fraud
3475.24,1,358,1,0,3.77,Merchant,Fuel,iOS,No,suspicious
7256.11,3,3358,3,0,0.59,BillPay,Jewelry,iOS,No,fraud
751.21,21,2857,3,0,0.8,P2P,Travel,Android,No,suspicious
577.07,6,2234,2,0,3.65,Merchant,Jewelry,Android,No,suspicious
955.61,4,4684,5,0,5.8,P2P,Travel,iOS,No,suspicious
340.06,6,141,2,0,5.08,P2P,Electronics,Android,No,suspicious
3292.7,4,3834,4,0,0.43,P2P,Groceries,Android,Yes,fraud
8640.3,19,1236,2,2,6.18,P2P,Travel,Unknown,No,fraud
3260.73,8,3460,3,0,10.58,P2P,Groceries,Android,Yes,suspicious
6480.13,21,1868,3,2,15.61,P2P,Groceries,iOS,No,fraud
2808.17,1,2145,2,0,20.21,Merchant,Groceries,Android,No,suspicious
5092.99,19,4210,1,0,0.82,P2P,Fuel,Android,No,suspicious
3529.92,23,4072,3,1,11.34,P2P,Jewelry,iOS,No,fraud
345.19,6,2779,5,0,4.65,Merchant,Electronics,iOS,Yes,suspicious
5772.44,10,2354,2,1,2.4,P2P,Fuel,Android,No,fraud
2404.19,18,3246,7,1,7.53,Merchant,Travel,iOS,No,fraud
2827.42,7,1570,7,0,5.19,Merchant,Fuel,iOS,Yes,fraud
3576.46,23,2822,2,1,0.12,P2P,Groceries,Android,No,suspicious
468.2,11,931,3,0,36.55,P2P,Electronics,Android,No,suspicious
452.21,17,1326,4,0,0.88,P2P,Jewelry,iOS,Yes,suspicious
3698.77,21,1684,2,1,2.19,P2P,Fuel,Android,Yes,fraud
1539.06,1,4140,2,1,4.47,Merchant,Fuel,Android,Yes,fraud
13241.28,13,461,3,0,0.96,Merchant,Electronics,iOS,No,suspicious
1817.61,8,2710,6,1,3.88,P2P,Travel,Android,Yes,fraud
4086.28,17,2535,2,1,2.51,P2P,Jewelry,Android,No,fraud
535.29,7,3974,3,2,3.77,P2P,Electronics,Android,Yes,fraud
3302.82,5,3576,3,1,0.86,BillPay,Fuel,Android,No,fraud
8058.18,20,2708,1,0,3.17,P2P,Fuel,Unknown,No,suspicious
570.54,17,3499,4,0,1.48,Merchant,Travel,Android,Yes,suspicious
3852.2,4,2722,1,0,9.57,P2P,Jewelry,iOS,Yes,fraud
1378.16,18,297,2,0,0.3,Merchant,Travel,iOS,No,suspicious
1480.07,7,4352,5,1,3.58,P2P,Fuel,Android,No,fraud
1032.45,17,2235,1,0,0.28,P2P,Electronics,Android,No,suspicious
2399.87,9,1542,2,0,0.46,P2P,Electronics,Unknown,No,fraud
2262.8,18,4653,4,0,0.26,P2P,Electronics,Android,No,suspicious
540.17,21,2431,2,2,1.84,BillPay,Groceries,Android,Yes,fraud
5038.06,16,3079,3,0,5.16,Merchant,Groceries,iOS,No,suspicious
2660.28,11,1548,2,0,0.73,Merchant,Electronics,Android,No,suspicious
1754.26,17,2665,8,0,12.56,P2P,Groceries,Android,No,suspicious
3116.66,16,2978,1,1,10.63,BillPay,Jewelry,Android,No,fraud
192.21,16,4710,6,0,0.75,P2P,Electronics,Android,No,suspicious
7280.48,19,1998,3,0,4.19,BillPay,Travel,Android,No,suspicious
944.68,4,4154,5,0,6.14,P2P,Electronics,Android,Yes,fraud
493.76,14,1090,4,0,8.55,P2P,Jewelry,Android,Yes,suspicious
3715.04,5,1951,2,0,3.17,P2P,Electronics,Android,Yes,fraud
468.16,21,3368,1,0,0.27,BillPay,Travel,Android,No,safe
1200.5,11,952,4,0,0.56,P2P,Groceries,Android,Yes,suspicious
596.79,22,4561,4,0,0.64,P2P,Jewelry,iOS,No,suspicious
2342.69,10,4654,2,1,4.58,BillPay,Groceries,Android,Yes,fraud
408.08,7,3147,2,0,6.39,P2P,Travel,iOS,No,safe
753.25,2,230,3,0,5.14,P2P,Jewelry,Android,No,suspicious
294.97,14,1122,1,0,4.38,P2P,Groceries,Android,Yes,suspicious
1104.24,9,2837,1,0,8.38,P2P,Travel,Android,No,safe
131.52,14,28,5,1,4.75,P2P,Electronics,Android,No,fraud
1806.8,0,1549,5,0,4.84,P2P,Groceries,Android,No,suspicious
4384.06,17,3448,3,0,2.36,P2P,Electronics,Android,No,suspicious
4263.87,7,2066,1,0,1.06,P2P,Electronics,Android,No,suspicious
1145.19,0,3013,5,0,3.67,Merchant,Groceries,Android,No,suspicious
2019.63,8,3533,2,1,0.81,Merchant,Jewelry,Android,No,fraud
2966.18,7,3691,2,0,2.92,Merchant,Jewelry,Android,No,suspicious
570.3,19,4996,4,1,0.39,P2P,Electronics,Android,No,fraud
881.68,1,3289,3,0,0.22,Merchant,Groceries,Android,No,suspicious
1110.21,20,1587,3,1,5.76,Merchant,Groceries,Android,No,suspicious
1609.66,9,4431,1,0,1.95,P2P,Electronics,Android,No,suspicious
5467.13,5,3737,2,0,1.66,BillPay,Groceries,iOS,Yes,suspicious
3345.53,23,2514,6,0,4.11,P2P,Travel,Android,No,suspicious
1626.27,8,2411,3,0,8.83,P2P,Electronics,iOS,Yes,fraud
1916.11,8,576,6,1,3.08,Merchant,Groceries,Android,No,fraud
1005.05,17,1851,8,0,7.0,BillPay,Jewelry,Android,No,fraud
6905.8,5,873,3,0,4.06,P2P,Jewelry,Android,No,suspicious
508.43,6,3136,3,0,7.72,P2P,Groceries,Android,Yes,suspicious
1847.26,13,649,3,0,1.03,P2P,Jewelry,Android,No,suspicious
1336.5,8,1871,2,1,2.16,P2P,Travel,Android,No,suspicious
3857.06,20,1552,3,1,2.44,Merchant,Electronics,Android,No,fraud
2981.59,20,694,5,0,2.44,Merchant,Fuel,iOS,No,suspicious
770.15,17,4869,1,1,6.9,Merchant,Travel,Android,Yes,suspicious
851.38,0,3439,3,0,0.41,BillPay,Jewelry,Android,Yes,fraud
440.11,19,3323,2,0,4.12,Merchant,Fuel,iOS,No,safe
1270.77,3,1755,3,1,0.21,Merchant,Fuel,iOS,No,fraud
3673.57,19,3490,4,0,4.46,P2P,Travel,Android,Yes,suspicious
3478.27,0,2341,4,0,1.53,P2P,Groceries,Android,Yes,fraud
5259.24,2,45,2,0,3.42,Merchant,Electronics,Android,No,fraud
1344.17,13,2389,0,0,17.87,Merchant,Electronics,iOS,Yes,suspicious
1713.13,7,318,4,1,0.32,Merchant,Travel,Unknown,No,fraud
1513.47,9,553,5,0,1.07,P2P,Jewelry,Android,No,suspicious
2307.2,14,1207,1,0,0.21,P2P,Fuel,Android,Yes,suspicious
14256.99,18,999,7,1,0.38,P2P,Fuel,Android,No,fraud
425.28,16,4190,5,1,0.67,Merchant,Groceries,Android,Yes,fraud
1474.67,12,2969,1,1,3.36,Merchant,Electronics,Android,No,fraud
2642.88,13,1447,4,1,1.86,P2P,Fuel,Android,No,fraud
800.07,13,199,4,1,1.2,P2P,Groceries,Android,No,suspicious
3753.7,18,198,5,0,5.0,Merchant,Jewelry,Android,Yes,fraud
2172.75,10,3218,1,1,1.44,Merchant,Travel,Android,Yes,fraud
369.5,9,4579,3,0,6.7,P2P,Jewelry,iOS,Yes,suspicious
1609.34,4,1233,6,0,2.7,BillPay,Travel,Android,No,suspicious
1240.57,21,446,2,1,3.84,Merchant,Jewelry,Android,No,fraud
183.11,3,922,7,1,0.77,P2P,Electronics,iOS,No,fraud
837.92,7,1905,1,0,2.15,P2P,Groceries,iOS,No,safe
178.25,11,3965,2,0,0.34,P2P,Fuel,Android,No,safe
925.79,8,2746,5,1,6.35,Merchant,Fuel,Android,No,fraud
1070.88,21,3861,1,0,6.88,Merchant,Electronics,iOS,No,suspicious
4429.53,0,3542,1,1,20.84,Merchant,Fuel,iOS,No,fraud
2830.81,14,3771,5,1,14.73,BillPay,Electronics,iOS,No,fraud
1430.56,22,3121,2,0,3.33,BillPay,Electronics,Android,No,suspicious
6469.64,13,736,2,0,1.93,Merchant,Fuel,Android,No,suspicious
968.24,6,2705,2,1,1.39,P2P,Jewelry,Android,Yes,fraud
3189.27,16,3679,6,1,16.77,Merchant,Electronics,iOS,No,fraud
6243.69,6,3961,5,2,9.05,P2P,Jewelry,Android,Yes,fraud
802.58,13,18,5,0,1.95,P2P,Fuel,Android,No,suspicious
1618.3,5,3177,2,0,1.33,P2P,Electronics,Android,No,suspicious
3064.62,23,3252,0,0,4.47,P2P,Electronics,iOS,No,suspicious
1104.28,10,4399,3,1,2.28,P2P,Jewelry,Android,No,fraud
2349.4,0,742,4,0,1.66,P2P,Electronics,iOS,No,fraud
8018.63,22,1551,2,0,4.28,Merchant,Jewelry,Unknown,Yes,fraud
4962.67,16,1642,2,0,0.01,Merchant,Electronics,Android,No,suspicious
1887.58,13,99,1,0,3.23,P2P,Jewelry,iOS,No,suspicious
4439.15,14,4592,2,1,3.28,P2P,Electronics,Android,No,fraud
2532.92,5,2059,3,1,4.0,P2P,Fuel,Android,Yes,fraud
6744.02,13,4407,2,0,5.68,P2P,Fuel,Android,Yes,suspicious
494.45,6,3535,5,0,6.63,BillPay,Travel,Android,No,suspicious
4100.71,4,2854,1,0,3.37,Merchant,Electronics,iOS,Yes,fraud
9972.72,13,3601,1,0,3.8,P2P,Groceries,Unknown,Yes,fraud
5407.44,16,708,5,0,0.93,P2P,Fuel,Android,No,suspicious
1865.09,23,4865,2,1,0.23,P2P,Travel,Android,No,suspicious
768.32,23,3788,5,0,5.49,P2P,Jewelry,Android,No,suspicious
8223.73,12,4192,4,0,0.82,P2P,Groceries,Android,Yes,suspicious
3726.71,20,2640,2,0,0.71,P2P,Electronics,Android,No,suspicious
2704.8,20,4355,3,0,10.54,P2P,Electronics,Android,No,suspicious
848.87,12,642,2,0,0.62,P2P,Travel,Android,No,safe
649.33,13,2553,6,0,10.03,P2P,Travel,Android,No,suspicious
372.71,11,496,6,0,8.61,P2P,Jewelry,iOS,No,suspicious
321.33,8,2064,2,0,5.1,P2P,Fuel,Android,Yes,suspicious
329.65,16,180,4,0,8.53,P2P,Fuel,iOS,No,suspicious
722.75,17,3803,3,0,1.36,P2P,Electronics,Android,Yes,suspicious
6561.83,18,1699,2,0,8.6,P2P,Jewelry,Android,No,suspicious
374.46,11,3712,6,2,6.43,P2P,Travel,iOS,No,fraud
1514.07,14,279,1,1,0.21,Merchant,Travel,Android,Yes,fraud
1199.44,5,4036,2,1,1.98,BillPay,Travel,Android,No,suspicious
969.98,7,4358,3,2,1.08,Merchant,Fuel,iOS,Yes,fraud
1737.03,20,1631,0,0,13.7,P2P,Electronics,Unknown,Yes,fraud
900.57,9,1432,8,0,0.99,P2P,Travel,Android,No,suspicious
2757.67,21,3861,4,1,1.28,Merchant,Electronics,Android,No,fraud
5308.16,12,4535,7,0,0.09,BillPay,Travel,iOS,No,suspicious
838.75,6,4256,2,1,3.54,P2P,Groceries,Android,No,suspicious
1507.91,9,3844,0,0,0.88,P2P,Jewelry,Android,Yes,suspicious
483.34,11,2943,6,1,5.97,P2P,Jewelry,Android,No,fraud
2292.97,16,4037,3,0,9.28,Merchant,Jewelry,Android,No,suspicious
4080.92,4,1662,3,0,7.14,P2P,Groceries,Android,Yes,fraud
1920.95,17,3782,1,1,6.6,Merchant,Electronics,Android,Yes,fraud
1935.3,9,4409,6,1,0.47,P2P,Travel,Android,No,fraud
633.08,1,107,6,1,3.29,P2P,Electronics,Android,No,fraud
1371.78,5,2852,7,1,9.69,P2P,Fuel,Unknown,No,fraud
1039.77,20,4354,4,0,6.68,P2P,Travel,iOS,No,suspicious
619.15,20,2790,5,1,3.75,P2P,Travel,Android,Yes,fraud
2367.62,13,3215,1,1,13.52,Merchant,Electronics,iOS,No,fraud
2688.22,19,3455,1,1,3.56,P2P,Groceries,Android,No,suspicious
1089.11,15,1807,2,0,0.27,P2P,Fuel,Android,No,safe
6953.11,9,3425,4,0,1.54,Merchant,Fuel,iOS,Yes,suspicious
16946.69,13,1611,4,1,0.39,BillPay,Jewelry,Android,No,fraud
497.99,22,582,4,1,0.34,P2P,Fuel,iOS,No,suspicious
2802.58,18,3416,2,1,0.93,BillPay,Groceries,Android,Yes,fraud
2116.19,16,4461,4,0,5.25,P2P,Electronics,Android,No,suspicious
399.73,11,1104,2,0,2.07,Merchant,Travel,Android,Yes,suspicious
823.82,9,2860,0,0,0.8,P2P,Travel,Android,No,safe
5631.5,5,2872,3,0,0.53,Merchant,Fuel,Android,No,suspicious
1406.93,16,737,7,0,9.41,Merchant,Travel,Android,No,suspicious
4568.29,20,4992,4,0,1.66,Merchant,Travel,iOS,No,suspicious
2448.67,9,980,3,0,5.27,Merchant,Fuel,Android,No,suspicious
882.53,17,2094,3,1,1.15,P2P,Fuel,Android,No,suspicious
1531.32,3,969,3,0,0.53,Merchant,Travel,Android,No,suspicious
546.28,4,1773,7,0,3.83,Merchant,Groceries,iOS,No,suspicious
1638.92,5,2588,6,0,2.35,P2P,Groceries,Android,Yes,suspicious
488.24,21,388,0,0,8.59,P2P,Jewelry,Android,No,suspicious
1142.2,7,1358,1,0,1.56,P2P,Travel,Android,No,safe
740.61,18,571,6,1,2.29,P2P,Electronics,Android,No,fraud
1699.35,7,1012,2,0,4.95,Merchant,Travel,iOS,Yes,suspicious
2062.62,5,4022,1,0,5.02,P2P,Jewelry,iOS,No,suspicious
6981.38,21,4387,5,0,1.89,P2P,Jewelry,Android,Yes,fraud
28807.85,5,241,5,0,4.92,Merchant,Fuel,Android,No,suspicious
9968.61,2,4697,1,2,5.25,BillPay,Groceries,iOS,No,fraud
2826.33,12,1343,0,0,1.62,P2P,Jewelry,Android,No,suspicious
1599.69,15,2855,2,1,2.95,P2P,Groceries,Android,No,suspicious
918.53,6,2951,4,0,8.64,P2P,Jewelry,Android,No,suspicious
6879.73,10,4202,3,0,1.31,Merchant,Fuel,Android,Yes,suspicious
4242.93,8,4001,2,0,9.4,P2P,Fuel,Android,Yes,suspicious
286.3,9,4862,0,0,6.85,P2P,Travel,Android,No,safe
3607.46,21,1973,3,0,0.08,P2P,Groceries,iOS,No,suspicious
2536.6,20,3094,3,2,6.42,P2P,Travel,Unknown,No,fraud
1784.15,1,4314,2,2,0.06,BillPay,Jewelry,Android,No,fraud
2339.43,16,2512,1,1,2.87,P2P,Groceries,Android,No,suspicious
898.41,22,658,1,0,10.68,Merchant,Groceries,Android,No,safe
996.37,12,1790,3,0,3.26,BillPay,Jewelry,iOS,No,suspicious
356.52,4,1554,4,0,3.88,P2P,Travel,Android,No,suspicious
5640.08,15,3818,6,0,2.71,Merchant,Groceries,Android,Yes,fraud
15559.64,9,1652,1,1,5.6,P2P,Fuel,Unknown,No,fraud
574.72,10,716,2,1,6.65,P2P,Groceries,Android,Yes,fraud
301.19,7,2945,2,0,2.91,BillPay,Electronics,Android,No,suspicious
771.12,14,2245,1,0,3.31,BillPay,Travel,Android,No,safe
172.53,19,1619,4,0,0.21,BillPay,Electronics,iOS,No,suspicious
5380.46,2,381,2,0,0.35,Merchant,Groceries,iOS,No,suspicious
728.07,20,2471,2,0,16.48,P2P,Jewelry,Android,No,suspicious
248.89,13,921,6,0,5.83,Merchant,Electronics,iOS,No,suspicious
2027.81,9,4900,5,1,2.34,Merchant,Jewelry,Android,No,fraud
348.08,7,78,1,0,4.39,Merchant,Travel,Android,No,suspicious
1914.34,13,4662,4,0,4.37,Merchant,Travel,Android,No,suspicious
699.87,2,3387,2,1,5.61,P2P,Groceries,Android,No,fraud
4543.18,1,2399,1,1,1.86,P2P,Fuel,Android,No,fraud
545.32,0,2257,1,0,8.44,Merchant,Fuel,Android,No,suspicious
4552.95,4,737,3,1,3.51,P2P,Jewelry,Android,No,fraud
334.56,7,343,2,0,0.8,Merchant,Electronics,Android,No,suspicious
2415.36,0,4795,5,1,1.7,P2P,Jewelry,Android,No,fraud
7807.88,20,1316,3,0,1.31,P2P,Travel,Android,Yes,suspicious
452.78,14,3627,3,0,3.87,Merchant,Jewelry,Android,No,suspicious
649.22,2,349,3,0,1.3,P2P,Jewelry,iOS,Yes,fraud
1026.08,19,287,4,1,1.02,P2P,Groceries,iOS,Yes,fraud
568.79,5,809,4,0,2.27,Merchant,Fuel,Android,No,suspicious
1430.11,3,1329,3,0,2.03,BillPay,Fuel,Android,No,suspicious
932.35,20,1974,4,1,1.72,P2P,Electronics,Android,No,fraud
2313.34,1,2089,4,0,5.92,P2P,Fuel,Android,No,suspicious
1809.47,6,4888,2,1,2.3,P2P,Fuel,Android,No,suspicious
789.61,2,1887,1,1,3.12,P2P,Groceries,Android,No,suspicious
198.38,9,4642,4,0,10.85,P2P,Groceries,Android,No,safe
3529.25,1,2576,2,0,0.33,BillPay,Groceries,iOS,Yes,suspicious
647.18,0,1718,6,0,10.78,P2P,Fuel,Unknown,No,fraud
7431.25,8,2889,3,0,9.6,Merchant,Travel,Android,Yes,suspicious
2262.18,7,4023,4,1,1.7,Merchant,Travel,Android,No,fraud
6289.09,1,1779,4,0,0.84,BillPay,Groceries,iOS,No,suspicious
2219.96,4,4256,2,1,6.05,Merchant,Electronics,Android,No,fraud
2182.07,23,3248,4,0,4.76,P2P,Fuel,Unknown,Yes,fraud
1544.73,6,983,2,1,1.38,BillPay,Groceries,Android,No,suspicious
1693.13,23,3921,5,0,1.53,P2P,Travel,Android,No,suspicious
1920.79,16,357,2,1,3.45,P2P,Travel,Android,No,suspicious
810.82,7,4745,3,0,8.57,P2P,Fuel,Android,No,suspicious
1934.43,9,1043,0,0,2.14,Merchant,Jewelry,Unknown,No,suspicious
224.82,19,3845,8,0,9.76,Merchant,Jewelry,Android,No,suspicious
2638.96,4,1982,3,0,1.26,P2P,Electronics,Android,No,fraud
852.28,6,3529,2,1,6.8,P2P,Travel,Android,No,suspicious
1928.11,0,3624,4,1,7.0,Merchant,Groceries,Android,No,fraud
1006.59,1,2816,1,0,14.41,P2P,Groceries,Android,No,suspicious
1113.81,7,2419,3,0,9.75,Merchant,Jewelry,Android,Yes,suspicious
1119.21,4,903,2,0,0.34,P2P,Groceries,Android,No,suspicious
1838.27,21,2681,2,0,7.32,P2P,Travel,Android,No,suspicious
2083.83,23,583,1,0,2.6,P2P,Fuel,Android,No,safe
615.51,7,808,2,0,7.9,Merchant,Fuel,iOS,Yes,suspicious
2517.47,5,4177,3,2,2.76,P2P,Groceries,Android,No,fraud
830.84,8,28,3,2,1.05,Merchant,Travel,Unknown,No,fraud
2164.55,14,1866,3,0,0.69,P2P,Fuel,Android,Yes,suspicious
1670.86,12,265,2,0,9.0,P2P,Travel,Android,No,suspicious
774.26,22,4333,3,0,11.21,Merchant,Groceries,Android,Yes,suspicious
1037.59,17,4981,3,0,1.31,Merchant,Groceries,iOS,No,suspicious
9459.68,5,417,1,0,2.47,P2P,Electronics,Android,No,suspicious
5012.49,6,558,1,0,3.43,Merchant,Groceries,iOS,Yes,suspicious
588.28,7,3028,2,0,3.87,P2P,Travel,Android,No,safe
6798.76,0,1911,2,0,1.09,P2P,Electronics,Android,Yes,fraud
563.27,0,4535,3,0,0.32,P2P,Groceries,Unknown,No,suspicious
1254.84,5,4465,1,0,7.89,Merchant,Jewelry,Android,No,suspicious
580.38,10,1153,1,1,0.12,P2P,Fuel,Android,Yes,suspicious
720.3,6,2935,2,0,0.36,P2P,Groceries,Android,No,safe
1617.25,4,959,0,0,7.15,Merchant,Jewelry,Android,Yes,fraud
5132.76,2,3998,1,0,2.6,P2P,Fuel,Android,No,suspicious
1348.26,2,4362,3,1,1.57,P2P,Groceries,Android,No,fraud
516.1,22,3660,0,0,5.84,P2P,Groceries,Android,No,safe
2424.75,7,3189,3,0,0.96,P2P,Fuel,Android,No,suspicious
345.37,2,474,2,0,13.53,Merchant,Travel,Android,Yes,suspicious
2904.66,2,3235,1,0,7.78,P2P,Travel,Android,Yes,suspicious
150.64,0,4376,1,0,0.88,P2P,Groceries,Android,No,safe
3488.32,14,2399,4,1,3.88,Merchant,Electronics,iOS,No,fraud
743.93,10,2701,6,0,2.69,Merchant,Travel,iOS,No,suspicious
1442.67,17,346,6,0,0.95,P2P,Travel,Android,No,suspicious
16558.56,22,4071,7,1,9.73,Merchant,Jewelry,iOS,No,fraud
1699.24,4,1658,1,0,0.65,Merchant,Fuel,Android,Yes,suspicious
897.27,21,2246,3,1,0.12,Merchant,Travel,iOS,Yes,fraud
1591.58,6,4143,2,0,11.08,BillPay,Jewelry,Android,No,suspicious
2113.65,22,1898,4,3,3.8,P2P,Jewelry,Android,No,fraud
259.8,18,4554,3,1,2.87,P2P,Fuel,Android,No,suspicious
893.6,8,1667,5,1,5.1,P2P,Fuel,Android,Yes,fraud
1223.59,4,2956,2,0,11.48,BillPay,Jewelry,iOS,No,suspicious
496.77,17,3044,8,1,18.18,P2P,Travel,iOS,No,fraud
5442.16,20,2781,6,0,1.26,P2P,Fuel,Android,No,suspicious
597.69,23,3272,3,0,2.94,Merchant,Groceries,Android,Yes,suspicious
1605.17,14,3323,2,0,11.06,BillPay,Travel,Android,No,suspicious
432.15,20,1859,2,0,8.82,P2P,Electronics,iOS,No,suspicious
911.76,17,4582,5,0,2.17,P2P,Jewelry,Android,Yes,fraud
1693.77,2,3329,3,0,5.99,P2P,Electronics,Android,No,fraud
1145.99,6,1197,2,0,3.53,P2P,Travel,Android,Yes,suspicious
2287.13,4,2206,3,0,9.89,Merchant,Jewelry,iOS,No,fraud
536.56,13,4111,5,1,2.72,P2P,Groceries,Android,No,suspicious
3144.72,23,4310,4,0,0.82,Merchant,Fuel,Android,Yes,suspicious
1330.6,3,271,6,0,0.81,P2P,Electronics,iOS,Yes,fraud
1201.16,9,4316,3,0,1.13,Merchant,Jewelry,iOS,No,suspicious
2293.34,18,4543,5,0,0.24,P2P,Jewelry,Android,Yes,fraud
32.38,10,1832,3,0,1.6,P2P,Fuel,Android,No,safe
756.14,9,1372,8,0,12.64,Merchant,Groceries,Android,No,suspicious
2608.54,3,3061,2,1,1.93,P2P,Electronics,Android,No,fraud
1506.29,10,1716,12,1,0.78,P2P,Groceries,Android,No,fraud
2463.01,16,2449,4,0,1.62,P2P,Groceries,Android,No,suspicious
7153.49,9,4224,2,0,5.01,Merchant,Groceries,Android,No,suspicious
4025.48,17,268,4,0,0.22,P2P,Fuel,Android,No,suspicious
988.02,9,3502,6,1,8.03,Merchant,Electronics,Android,No,fraud
1187.04,23,3045,3,0,6.34,P2P,Electronics,iOS,Yes,suspicious
4821.21,13,3134,1,0,3.78,P2P,Fuel,Android,Yes,suspicious
1277.5,6,3179,1,0,7.03,Merchant,Groceries,Android,No,safe
8917.07,19,103,1,0,6.84,P2P,Travel,Android,No,suspicious
2555.08,11,4732,3,0,9.32,P2P,Jewelry,Android,No,suspicious
372.87,11,4021,3,0,0.67,Merchant,Travel,iOS,Yes,suspicious
1749.33,10,1232,2,1,3.92,P2P,Travel,Android,No,suspicious
2997.11,6,410,2,0,8.27,P2P,Jewelry,Android,No,suspicious
1409.0,19,604,3,0,1.14,Merchant,Jewelry,Android,No,suspicious
583.46,7,2076,5,0,1.45,P2P,Travel,iOS,No,suspicious
504.1,2,4270,5,1,7.06,P2P,Travel,Android,No,fraud
3627.98,2,2214,3,1,0.69,P2P,Groceries,Android,No,fraud
1736.51,17,1339,4,0,5.18,P2P,Groceries,Android,No,suspicious
3815.29,13,2337,2,1,1.13,P2P,Travel,Android,No,suspicious
456.03,12,3712,7,0,0.41,P2P,Travel,Android,No,suspicious
4032.3,20,3402,2,0,5.76,Merchant,Groceries,iOS,Yes,suspicious
1629.77,2,3433,3,1,0.45,P2P,Fuel,Android,Yes,fraud
7157.24,16,1813,5,1,0.22,P2P,Travel,Android,Yes,fraud
2992.05,10,1783,1,1,3.46,P2P,Fuel,Android,Yes,fraud
1234.17,17,1139,3,0,1.39,P2P,Jewelry,iOS,No,suspicious
419.54,11,142,4,0,0.22,P2P,Fuel,Android,No,suspicious
2251.89,11,2988,5,2,9.01,P2P,Groceries,Android,No,fraud
3300.48,17,2193,5,0,4.52,P2P,Jewelry,Android,No,suspicious
901.75,11,2658,4,1,2.06,P2P,Travel,Android,No,suspicious
3385.2,8,3311,3,0,0.9,P2P,Travel,Android,No,suspicious
2258.61,11,4272,4,0,0.23,P2P,Jewelry,Android,No,suspicious
6350.19,14,4726,2,0,0.87,P2P,Jewelry,Android,No,suspicious
1459.03,21,2079,2,1,0.77,Merchant,Jewelry,Android,No,fraud
26694.39,8,2715,2,0,0.33,P2P,Jewelry,Android,Yes,fraud
6347.43,18,2477,3,0,6.74,P2P,Travel,Android,Yes,suspicious
3716.29,10,2469,3,0,3.85,P2P,Groceries,Android,No,suspicious
1396.13,10,3540,4,1,5.53,BillPay,Groceries,iOS,Yes,fraud
4583.64,10,3660,4,0,1.14,P2P,Electronics,Android,No,suspicious
1641.52,21,1054,4,0,1.12,P2P,Jewelry,Unknown,No,fraud
671.32,22,2905,2,0,5.56,Merchant,Fuel,iOS,No,safe
1460.32,4,3048,2,1,3.8,Merchant,Electronics,iOS,No,fraud
1609.1,10,4596,2,0,5.64,Merchant,Fuel,Android,No,suspicious
1245.87,3,742,3,0,6.83,Merchant,Fuel,iOS,No,suspicious
1585.63,7,3908,4,0,1.72,P2P,Electronics,Android,Yes,fraud
1647.15,23,2695,6,2,1.29,P2P,Electronics,Android,No,fraud
2571.83,0,1509,1,1,2.62,P2P,Electronics,iOS,No,fraud
3821.62,8,691,5,0,3.16,P2P,Electronics,iOS,No,fraud
1043.08,23,2610,1,0,17.07,Merchant,Travel,Android,No,safe
2114.94,8,1801,5,0,3.43,Merchant,Travel,Android,No,suspicious
1119.76,2,2318,2,0,5.54,P2P,Electronics,iOS,No,suspicious
430.15,23,72,2,0,1.16,P2P,Groceries,Android,Yes,suspicious
6401.75,21,2008,2,0,0.12,Merchant,Fuel,iOS,No,suspicious
587.56,8,2342,5,0,10.41,Merchant,Jewelry,Android,No,suspicious
1481.32,15,2480,2,0,1.71,P2P,Groceries,iOS,No,suspicious
1204.77,12,49,7,1,1.8,P2P,Jewelry,iOS,No,fraud
394.73,19,3740,4,0,0.55,P2P,Groceries,Android,No,suspicious
1884.84,22,1723,5,1,5.23,P2P,Travel,Android,No,fraud
2709.67,9,473,4,0,1.66,Merchant,Groceries,Android,Yes,suspicious
547.15,8,4826,5,0,5.82,P2P,Electronics,Android,No,suspicious
41902.17,3,2881,8,0,0.04,P2P,Jewelry,Android,Yes,fraud
8043.91,21,463,3,0,0.82,P2P,Fuel,Android,Yes,suspicious
1650.04,11,2525,2,1,2.14,Merchant,Fuel,Android,Yes,fraud
434.39,21,4055,4,1,0.14,Merchant,Fuel,Android,No,suspicious
2440.6,1,100,2,0,7.91,Merchant,Electronics,Android,No,suspicious
2791.59,20,981,1,1,21.76,Merchant,Travel,Android,No,suspicious
1011.74,9,1325,2,0,6.69,P2P,Groceries,iOS,No,safe
2339.72,6,196,5,1,7.41,P2P,Fuel,iOS,No,fraud
1158.66,12,4341,2,0,1.3,P2P,Fuel,Unknown,Yes,fraud
499.2,15,3756,3,0,1.0,Merchant,Electronics,iOS,No,suspicious
3645.26,1,3941,2,0,2.01,P2P,Jewelry,Android,No,fraud
701.49,5,1608,0,1,1.51,BillPay,Fuel,Unknown,No,fraud
249.65,3,2534,3,0,2.92,Merchant,Electronics,Android,Yes,fraud
3337.57,1,905,3,1,4.7,Merchant,Jewelry,Android,No,fraud
2101.97,3,333,5,0,5.62,Merchant,Travel,iOS,No,suspicious
2405.98,19,1261,2,0,2.64,BillPay,Jewelry,iOS,No,suspicious
3021.53,8,233,3,0,1.38,P2P,Jewelry,Android,No,suspicious
1080.71,23,3592,2,1,5.92,P2P,Travel,Android,No,suspicious
466.84,13,3836,7,1,1.89,Merchant,Jewelry,Android,No,fraud
872.93,11,2715,4,0,4.02,BillPay,Travel,Android,Yes,suspicious
2351.96,15,985,7,0,0.16,P2P,Fuel,Android,Yes,fraud
227.67,12,4059,5,0,4.88,Merchant,Groceries,Android,No,suspicious
1717.32,19,1553,1,0,5.1,P2P,Electronics,iOS,Yes,suspicious
450.57,2,4656,1,0,3.71,P2P,Travel,Android,No,suspicious
904.74,1,3764,4,0,2.46,P2P,Travel,Android,Yes,suspicious
2290.44,9,1222,3,0,12.51,P2P,Travel,Android,Yes,suspicious
1952.3,23,4407,1,1,0.72,Merchant,Jewelry,Android,No,fraud
460.29,10,2517,6,0,18.41,P2P,Jewelry,Android,No,suspicious
994.9,1,96,2,1,0.79,P2P,Electronics,Android,No,fraud
4582.32,11,3975,4,0,7.34,P2P,Electronics,iOS,Yes,fraud
2726.55,20,4995,6,0,3.78,P2P,Jewelry,iOS,No,fraud
22178.07,10,1543,1,0,7.86,P2P,Electronics,Android,No,suspicious
1892.07,1,4697,4,1,3.25,P2P,Travel,Android,No,fraud
969.85,17,4614,4,0,1.95,Merchant,Groceries,Android,Yes,suspicious
1192.64,4,4613,3,0,4.15,P2P,Electronics,Android,No,suspicious
503.19,16,1445,6,2,2.94,P2P,Travel,iOS,No,fraud
839.38,11,2812,2,1,1.26,P2P,Travel,Android,No,suspicious
550.25,13,2409,0,1,2.79,Merchant,Fuel,iOS,No,suspicious
8058.68,3,2019,7,0,7.58,P2P,Travel,Android,No,fraud
682.36,23,2570,5,0,4.16,Merchant,Groceries,iOS,No,suspicious
7056.59,5,4059,5,1,8.18,P2P,Electronics,Android,Yes,fraud
1618.95,7,4271,6,0,16.49,P2P,Travel,iOS,Yes,suspicious
1184.36,8,1611,3,0,4.86,P2P,Travel,Android,No,suspicious
1584.39,0,1950,3,1,6.06,BillPay,Fuel,Android,No,fraud
2675.57,19,1989,2,1,3.5,BillPay,Travel,Android,Yes,fraud
6009.53,8,908,3,0,8.51,P2P,Groceries,Android,No,suspicious
1898.43,13,755,5,0,6.31,P2P,Groceries,Android,No,suspicious
8500.48,6,1863,4,1,3.22,P2P,Travel,Android,Yes,fraud
404.32,9,2399,3,1,7.78,P2P,Fuel,iOS,No,suspicious
1070.73,10,824,2,0,14.31,Merchant,Travel,Android,Yes,suspicious
587.34,9,3623,1,0,17.99,P2P,Electronics,Unknown,No,suspicious
1255.57,14,652,1,0,7.56,P2P,Travel,Android,No,safe
2552.56,21,899,4,0,1.88,Merchant,Travel,Android,No,suspicious
797.56,2,4626,4,1,10.09,BillPay,Electronics,iOS,No,fraud
4434.92,18,4621,4,0,16.01,P2P,Fuel,iOS,No,suspicious
1074.1,19,1643,0,0,9.02,Merchant,Electronics,Android,No,suspicious
429.78,6,3631,1,0,2.63,P2P,Fuel,Android,Yes,suspicious
2479.48,22,1904,1,2,6.87,P2P,Travel,Android,No,fraud
279.1,12,1017,1,1,3.13,P2P,Travel,Android,No,suspicious
11398.28,6,4185,5,1,7.65,P2P,Fuel,Android,No,fraud
4403.55,8,4938,4,0,2.74,P2P,Fuel,Android,No,suspicious
1035.22,11,4288,4,0,12.01,P2P,Jewelry,iOS,No,suspicious
1875.32,1,1647,0,0,1.28,P2P,Jewelry,Android,Yes,fraud
2278.48,7,2824,4,3,2.75,P2P,Groceries,iOS,No,fraud
1036.78,2,851,4,0,8.75,P2P,Travel,Android,No,suspicious
403.4,2,3257,4,0,0.85,P2P,Fuel,iOS,No,suspicious
1557.91,8,4305,1,0,11.43,P2P,Groceries,Android,Yes,suspicious
2138.47,13,4906,4,1,2.12,P2P,Electronics,Android,Yes,fraud
2338.14,20,2219,2,0,1.21,P2P,Jewelry,iOS,No,suspicious
1832.54,16,4773,3,2,3.39,P2P,Jewelry,iOS,No,fraud
981.21,13,3438,3,2,0.35,P2P,Travel,Android,No,fraud
900.88,8,4462,2,0,1.14,P2P,Jewelry,Android,No,suspicious
2519.04,14,4363,5,0,0.3,P2P,Electronics,Android,Yes,fraud
1505.02,9,3113,2,0,2.17,Merchant,Jewelry,iOS,No,suspicious
2656.04,23,2343,4,0,9.2,P2P,Groceries,Android,No,suspicious
9874.26,9,2872,6,0,5.97,P2P,Fuel,Unknown,Yes,fraud
763.01,7,1836,5,1,0.51,Merchant,Electronics,Android,Yes,fraud
228.13,10,3345,3,0,4.5,P2P,Electronics,Android,Yes,suspicious
1020.36,4,2590,4,0,1.51,P2P,Fuel,Android,Yes,suspicious
730.7,13,763,1,1,0.71,P2P,Travel,iOS,No,suspicious
3913.54,17,384,3,1,1.94,P2P,Electronics,iOS,Yes,fraud
2646.54,19,2797,8,0,11.75,P2P,Electronics,iOS,No,fraud
692.0,10,671,6,0,2.82,P2P,Groceries,Android,Yes,suspicious
1758.39,3,1992,3,1,3.13,P2P,Groceries,Android,Yes,fraud
3692.84,20,304,3,0,2.63,P2P,Electronics,Android,Yes,fraud
1788.97,7,4457,6,1,2.91,P2P,Travel,Android,No,fraud
4622.11,11,4717,2,0,11.26,Merchant,Travel,Android,No,suspicious
2520.63,21,4518,4,0,6.72,P2P,Travel,Android,No,suspicious
1971.62,13,4371,5,0,1.25,Merchant,Travel,Android,No,suspicious
8543.39,23,3554,0,2,1.47,P2P,Groceries,Android,No,fraud
2001.5,6,3013,4,1,1.29,Merchant,Electronics,Android,No,fraud
2284.64,8,669,2,1,1.73,P2P,Travel,Android,No,suspicious
631.49,23,808,2,0,0.69,Merchant,Travel,Unknown,No,suspicious
1579.56,4,964,4,0,2.68,P2P,Groceries,Android,No,suspicious
1166.0,17,3818,6,0,0.48,P2P,Travel,Android,Yes,suspicious
4349.5,20,1182,3,1,6.16,P2P,Groceries,Android,No,fraud
1932.67,15,3732,3,0,1.7,P2P,Travel,Android,Yes,suspicious
4713.42,17,250,4,1,5.78,Merchant,Travel,iOS,No,fraud
2965.36,12,444,4,0,30.13,P2P,Electronics,Android,No,suspicious
225.69,21,1435,2,2,30.75,P2P,Groceries,iOS,Yes,fraud
1032.11,18,258,2,0,1.93,P2P,Electronics,Android,No,suspicious
3116.26,9,4123,5,0,9.94,P2P,Fuel,Android,Yes,suspicious
1669.21,10,984,7,0,1.44,P2P,Travel,Android,Yes,fraud
4104.63,0,2459,5,0,4.79,BillPay,Travel,Android,Yes,fraud
955.3,2,2906,3,1,4.85,P2P,Groceries,Android,Yes,fraud
1857.2,1,1112,1,0,0.31,P2P,Jewelry,Android,No,suspicious
467.6,9,2131,1,0,3.17,P2P,Fuel,Android,Yes,suspicious
126.17,19,3081,1,1,5.2,BillPay,Jewelry,Unknown,No,fraud
4408.07,4,3916,2,1,0.06,Merchant,Fuel,iOS,No,fraud
1202.54,3,4983,5,0,8.49,Merchant,Electronics,Android,No,fraud
610.45,2,4573,3,0,3.43,Merchant,Travel,Android,Yes,suspicious
2395.25,3,3388,5,1,0.42,P2P,Fuel,Android,Yes,fraud
5343.03,20,3080,3,0,4.97,BillPay,Travel,Android,No,suspicious
5874.85,0,2892,4,0,0.56,P2P,Jewelry,iOS,No,fraud
1632.06,4,4775,2,0,0.45,Merchant,Fuel,Android,Yes,suspicious
2804.3,1,4460,4,1,4.59,P2P,Groceries,iOS,Yes,fraud
1277.27,7,4927,0,0,1.49,P2P,Jewelry,Android,No,suspicious
1143.64,15,1611,2,0,3.1,Merchant,Travel,Android,Yes,suspicious
1082.47,6,2610,1,0,0.34,P2P,Jewelry,iOS,No,suspicious
1345.09,23,105,3,1,2.51,P2P,Fuel,iOS,No,suspicious
4615.42,3,4109,4,0,1.43,P2P,Fuel,iOS,No,suspicious
1719.47,5,1181,4,0,0.87,Merchant,Fuel,Android,No,suspicious
832.38,23,1622,2,0,1.63,Merchant,Electronics,iOS,No,suspicious
312.66,21,2820,5,0,2.81,Merchant,Electronics,Android,Yes,suspicious
3326.25,17,1031,2,0,4.53,BillPay,Electronics,Android,Yes,fraud
5817.25,3,1795,1,0,3.48,P2P,Fuel,iOS,No,suspicious
5804.16,6,4474,3,0,5.67,Merchant,Groceries,Android,No,suspicious
909.49,3,4965,5,0,14.12,Merchant,Electronics,Android,No,fraud
1528.25,21,3529,7,0,1.61,Merchant,Travel,iOS,No,suspicious
3329.41,19,639,5,0,1.62,Merchant,Fuel,Unknown,No,fraud
3121.69,8,1956,0,2,7.07,P2P,Travel,iOS,Yes,fraud
522.34,9,4076,2,1,0.26,P2P,Travel,iOS,Yes,suspicious
1814.27,1,4822,7,1,3.61,P2P,Travel,Android,No,fraud
1053.36,0,3127,4,1,4.28,Merchant,Groceries,Android,No,fraud
394.91,23,1137,3,0,0.33,P2P,Electronics,Android,No,suspicious
2226.74,21,3628,1,0,0.03,P2P,Jewelry,Android,No,suspicious
1308.37,1,2097,3,0,0.19,P2P,Groceries,Android,Yes,suspicious
1648.93,16,1845,1,0,4.33,BillPay,Groceries,Android,No,safe
4653.9,2,2116,4,1,0.57,P2P,Jewelry,Android,Yes,fraud
2853.3,3,3134,5,0,3.7,P2P,Travel,Android,Yes,fraud
592.54,8,3814,3,0,1.35,P2P,Electronics,Android,No,suspicious
1286.49,14,4598,3,1,2.12,P2P,Groceries,Android,Yes,fraud
622.51,6,2726,2,0,1.63,Merchant,Fuel,Android,Yes,suspicious
8661.67,15,4840,2,2,4.89,P2P,Travel,Android,No,fraud
208.69,12,921,3,1,0.68,P2P,Electronics,iOS,Yes,fraud
9957.58,8,2982,1,0,11.23,Merchant,Fuel,Android,No,suspicious
1116.96,1,2761,3,0,12.26,P2P,Jewelry,Android,No,suspicious
3930.24,8,1742,5,0,3.15,P2P,Electronics,Android,No,fraud
2418.0,22,4839,6,0,0.38,P2P,Travel,Android,No,suspicious
394.27,8,2439,3,1,6.0,P2P,Travel,Android,No,suspicious
2845.2,23,3048,2,0,0.55,P2P,Fuel,Android,No,suspicious
5233.52,8,3114,5,1,1.27,P2P,Groceries,Android,No,fraud
14624.53,2,4988,2,1,6.07,Merchant,Travel,Android,No,fraud
4714.62,20,3448,3,0,1.77,Merchant,Electronics,Android,No,suspicious
6436.25,22,3600,7,1,2.34,P2P,Jewelry,Android,Yes,fraud
401.72,21,3313,2,0,0.87,P2P,Fuel,Android,No,safe
790.97,17,4008,3,0,1.1,P2P,Travel,Unknown,No,suspicious
778.61,11,3903,4,1,9.65,Merchant,Electronics,Android,No,fraud
1291.49,0,3892,2,0,4.27,Merchant,Fuel,Android,No,suspicious
760.48,13,2425,3,0,3.48,Merchant,Jewelry,Android,No,suspicious
6070.29,4,4493,2,0,1.04,P2P,Electronics,Android,No,fraud
891.01,15,2647,3,2,1.8,P2P,Groceries,Android,Yes,fraud
2743.05,7,3353,1,0,8.23,Merchant,Travel,Android,No,suspicious
567.34,17,3165,3,1,26.03,P2P,Travel,Android,Yes,fraud
1109.24,11,1433,2,0,0.41,P2P,Fuel,Android,No,safe
5598.32,2,1468,5,2,2.15,P2P,Fuel,iOS,No,fraud
1565.0,9,217,4,0,3.77,P2P,Electronics,Android,No,suspicious
752.58,7,1456,3,0,3.61,Merchant,Jewelry,Android,Yes,suspicious
3494.63,18,2695,1,0,0.1,P2P,Groceries,iOS,No,suspicious
4530.27,12,2949,2,0,2.67,P2P,Fuel,Android,Yes,suspicious
852.69,9,4861,3,3,0.71,P2P,Fuel,iOS,Yes,fraud
447.27,21,3368,3,0,2.85,P2P,Groceries,iOS,No,safe
298.53,15,3078,3,0,12.97,P2P,Travel,Android,No,safe
5035.93,0,371,3,0,1.52,P2P,Fuel,Android,No,suspicious
185.27,22,984,6,0,7.48,P2P,Electronics,Android,No,suspicious
1342.01,12,270,4,0,11.63,P2P,Groceries,Android,No,suspicious
790.94,4,3303,3,0,4.4,P2P,Electronics,Android,Yes,fraud
3576.1,20,2772,4,0,0.42,P2P,Jewelry,iOS,Yes,fraud
4203.68,6,1919,3,0,2.47,BillPay,Groceries,Android,No,suspicious
519.49,9,1348,4,1,1.21,P2P,Groceries,Android,Yes,fraud
342.13,15,1601,3,0,2.63,Merchant,Electronics,Android,Yes,suspicious
484.31,15,3735,3,0,1.98,P2P,Electronics,Android,No,suspicious
907.48,8,2520,3,2,6.85,P2P,Fuel,Android,No,fraud
825.81,6,3831,5,1,8.27,P2P,Groceries,Android,Yes,fraud
3182.48,12,3751,3,0,14.97,Merchant,Jewelry,iOS,No,suspicious
1792.41,22,3709,6,1,4.33,P2P,Groceries,Unknown,No,fraud
904.64,13,4418,2,2,1.32,P2P,Fuel,iOS,Yes,fraud
400.64,4,4396,3,1,3.82,Merchant,Jewelry,Android,No,fraud
5361.67,14,4231,3,1,2.38,P2P,Groceries,Android,No,fraud
4845.41,20,629,1,0,10.67,P2P,Fuel,Android,No,suspicious
260.92,15,379,2,0,1.72,P2P,Groceries,Android,Yes,suspicious
1113.7,6,3112,4,0,0.5,Merchant,Groceries,Android,Yes,suspicious
885.89,1,73,1,0,3.16,BillPay,Fuel,Android,No,suspicious
759.15,1,4038,4,0,0.72,Merchant,Travel,Android,No,suspicious
2046.92,7,4475,4,0,1.66,Merchant,Electronics,Android,Yes,fraud
30554.59,7,1678,6,3,0.53,Merchant,Groceries,Android,No,fraud
2896.27,1,2281,4,2,7.37,Merchant,Travel,iOS,Yes,fraud
735.07,12,169,2,0,5.86,P2P,Fuel,Android,No,safe
7480.78,21,3989,4,0,6.15,Merchant,Jewelry,Android,No,fraud
1603.43,3,4688,3,0,6.2,P2P,Travel,iOS,Yes,suspicious
2212.31,23,818,1,0,0.2,P2P,Fuel,Android,No,safe
2681.32,15,3998,2,0,0.83,Merchant,Travel,Android,No,suspicious
414.71,13,3871,4,1,3.88,Merchant,Travel,Android,No,suspicious
2732.81,6,3996,3,0,2.91,P2P,Fuel,Android,No,suspicious
1243.9,19,3229,4,2,3.3,P2P,Electronics,Android,No,fraud
831.17,1,1379,4,2,4.85,Merchant,Fuel,iOS,No,fraud
1359.81,20,4982,2,1,2.23,P2P,Fuel,iOS,No,suspicious
1254.39,5,1892,4,0,7.05,Merchant,Fuel,Android,No,suspicious
5856.99,3,1884,4,0,0.83,P2P,Groceries,Android,No,suspicious
2305.21,5,4831,3,0,5.21,P2P,Travel,iOS,Yes,suspicious
2255.06,16,4190,3,0,2.82,P2P,Jewelry,Android,No,suspicious
2564.28,20,3407,0,0,1.89,P2P,Travel,Android,No,safe
7346.31,20,1822,2,0,6.94,P2P,Jewelry,iOS,Yes,fraud
5806.08,14,3167,3,0,14.86,P2P,Travel,iOS,No,suspicious
1328.6,21,1985,5,0,9.38,P2P,Electronics,Unknown,Yes,fraud
536.98,0,2926,3,0,8.58,BillPay,Groceries,Android,No,suspicious
1897.11,23,2839,2,0,0.24,Merchant,Electronics,Android,No,suspicious
1308.94,5,2312,1,0,0.95,P2P,Jewelry,iOS,Yes,suspicious
640.45,16,9,3,0,0.35,Merchant,Groceries,Android,No,suspicious
1114.46,3,1801,0,0,1.26,Merchant,Groceries,Android,No,suspicious
1521.07,16,1681,7,0,2.56,P2P,Electronics,Android,Yes,fraud
2263.03,16,2763,2,0,4.3,P2P,Electronics,Android,No,suspicious
2407.59,23,2703,1,0,1.34,Merchant,Fuel,iOS,No,safe
390.05,6,3966,3,0,12.92,Merchant,Travel,Android,Yes,suspicious
1336.05,18,1474,3,1,29.53,P2P,Fuel,Android,Yes,fraud
4068.15,0,1090,4,0,1.3,P2P,Groceries,iOS,No,suspicious
1216.09,1,3563,3,0,2.02,Merchant,Groceries,iOS,Yes,suspicious
1593.35,16,3535,4,0,2.05,P2P,Travel,Android,No,suspicious
419.04,1,1585,7,0,1.53,P2P,Fuel,Android,No,suspicious
1210.97,21,3486,4,1,0.26,Merchant,Electronics,Android,No,fraud
301.13,16,702,4,0,7.41,Merchant,Groceries,Android,No,safe
1469.58,7,4795,1,1,0.73,BillPay,Fuel,Android,No,suspicious
1695.22,6,2557,2,0,6.05,P2P,Groceries,Android,No,suspicious
3141.08,14,1048,4,0,10.71,Merchant,Electronics,Android,No,suspicious
1679.23,3,4234,3,0,10.47,Merchant,Fuel,iOS,No,suspicious
6516.93,21,3857,3,1,0.18,P2P,Fuel,Android,Yes,fraud
1528.0,0,977,1,0,4.49,Merchant,Groceries,Android,Yes,suspicious
1500.12,2,1964,3,0,7.35,P2P,Fuel,Android,No,suspicious
4011.17,11,1476,3,0,5.55,Merchant,Fuel,Android,No,suspicious
28716.07,9,3158,4,1,11.04,P2P,Fuel,Android,No,fraud
4386.89,6,1987,2,1,1.9,P2P,Electronics,Android,No,fraud
2942.04,19,2994,3,0,3.12,P2P,Jewelry,Android,No,suspicious
421.81,23,4207,11,1,6.55,P2P,Travel,Android,No,fraud
8775.75,11,3968,5,0,7.58,P2P,Travel,Android,Yes,fraud
3160.69,17,2440,2,0,2.74,Merchant,Travel,Android,No,suspicious
1264.74,11,3610,5,0,14.68,P2P,Fuel,iOS,Yes,suspicious
3282.59,21,2606,4,1,1.31,Merchant,Groceries,Android,No,fraud
530.87,1,101,2,0,4.01,P2P,Jewelry,iOS,No,suspicious
2095.36,17,1167,1,0,8.2,P2P,Jewelry,iOS,No,suspicious
1460.36,22,2922,3,0,5.0,Merchant,Travel,iOS,Yes,suspicious
2945.63,6,1703,2,0,1.06,Merchant,Groceries,Android,No,suspicious
1315.48,17,2601,2,0,10.61,BillPay,Electronics,Unknown,Yes,fraud
2481.07,14,1818,5,0,7.32,P2P,Travel,Unknown,Yes,fraud
7577.01,14,3556,1,0,8.21,P2P,Fuel,iOS,Yes,suspicious
339.88,10,2173,3,0,0.66,Merchant,Jewelry,iOS,Yes,suspicious
3635.5,14,2458,3,0,11.86,BillPay,Jewelry,iOS,No,suspicious
12691.76,22,3190,4,0,2.62,BillPay,Jewelry,iOS,No,fraud
947.28,13,1738,2,1,4.8,P2P,Travel,iOS,Yes,fraud
143.26,13,532,1,0,9.85,Merchant,Groceries,Android,Yes,safe
1293.85,18,3548,2,0,2.52,P2P,Groceries,iOS,No,suspicious
4722.48,5,787,3,1,6.16,P2P,Groceries,Android,No,fraud
324.83,8,4562,2,0,17.55,P2P,Fuel,iOS,No,safe
4977.53,5,1359,2,0,10.07,Merchant,Jewelry,iOS,Yes,fraud
2894.27,5,4350,0,1,3.79,BillPay,Groceries,Android,No,suspicious
6503.47,6,169,1,0,2.46,P2P,Jewelry,iOS,No,suspicious
925.35,21,730,4,0,10.01,Merchant,Groceries,iOS,No,suspicious
352.79,11,4810,0,0,1.58,Merchant,Electronics,Android,No,safe
8462.32,14,2010,5,0,9.07,P2P,Electronics,Android,No,fraud
1144.78,12,1513,1,0,11.7,Merchant,Electronics,Android,Yes,suspicious
285.08,14,1887,7,1,14.62,P2P,Travel,iOS,Yes,fraud
938.9,13,1548,1,0,8.52,Merchant,Electronics,Unknown,No,suspicious
1207.58,11,3406,0,0,9.63,P2P,Travel,Android,No,safe
399.85,10,1729,3,1,0.99,P2P,Jewelry,iOS,No,fraud
6735.89,19,4934,1,1,0.54,P2P,Electronics,Android,No,fraud
3180.92,7,8,3,0,3.35,Merchant,Fuel,iOS,Yes,fraud
2019.49,15,2103,3,0,3.06,P2P,Electronics,iOS,Yes,fraud
944.31,0,2813,3,1,16.33,Merchant,Jewelry,Android,Yes,fraud
7615.43,22,4094,4,0,0.94,Merchant,Travel,iOS,Yes,suspicious
745.03,8,1511,2,0,0.76,Merchant,Electronics,Android,No,suspicious
2108.51,15,58,2,0,4.55,P2P,Electronics,Android,No,fraud
666.2,11,4720,7,0,2.8,Merchant,Fuel,Android,Yes,suspicious
1361.66,8,2986,2,0,2.95,P2P,Groceries,Unknown,No,suspicious
1742.77,12,2398,1,0,2.11,BillPay,Electronics,iOS,Yes,suspicious
1245.22,13,1598,3,1,0.72,P2P,Groceries,Unknown,No,fraud
770.31,22,2595,3,0,3.05,P2P,Electronics,Android,No,suspicious
4692.88,0,1643,1,0,1.27,P2P,Jewelry,Android,No,suspicious
3468.19,14,1782,4,0,0.87,P2P,Groceries,Android,No,suspicious
2531.48,17,3898,6,1,2.99,Merchant,Jewelry,Android,No,fraud
852.45,18,2967,4,0,3.63,Merchant,Jewelry,Android,No,suspicious
2395.51,21,3734,0,0,2.45,Merchant,Travel,Android,Yes,suspicious
857.29,15,2420,2,1,1.5,P2P,Fuel,iOS,Yes,fraud
7338.16,20,2185,3,0,0.72,P2P,Electronics,Android,No,suspicious
964.59,6,4473,1,1,6.95,Merchant,Jewelry,Android,No,fraud
1088.48,13,3112,3,0,1.64,P2P,Fuel,iOS,No,suspicious
3404.42,6,1647,5,0,6.96,P2P,Groceries,Android,No,suspicious
1768.91,12,232,0,1,2.99,Merchant,Travel,iOS,Yes,suspicious
598.23,7,2960,2,1,5.59,Merchant,Electronics,iOS,No,fraud
4003.45,9,3678,3,1,0.35,P2P,Groceries,Android,No,fraud
3266.97,3,2621,1,0,4.37,P2P,Fuel,Android,No,suspicious
981.43,17,2929,1,1,0.7,Merchant,Travel,Android,No,suspicious
924.5,5,3245,2,0,1.1,Merchant,Jewelry,iOS,No,suspicious
977.56,14,3035,4,0,4.76,Merchant,Electronics,Android,No,suspicious
459.0,9,2172,1,1,0.33,P2P,Fuel,Android,No,suspicious
5723.56,12,1789,3,0,2.89,P2P,Groceries,Android,Yes,suspicious
1372.56,3,3738,4,0,3.63,Merchant,Fuel,Android,No,suspicious
5480.82,10,420,2,0,0.89,Merchant,Groceries,Android,No,suspicious
1407.24,16,453,2,1,1.98,Merchant,Groceries,Android,No,suspicious
784.78,8,4103,3,0,0.5,P2P,Travel,Android,No,suspicious
353.86,21,2158,3,0,1.31,P2P,Electronics,iOS,Yes,suspicious
1187.61,4,4571,1,0,0.0,P2P,Jewelry,Android,No,suspicious
1384.2,20,3066,2,2,0.93,P2P,Groceries,Android,No,fraud
3314.56,17,4716,1,2,6.54,Merchant,Groceries,iOS,No,fraud
2302.67,21,3123,3,0,10.23,P2P,Groceries,Android,No,suspicious
269.41,4,4296,7,0,1.19,BillPay,Fuel,Android,No,suspicious
7169.06,13,1757,1,1,1.84,P2P,Electronics,Android,No,fraud
5334.18,22,676,4,0,6.5,Merchant,Fuel,Android,No,suspicious
3587.41,19,231,5,0,2.52,P2P,Fuel,Android,No,suspicious
2460.34,4,3947,5,0,6.68,P2P,Groceries,Android,Yes,fraud
3494.08,17,4086,6,0,0.66,P2P,Travel,Android,Yes,fraud
3032.09,16,1928,2,1,2.18,P2P,Jewelry,iOS,No,fraud
480.87,14,4097,3,0,6.59,P2P,Electronics,iOS,No,suspicious
858.24,18,1195,5,0,1.11,Merchant,Travel,Android,Yes,suspicious
1605.0,7,4840,7,0,9.21,P2P,Jewelry,iOS,No,fraud
2148.28,1,111,6,2,0.97,P2P,Jewelry,Android,No,fraud
324.47,9,1906,8,0,3.76,P2P,Groceries,Android,No,suspicious
793.15,3,2423,1,1,0.62,P2P,Travel,Android,No,suspicious
2092.43,1,24,4,0,5.18,P2P,Groceries,Android,No,fraud
1234.81,19,2359,3,0,3.08,BillPay,Groceries,Android,No,suspicious
3494.44,17,2917,4,1,4.39,Merchant,Fuel,iOS,Yes,fraud
4003.5,16,2420,2,1,4.28,P2P,Travel,Android,No,suspicious
8298.96,22,3502,1,1,1.88,Merchant,Electronics,Android,No,fraud
1294.48,5,1667,1,0,0.63,P2P,Travel,Android,No,safe
3709.96,7,1705,0,0,11.14,Merchant,Electronics,iOS,No,suspicious
1303.61,23,4119,2,1,3.84,Merchant,Electronics,Android,No,fraud
6959.04,3,2307,4,0,3.59,P2P,Electronics,iOS,No,fraud
1061.27,9,530,2,0,2.06,Merchant,Travel,iOS,No,safe
2980.75,4,1088,5,0,14.04,Merchant,Fuel,Android,No,suspicious
513.58,8,313,4,0,16.87,P2P,Jewelry,Android,No,suspicious
977.33,6,3328,3,0,6.76,Merchant,Fuel,Android,No,suspicious
3271.22,12,3290,4,0,1.36,Merchant,Electronics,Android,No,suspicious
12724.02,1,3279,2,0,1.01,P2P,Fuel,iOS,Yes,fraud
286.1,22,176,2,0,0.09,P2P,Electronics,iOS,No,suspicious
2006.09,18,2899,2,1,3.71,Merchant,Groceries,Android,No,suspicious
247.15,14,3171,8,2,6.17,P2P,Travel,Android,No,fraud
1721.39,16,4154,5,0,2.98,BillPay,Groceries,Android,No,suspicious
8992.1,18,1513,4,0,2.72,P2P,Jewelry,Android,No,fraud
121.13,17,2033,3,0,4.79,Merchant,Jewelry,Unknown,Yes,fraud
7787.35,15,3766,2,0,6.01,P2P,Jewelry,Android,No,suspicious
1676.58,11,1402,2,1,0.36,P2P,Jewelry,Unknown,No,fraud
566.45,5,3051,3,0,2.19,Merchant,Travel,Android,Yes,suspicious
2348.18,16,2025,4,0,4.75,P2P,Groceries,Android,No,suspicious
628.19,3,3272,1,1,5.97,Merchant,Fuel,Android,Yes,fraud
1000.61,8,2091,4,0,1.31,Merchant,Groceries,iOS,No,suspicious
2158.91,18,4026,3,0,1.24,P2P,Electronics,Android,No,suspicious
533.13,16,2821,1,1,3.06,Merchant,Electronics,Android,No,suspicious
303.77,12,876,6,0,9.04,Merchant,Fuel,Android,No,suspicious
2493.01,9,3806,5,0,1.49,P2P,Groceries,Android,No,suspicious
953.01,7,760,2,0,5.57,Merchant,Travel,Android,No,safe
1226.41,22,3845,4,0,8.11,P2P,Electronics,iOS,No,suspicious
263.58,22,84,4,2,11.57,P2P,Fuel,Android,No,fraud
2378.1,8,3188,4,2,0.07,P2P,Travel,iOS,No,fraud
1698.59,17,2180,3,2,1.99,P2P,Fuel,Android,No,fraud
1668.28,8,3362,1,2,7.89,Merchant,Electronics,Android,No,fraud
356.68,21,3607,4,0,2.08,P2P,Fuel,Android,Yes,suspicious
1333.91,4,2162,2,1,3.27,P2P,Fuel,Android,No,fraud
6647.59,6,396,1,0,2.93,P2P,Fuel,Android,Yes,suspicious
1935.38,19,4769,4,1,5.83,P2P,Jewelry,Android,No,fraud
2990.2,19,1193,4,0,22.38,Merchant,Fuel,Android,No,suspicious
2014.9,2,4642,3,1,7.8,P2P,Fuel,Android,Yes,fraud
3080.3,21,1967,5,1,2.14,P2P,Jewelry,Android,No,fraud
435.68,11,1559,3,0,3.63,Merchant,Jewelry,Android,No,suspicious
612.58,2,3429,2,1,7.28,P2P,Travel,iOS,No,suspicious
402.0,3,852,4,0,10.27,P2P,Travel,Android,No,suspicious
515.62,18,4551,3,0,4.17,Merchant,Jewelry,Android,No,suspicious
1861.66,9,4377,3,0,0.35,P2P,Electronics,Android,Yes,fraud
1689.42,10,2512,3,0,5.47,P2P,Electronics,Android,Yes,fraud
1578.41,3,467,1,0,0.26,P2P,Electronics,Android,No,suspicious
1438.64,5,732,1,0,2.33,Merchant,Fuel,Android,Yes,suspicious
946.54,15,4961,4,0,2.32,P2P,Jewelry,iOS,No,suspicious
6375.18,1,638,4,1,1.2,P2P,Electronics,Android,No,fraud
6250.71,4,413,2,3,6.3,BillPay,Fuel,Android,No,fraud
3008.32,3,328,2,0,10.72,P2P,Jewelry,Android,No,suspicious
3064.4,3,2088,1,0,1.04,P2P,Electronics,iOS,Yes,fraud
1033.43,11,3488,2,0,0.07,Merchant,Electronics,Android,No,suspicious
3250.51,5,2046,2,0,16.42,Merchant,Travel,Android,No,suspicious
731.45,20,3919,0,0,6.49,Merchant,Electronics,Android,No,suspicious
1589.51,11,1270,0,1,0.56,P2P,Travel,iOS,No,suspicious
1357.13,6,4066,1,0,4.68,Merchant,Fuel,Android,No,safe
1561.0,8,4455,4,0,9.59,P2P,Groceries,iOS,No,suspicious
2559.88,15,2584,1,0,10.79,P2P,Jewelry,iOS,No,suspicious
4977.26,2,3590,1,0,2.69,P2P,Electronics,Android,No,suspicious
149.61,15,4027,4,0,1.8,P2P,Electronics,Android,No,suspicious
3377.29,6,3481,1,0,3.67,Merchant,Groceries,Android,Yes,suspicious
680.82,1,1385,1,0,0.11,BillPay,Groceries,Android,No,suspicious
614.87,20,3957,4,0,5.69,Merchant,Electronics,iOS,Yes,suspicious
1460.95,4,2054,2,0,3.04,P2P,Travel,iOS,No,suspicious
1710.52,0,2883,2,1,8.18,P2P,Jewelry,Android,No,fraud
661.3,11,1968,3,0,4.08,P2P,Jewelry,iOS,No,suspicious
436.81,16,4131,7,1,4.92,Merchant,Groceries,Android,No,fraud
1888.22,18,3531,1,1,3.88,BillPay,Travel,Android,Yes,fraud
5055.54,8,4327,2,0,2.76,P2P,Fuel,iOS,No,suspicious
1540.98,15,3007,1,0,3.56,P2P,Travel,iOS,No,safe
940.89,12,2350,2,0,2.77,BillPay,Groceries,Android,Yes,suspicious
2197.27,1,1725,1,0,6.14,P2P,Jewelry,Android,No,suspicious
1122.8,19,165,3,0,4.1,BillPay,Travel,Android,Yes,suspicious
310.73,16,2808,3,0,4.99,P2P,Travel,Android,Yes,suspicious
10908.4,0,970,4,0,2.54,P2P,Fuel,Android,No,fraud
1024.81,7,3923,2,0,0.53,P2P,Fuel,Unknown,Yes,suspicious
717.22,6,4313,3,0,9.12,P2P,Travel,Android,No,suspicious
1362.13,16,3419,1,2,22.44,P2P,Jewelry,iOS,No,fraud
1250.27,20,3737,2,0,5.45,P2P,Groceries,Android,Yes,suspicious
2857.81,16,2395,2,0,10.68,Merchant,Electronics,iOS,Yes,suspicious
855.37,9,3804,4,0,12.13,P2P,Travel,iOS,No,suspicious
3235.35,21,4224,2,0,10.73,Merchant,Groceries,iOS,Yes,suspicious
976.48,2,957,6,0,6.57,Merchant,Jewelry,iOS,No,fraud
3172.46,13,453,0,0,0.78,Merchant,Jewelry,iOS,No,suspicious
3934.53,8,4809,3,0,2.12,Merchant,Fuel,Android,Yes,suspicious
134.37,14,1280,2,1,1.71,P2P,Electronics,Android,No,suspicious
830.71,0,2042,4,3,3.78,P2P,Travel,Android,No,fraud
597.53,14,642,3,0,2.34,P2P,Groceries,Android,Yes,suspicious
3219.54,3,2206,2,0,12.25,P2P,Electronics,iOS,No,suspicious
557.95,19,3956,6,1,0.55,P2P,Electronics,Android,Yes,fraud
537.9,12,2220,3,0,18.37,P2P,Fuel,Android,Yes,suspicious
1521.03,22,4138,4,1,0.92,BillPay,Jewelry,Android,No,fraud
1328.14,7,4166,1,2,10.06,P2P,Groceries,Android,No,fraud
604.76,8,3265,1,0,10.98,P2P,Electronics,iOS,No,suspicious
3158.22,2,2759,3,0,1.53,P2P,Fuel,Android,No,suspicious
866.61,4,1724,2,0,0.1,Merchant,Travel,Android,No,suspicious
2264.84,11,610,1,0,0.46,P2P,Travel,iOS,No,safe
4130.6,3,2058,4,1,4.01,P2P,Fuel,Android,Yes,fraud
907.45,16,4707,2,1,4.85,Merchant,Groceries,Unknown,No,fraud
6503.78,13,216,4,0,1.07,P2P,Groceries,Android,No,suspicious
203.2,8,189,5,0,2.71,Merchant,Fuel,Android,No,suspicious
2953.49,1,816,1,0,8.29,Merchant,Fuel,Android,No,suspicious
5094.66,21,4548,3,0,3.62,BillPay,Fuel,Android,No,suspicious
2449.72,16,2071,3,1,1.21,Merchant,Electronics,Android,No,fraud
1424.73,23,3130,1,0,2.09,P2P,Fuel,Android,No,safe
4555.37,23,1516,3,1,4.45,P2P,Fuel,iOS,Yes,fraud
957.82,13,4376,6,0,1.56,P2P,Fuel,iOS,Yes,suspicious
1479.6,11,3961,4,0,1.92,P2P,Groceries,Android,No,suspicious
1961.08,8,1852,2,1,2.27,Merchant,Jewelry,iOS,Yes,fraud
1436.46,7,552,4,1,5.24,P2P,Fuel,Android,Yes,fraud
704.56,23,2064,3,0,7.67,P2P,Jewelry,iOS,No,suspicious
2141.6,1,3613,2,0,1.58,Merchant,Travel,Android,No,suspicious
1843.79,6,465,3,2,9.53,P2P,Fuel,Android,No,fraud
813.87,9,1938,4,0,8.26,P2P,Fuel,iOS,No,suspicious
3367.42,8,4054,4,2,3.81,P2P,Travel,Unknown,No,fraud
782.6,6,3955,2,1,2.15,Merchant,Electronics,Android,No,fraud
9655.77,3,3018,5,0,0.03,P2P,Fuel,iOS,Yes,fraud
3036.2,17,3687,1,0,2.71,P2P,Groceries,Android,Yes,suspicious
5083.58,8,2605,3,0,1.97,P2P,Travel,iOS,Yes,suspicious
3005.7,14,3867,8,0,1.44,Merchant,Electronics,Android,Yes,fraud
7882.48,18,2752,3,0,4.36,Merchant,Electronics,Android,No,suspicious
1608.4,1,4869,1,0,4.52,P2P,Travel,iOS,No,suspicious
2402.37,17,2199,4,2,1.15,BillPay,Jewelry,iOS,Yes,fraud
2406.07,1,2311,3,0,1.72,BillPay,Electronics,Android,No,fraud
890.85,7,4617,1,0,0.56,P2P,Groceries,Android,No,safe
1657.11,0,4437,1,0,0.94,P2P,Groceries,iOS,No,suspicious
683.37,3,2053,2,0,9.02,P2P,Electronics,Android,No,suspicious
5679.2,4,4752,2,0,4.67,P2P,Groceries,Android,Yes,fraud
2448.61,0,461,2,0,2.31,Merchant,Electronics,iOS,No,suspicious
5256.48,22,2579,2,0,2.04,BillPay,Fuel,Android,No,suspicious
1417.63,9,2375,2,0,1.92,Merchant,Travel,Unknown,No,suspicious
260.21,1,3122,2,1,2.32,P2P,Groceries,iOS,No,suspicious
1212.34,15,734,2,4,1.42,Merchant,Electronics,Android,No,fraud
1346.55,17,637,2,0,7.78,P2P,Travel,Android,Yes,suspicious
3689.63,15,2818,1,2,1.26,P2P,Electronics,Android,No,fraud
726.03,2,3358,2,0,5.11,BillPay,Fuel,Android,No,suspicious
1565.13,4,4864,3,1,1.65,Merchant,Jewelry,Android,No,fraud
2194.17,22,3727,2,3,1.89,Merchant,Jewelry,Android,No,fraud
740.69,4,248,3,0,3.22,P2P,Electronics,Android,No,suspicious
1633.0,17,422,2,1,0.08,P2P,Travel,iOS,No,suspicious
3686.84,9,3369,2,1,0.59,BillPay,Jewelry,iOS,No,fraud
900.09,6,3391,5,0,7.2,P2P,Travel,Android,No,suspicious
1765.09,22,2818,7,0,1.74,Merchant,Travel,Android,Yes,fraud
925.98,6,3852,3,0,3.93,BillPay,Groceries,Android,No,suspicious
2423.37,10,838,0,0,0.47,P2P,Fuel,Android,No,safe
1318.45,19,4680,2,0,1.35,P2P,Groceries,Android,Yes,suspicious
1040.35,21,845,4,0,4.52,Merchant,Jewelry,Android,No,suspicious
2709.4,15,1962,3,0,3.79,P2P,Electronics,Unknown,No,fraud
567.68,20,3372,5,0,5.85,P2P,Jewelry,Android,No,suspicious
1764.59,9,4710,2,2,0.89,P2P,Travel,Android,No,fraud
1700.29,18,1815,1,1,5.13,P2P,Groceries,Android,Yes,fraud
425.82,17,2188,1,0,5.06,Merchant,Jewelry,iOS,No,suspicious
8149.22,14,2449,5,0,0.6,P2P,Jewelry,iOS,No,fraud
1726.85,0,2313,2,2,4.77,P2P,Groceries,Android,No,fraud
773.71,10,2657,8,1,0.41,BillPay,Fuel,Android,Yes,fraud
4553.76,7,2249,2,0,12.22,Merchant,Fuel,Android,Yes,suspicious
1126.83,19,1880,2,2,3.31,P2P,Jewelry,Android,No,fraud
1771.89,23,4465,3,1,9.7,P2P,Travel,Android,No,suspicious
2772.43,20,3104,1,0,6.26,BillPay,Travel,Android,No,suspicious
1135.38,2,2009,3,1,1.09,Merchant,Travel,Android,Yes,fraud
4438.23,11,1057,3,0,2.13,P2P,Jewelry,Android,No,suspicious
760.16,20,196,4,1,1.51,P2P,Travel,iOS,Yes,fraud
317.51,7,616,0,0,4.11,P2P,Fuel,Android,No,safe
1154.41,4,1618,5,0,1.96,P2P,Jewelry,Android,No,fraud
194.66,19,1492,1,1,2.5,Merchant,Jewelry,Android,No,suspicious
1057.96,3,4439,3,0,23.49,P2P,Jewelry,Android,No,suspicious
1343.0,1,4399,4,0,17.17,BillPay,Electronics,Android,No,fraud
3749.6,14,2677,2,0,2.1,P2P,Fuel,Android,Yes,suspicious
548.98,12,4207,2,1,4.31,Merchant,Travel,Android,No,suspicious
4101.69,15,3247,3,0,3.11,P2P,Jewelry,Android,Yes,fraud
1848.28,18,3896,1,0,9.27,P2P,Jewelry,iOS,No,suspicious
6935.53,3,64,5,1,5.97,Merchant,Jewelry,Android,No,fraud
3344.84,13,3542,4,0,2.22,P2P,Jewelry,Android,No,suspicious
9747.59,15,4313,4,0,7.55,BillPay,Travel,Android,No,suspicious
6179.13,21,3255,0,0,1.7,BillPay,Electronics,Android,No,suspicious
1305.5,21,1172,4,0,7.45,Merchant,Electronics,Android,Yes,fraud
993.13,9,1606,7,0,0.54,P2P,Jewelry,Android,No,fraud
4730.64,9,2607,3,0,5.0,P2P,Electronics,iOS,No,suspicious
905.61,22,3615,3,0,14.75,Merchant,Electronics,iOS,Yes,suspicious
2942.63,21,1337,2,0,0.07,P2P,Travel,Android,No,suspicious
7504.35,8,899,3,0,6.57,P2P,Groceries,iOS,Yes,suspicious
1348.86,21,3937,5,0,0.22,BillPay,Jewelry,Android,Yes,fraud
390.27,3,1696,3,0,4.15,Merchant,Electronics,iOS,Yes,fraud
1047.85,11,219,3,0,1.67,P2P,Travel,Android,No,suspicious
1113.27,11,561,5,1,6.42,P2P,Groceries,iOS,No,fraud
3498.38,20,3817,3,1,16.68,P2P,Travel,Android,No,fraud
1956.07,19,1070,2,0,5.05,BillPay,Travel,Android,Yes,suspicious
4610.48,11,1983,5,0,0.23,BillPay,Travel,Android,No,suspicious
1012.35,20,1173,5,0,0.5,P2P,Electronics,Unknown,No,fraud
2000.39,0,904,3,0,2.39,P2P,Jewelry,iOS,No,fraud
391.93,9,4691,4,0,0.12,BillPay,Groceries,Android,No,suspicious
1487.98,7,3291,4,0,2.9,P2P,Travel,Android,No,suspicious
647.62,6,224,1,0,2.53,Merchant,Groceries,iOS,Yes,suspicious
221.77,23,316,3,2,12.22,P2P,Fuel,Android,Yes,fraud
2179.73,8,3626,3,1,6.93,BillPay,Travel,iOS,Yes,fraud
2195.03,15,3659,3,1,1.93,Merchant,Fuel,iOS,No,suspicious
20162.03,2,3778,6,0,6.34,P2P,Electronics,Android,No,fraud
516.98,5,3581,8,0,0.23,P2P,Travel,Android,No,suspicious
599.47,23,1083,2,0,2.18,P2P,Groceries,Android,No,safe
11806.91,18,4348,3,0,0.32,P2P,Fuel,iOS,Yes,suspicious
2263.71,1,3750,2,0,1.34,P2P,Electronics,iOS,Yes,fraud
4212.74,22,3878,5,0,4.1,P2P,Travel,Unknown,Yes,fraud
281.82,11,3433,4,0,0.6,Merchant,Electronics,Android,Yes,suspicious
1821.55,11,1517,0,1,5.75,P2P,Travel,Android,No,suspicious
2568.88,2,3104,4,1,8.06,P2P,Fuel,Android,Yes,fraud
733.97,11,1339,1,1,0.47,P2P,Jewelry,Unknown,Yes,fraud
1916.19,15,1736,3,1,8.0,BillPay,Jewelry,iOS,No,fraud
17706.97,15,4979,4,0,5.89,Merchant,Jewelry,Android,No,fraud
739.92,1,172,1,2,14.61,Merchant,Fuel,Android,No,fraud
1662.41,20,1388,2,0,0.81,P2P,Groceries,Android,No,suspicious
6345.13,21,188,8,0,1.67,P2P,Groceries,Android,No,fraud
3749.86,21,1434,2,0,7.13,P2P,Travel,Android,No,suspicious
1230.44,8,138,3,0,3.47,P2P,Travel,Android,Yes,suspicious
968.19,21,67,4,1,5.49,Merchant,Groceries,iOS,Yes,fraud
2251.1,6,1658,2,0,0.72,Merchant,Electronics,Android,Yes,suspicious
719.23,7,3433,3,0,22.63,P2P,Jewelry,iOS,No,suspicious
2991.85,16,2843,3,1,9.98,P2P,Electronics,Unknown,No,fraud
2005.13,14,247,0,0,0.87,P2P,Groceries,Android,No,safe
1761.81,16,3016,5,1,4.83,Merchant,Travel,Android,No,fraud
784.23,0,788,2,1,0.26,Merchant,Fuel,iOS,No,fraud
3060.81,10,2581,2,0,6.52,P2P,Groceries,iOS,No,suspicious
6002.84,18,2860,2,1,7.6,P2P,Jewelry,Android,No,fraud
13351.81,12,2358,1,0,1.64,Merchant,Electronics,Android,No,suspicious
1860.53,18,4892,2,0,1.47,P2P,Travel,Android,No,suspicious
2430.37,17,1774,1,1,0.84,P2P,Electronics,Android,No,fraud
6317.1,8,2081,2,0,6.56,Merchant,Groceries,Android,No,suspicious
954.73,5,1679,2,0,2.79,P2P,Electronics,Android,Yes,suspicious
1585.35,7,3775,3,2,0.03,P2P,Groceries,Android,No,fraud
1008.35,8,3760,2,0,0.41,P2P,Fuel,Android,Yes,suspicious
2600.09,11,3316,0,0,4.33,Merchant,Groceries,Unknown,Yes,suspicious
1091.56,8,578,2,0,1.21,Merchant,Electronics,iOS,No,suspicious
584.07,1,2930,4,0,5.47,P2P,Travel,Android,No,suspicious
1209.87,17,4425,4,0,2.57,P2P,Groceries,iOS,Yes,suspicious
5315.7,21,2516,3,1,2.61,P2P,Travel,Android,Yes,fraud
335.77,18,794,2,1,1.08,Merchant,Jewelry,iOS,No,suspicious
2105.26,9,1621,3,0,7.12,P2P,Electronics,Android,No,suspicious
821.49,16,1334,2,0,5.88,P2P,Jewelry,Android,No,suspicious
3557.94,11,4313,5,1,0.62,Merchant,Groceries,Android,No,fraud
2099.19,23,3264,1,0,1.74,Merchant,Jewelry,Android,No,suspicious
1061.78,1,952,4,1,4.83,P2P,Jewelry,Android,No,fraud
2071.53,0,2687,6,0,0.08,P2P,Travel,Android,No,suspicious
10720.09,4,1678,5,0,5.65,Merchant,Travel,Android,Yes,fraud
398.99,22,4941,4,0,0.74,Merchant,Travel,Android,Yes,suspicious
1898.21,13,2934,5,0,19.78,P2P,Travel,iOS,No,suspicious
542.62,7,3808,3,2,1.45,P2P,Jewelry,iOS,No,fraud
555.83,2,1113,3,0,12.82,Merchant,Travel,Android,Yes,suspicious
511.35,21,2143,3,0,0.66,Merchant,Travel,Android,No,safe
2425.51,4,3995,6,0,7.41,Merchant,Travel,Unknown,Yes,fraud
17138.38,5,2809,2,1,26.06,P2P,Electronics,Android,No,fraud
4873.2,0,780,3,0,2.26,P2P,Fuel,iOS,No,suspicious
2202.09,2,3606,3,2,0.41,P2P,Groceries,Unknown,Yes,fraud
916.92,8,1778,6,0,7.07,BillPay,Electronics,Android,No,suspicious
396.09,18,1447,5,0,2.88,P2P,Groceries,Android,No,suspicious
419.95,18,258,2,0,3.36,Merchant,Jewelry,Android,No,suspicious
828.67,9,990,4,0,6.37,P2P,Jewelry,Android,Yes,fraud
1768.95,12,3888,5,0,2.86,P2P,Fuel,Android,No,suspicious
5551.4,0,4887,4,0,1.82,Merchant,Jewelry,Android,No,fraud
20535.86,21,3088,0,0,2.93,P2P,Jewelry,Android,Yes,fraud
1169.36,8,1183,5,0,2.57,P2P,Jewelry,Android,No,suspicious
1506.8,15,2231,4,0,2.73,Merchant,Electronics,iOS,No,suspicious
135.87,19,1068,2,1,3.81,Merchant,Travel,Android,Yes,suspicious
171.95,6,1935,4,1,0.99,P2P,Groceries,iOS,No,suspicious
760.25,23,1714,3,0,2.77,Merchant,Groceries,Android,No,suspicious
5467.67,9,154,2,0,6.38,P2P,Electronics,Android,No,suspicious
554.71,9,1963,3,0,4.06,BillPay,Jewelry,Android,No,suspicious
1034.99,12,459,4,0,9.12,P2P,Fuel,Unknown,No,suspicious
2263.48,21,2705,5,0,1.37,P2P,Fuel,Android,No,suspicious
2488.74,5,4036,2,0,1.67,Merchant,Electronics,Android,No,suspicious
2437.59,19,982,1,0,0.81,P2P,Electronics,Android,No,suspicious
3438.13,0,4502,4,0,5.45,P2P,Fuel,iOS,No,suspicious
1569.86,20,4748,4,0,1.32,BillPay,Groceries,Android,Yes,suspicious
1159.72,3,1730,8,0,3.36,Merchant,Groceries,Android,No,fraud
1653.33,16,1355,2,0,3.14,P2P,Jewelry,Android,No,suspicious
914.45,0,4474,2,0,4.27,Merchant,Fuel,Android,No,suspicious
2600.06,23,1192,4,1,10.69,P2P,Electronics,Android,No,fraud
1188.17,9,3791,3,0,1.78,P2P,Electronics,Android,No,suspicious
169.69,23,4313,2,0,3.42,P2P,Groceries,Android,Yes,suspicious
1522.94,19,3979,3,0,3.44,P2P,Jewelry,Android,No,suspicious
2032.0,8,1798,5,0,1.45,Merchant,Electronics,Android,No,suspicious
5834.57,22,4889,2,0,12.19,P2P,Travel,Android,No,suspicious
1348.38,12,3493,4,1,0.73,P2P,Electronics,iOS,Yes,fraud
2668.77,9,1195,2,0,5.82,P2P,Fuel,Android,Yes,suspicious
3327.35,16,361,2,2,3.09,Merchant,Electronics,iOS,No,fraud
306.26,15,3738,1,1,0.02,P2P,Travel,Android,No,suspicious
712.69,9,958,3,0,10.16,P2P,Jewelry,Android,No,suspicious
1692.09,19,3146,3,1,2.95,Merchant,Groceries,Android,Yes,fraud
1937.9,14,854,3,0,6.83,P2P,Travel,Android,No,suspicious
701.74,11,196,4,1,1.61,Merchant,Jewelry,iOS,No,fraud
689.6,8,3811,4,0,3.7,P2P,Electronics,iOS,Yes,suspicious
12359.42,23,4116,5,2,2.23,Merchant,Groceries,Android,No,fraud
825.15,4,212,3,0,2.83,P2P,Jewelry,Android,Yes,fraud
1436.81,23,2171,1,0,4.61,Merchant,Groceries,Android,No,safe
3392.21,18,2781,5,1,0.35,P2P,Jewelry,iOS,No,fraud
659.33,2,1372,4,0,9.64,BillPay,Groceries,iOS,No,suspicious
1068.68,12,3780,6,1,3.76,Merchant,Electronics,iOS,Yes,fraud
536.96,20,2885,3,0,1.83,P2P,Jewelry,Android,No,suspicious
2067.02,4,879,3,2,3.81,P2P,Electronics,Unknown,Yes,fraud
565.49,19,162,4,0,1.7,BillPay,Groceries,Android,No,suspicious
917.62,17,1467,4,1,0.16,P2P,Electronics,Android,Yes,fraud
4825.97,12,3154,5,1,0.3,P2P,Groceries,Android,No,fraud
852.9,8,2448,3,0,10.15,P2P,Jewelry,Android,Yes,suspicious
1729.98,2,2299,2,2,4.07,P2P,Fuel,Android,No,fraud
3706.21,6,608,3,0,2.58,Merchant,Travel,Android,No,suspicious
890.17,14,1008,2,0,2.3,P2P,Travel,Android,No,safe
4069.86,7,4717,5,0,16.29,P2P,Jewelry,Unknown,Yes,fraud
395.49,21,1166,3,0,3.31,P2P,Fuel,Android,Yes,suspicious
2538.05,22,2166,2,0,16.3,BillPay,Travel,iOS,Yes,suspicious
4943.52,3,1164,8,0,0.35,P2P,Groceries,Android,No,fraud
534.03,7,2648,0,2,4.53,BillPay,Groceries,Android,Yes,fraud
1811.16,3,1429,7,2,1.8,Merchant,Groceries,iOS,No,fraud
3429.35,2,4593,2,0,1.5,P2P,Fuel,iOS,No,suspicious
5687.84,15,1825,2,0,1.48,P2P,Fuel,Android,No,suspicious
1396.15,5,2210,2,0,0.14,P2P,Fuel,Android,No,suspicious
372.82,22,1298,1,0,4.84,P2P,Groceries,iOS,Yes,suspicious
11443.7,6,2490,0,0,2.18,P2P,Jewelry,Android,No,suspicious
1622.77,9,3977,2,0,2.13,P2P,Electronics,Unknown,No,fraud
546.01,13,2354,2,1,5.31,Merchant,Travel,Android,No,suspicious
2086.0,9,2081,1,0,0.47,P2P,Electronics,Android,No,suspicious
519.21,15,2774,4,0,0.96,P2P,Travel,iOS,Yes,suspicious
10319.76,8,4724,1,0,1.95,Merchant,Fuel,Unknown,No,suspicious
17393.86,20,3403,3,0,1.06,P2P,Jewelry,Unknown,Yes,fraud
1932.35,15,146,0,0,0.1,P2P,Travel,iOS,No,safe
3278.58,14,1908,1,1,5.05,Merchant,Groceries,iOS,No,suspicious
1021.72,7,1444,2,0,1.62,P2P,Groceries,Android,No,safe
1840.34,3,2697,5,1,1.85,P2P,Electronics,Android,No,fraud
2567.01,8,2903,0,0,14.76,BillPay,Jewelry,iOS,No,suspicious
16690.74,13,1547,5,0,1.54,P2P,Fuel,Android,No,suspicious
3405.18,19,3080,4,1,0.65,P2P,Fuel,Android,Yes,fraud
277.82,0,1930,2,1,0.93,P2P,Electronics,Android,Yes,fraud
3960.18,14,1745,2,0,6.12,P2P,Travel,Android,No,suspicious
744.13,15,977,4,1,1.54,Merchant,Jewelry,Android,No,fraud
1275.41,16,82,4,1,1.49,P2P,Jewelry,iOS,Yes,fraud
941.34,3,235,3,0,6.0,P2P,Jewelry,Android,No,suspicious
1780.24,9,1523,3,0,4.38,Merchant,Travel,Android,Yes,suspicious
108.57,15,2699,1,0,5.42,Merchant,Fuel,Android,No,safe
504.0,21,1181,5,0,8.91,P2P,Fuel,Android,No,suspicious
3290.57,8,3120,2,0,2.15,P2P,Groceries,Android,Yes,suspicious
3680.48,12,2390,5,1,0.09,Merchant,Travel,Android,No,fraud
3196.06,15,1208,2,0,0.97,P2P,Jewelry,Android,No,suspicious
4252.66,19,2577,4,0,4.43,P2P,Jewelry,Unknown,Yes,fraud
1558.02,10,3754,3,0,0.32,Merchant,Travel,Android,No,suspicious
473.85,0,4190,3,0,2.14,P2P,Groceries,Android,No,suspicious
7769.07,15,4031,1,1,2.88,P2P,Electronics,Android,No,fraud
605.71,14,2793,2,1,3.46,Merchant,Jewelry,Android,No,fraud
746.28,10,1520,3,0,2.74,Merchant,Fuel,Android,No,suspicious
9864.18,17,1297,1,1,1.64,Merchant,Electronics,iOS,No,fraud
1359.54,16,3128,1,0,3.17,BillPay,Electronics,iOS,Yes,suspicious
3270.58,10,4862,5,0,5.26,P2P,Travel,iOS,No,suspicious
3325.62,8,2589,4,1,6.84,Merchant,Travel,iOS,Yes,fraud
433.63,19,1216,3,1,4.04,BillPay,Groceries,iOS,No,suspicious
1042.94,16,1883,2,0,0.11,Merchant,Travel,Android,No,safe
2047.43,0,2720,2,0,6.01,Merchant,Travel,Android,No,suspicious
1380.43,5,2959,4,0,0.14,P2P,Electronics,iOS,No,suspicious
2122.35,6,2460,1,0,3.77,P2P,Jewelry,Android,No,suspicious
5416.3,1,433,5,1,1.2,Merchant,Jewelry,Android,No,fraud
669.31,9,1138,5,0,0.38,P2P,Travel,Unknown,Yes,fraud
613.96,18,4572,5,0,5.03,P2P,Electronics,Android,No,suspicious
7700.34,16,1056,3,0,0.88,P2P,Jewelry,iOS,No,suspicious
1609.03,5,2649,1,0,1.82,P2P,Fuel,iOS,Yes,suspicious
2472.9,17,4835,2,0,20.73,P2P,Travel,Android,No,suspicious
1449.61,14,4389,5,0,6.7,P2P,Fuel,Android,No,suspicious
592.83,3,102,3,1,1.41,Merchant,Groceries,iOS,No,fraud
563.52,6,4041,4,1,6.61,BillPay,Electronics,iOS,Yes,fraud
806.29,22,4336,1,1,11.3,BillPay,Fuel,Unknown,No,fraud
2224.53,20,1106,3,0,2.07,Merchant,Jewelry,Android,Yes,fraud
3568.24,7,1851,3,0,5.27,Merchant,Travel,Android,No,suspicious
1207.46,9,4046,1,0,0.08,P2P,Groceries,Android,Yes,suspicious
618.75,0,1367,1,0,2.82,Merchant,Travel,Android,No,suspicious
1278.48,15,3252,3,1,7.77,P2P,Groceries,Android,Yes,fraud
1558.3,11,410,1,0,5.25,P2P,Fuel,Android,No,safe
77.89,19,538,0,1,1.17,P2P,Fuel,Android,No,suspicious
7938.17,1,4383,2,1,0.9,P2P,Travel,Android,No,fraud
7489.94,10,2381,3,0,10.11,P2P,Electronics,Android,Yes,fraud
3222.38,20,3898,2,2,2.33,Merchant,Fuel,Unknown,Yes,fraud
5053.22,19,2752,2,0,2.73,Merchant,Electronics,Android,No,suspicious
3056.13,16,3080,3,0,3.63,Merchant,Jewelry,Android,No,suspicious
737.38,1,1965,9,0,2.65,P2P,Groceries,iOS,No,fraud
1920.36,0,2357,3,0,5.76,P2P,Groceries,Android,No,suspicious
5890.03,0,4633,2,0,5.23,P2P,Electronics,Android,Yes,fraud
560.66,18,3002,3,0,26.19,Merchant,Electronics,iOS,No,suspicious
6261.53,16,1501,4,2,0.99,Merchant,Jewelry,Android,Yes,fraud
515.86,5,74,5,0,0.7,P2P,Jewelry,iOS,No,fraud
1018.77,0,255,2,1,6.15,P2P,Groceries,iOS,Yes,fraud
3935.63,19,4367,6,1,13.78,P2P,Electronics,Android,Yes,fraud
253.02,17,3864,0,0,1.14,P2P,Electronics,Android,No,safe
1245.7,13,1997,2,0,2.48,P2P,Jewelry,iOS,Yes,suspicious
1583.27,12,17,2,0,1.79,P2P,Groceries,iOS,No,suspicious
2385.83,17,3985,1,1,1.6,P2P,Fuel,Android,No,suspicious
1951.1,17,90,5,1,6.54,P2P,Groceries,iOS,Yes,fraud
757.16,16,2966,3,2,0.89,P2P,Jewelry,Android,No,fraud
1227.28,15,3609,7,0,1.46,Merchant,Jewelry,Android,No,fraud
1345.51,1,3603,3,0,7.24,BillPay,Jewelry,Android,Yes,fraud
1418.88,11,795,6,0,0.01,P2P,Jewelry,Android,Yes,fraud
25724.98,11,2699,2,0,3.96,P2P,Fuel,Android,No,suspicious
1277.9,15,4939,4,2,2.71,Merchant,Electronics,Unknown,No,fraud
8426.33,15,2987,4,0,8.65,P2P,Fuel,Android,No,suspicious
2113.24,16,844,3,0,0.55,P2P,Groceries,Android,No,suspicious
763.61,19,1733,4,0,15.63,P2P,Groceries,Android,No,suspicious
4128.53,17,1387,3,0,27.73,P2P,Groceries,iOS,No,suspicious
5395.45,15,3241,2,0,3.54,P2P,Electronics,Android,No,suspicious
1292.44,12,2713,3,2,1.6,Merchant,Jewelry,Android,Yes,fraud
1056.02,1,3812,1,0,0.11,P2P,Fuel,Android,No,suspicious
933.47,22,2473,3,1,14.07,P2P,Travel,Android,Yes,fraud
2438.72,9,2752,5,0,1.48,Merchant,Fuel,iOS,No,suspicious
5289.47,20,2797,2,0,5.6,BillPay,Jewelry,Android,No,suspicious
2385.61,17,1111,4,1,0.31,P2P,Jewelry,iOS,No,fraud
5850.44,3,4522,2,0,0.76,P2P,Fuel,Android,No,suspicious
272.0,4,4569,3,1,0.22,Merchant,Jewelry,Android,Yes,fraud
716.65,19,11,4,0,3.57,Merchant,Fuel,iOS,No,suspicious
218.13,23,3595,3,0,20.86,P2P,Fuel,Android,No,safe
319.28,22,651,3,0,3.1,Merchant,Fuel,Android,No,safe
216.63,9,4287,4,0,8.63,BillPay,Electronics,Android,No,suspicious
1616.33,1,1666,5,0,2.07,Merchant,Jewelry,Android,No,fraud
1967.09,11,3568,3,0,0.96,P2P,Travel,iOS,No,suspicious
5870.32,2,4452,8,1,0.72,P2P,Jewelry,Android,No,fraud
2288.95,21,4888,2,1,0.47,P2P,Fuel,Android,No,suspicious
364.96,0,1871,0,0,15.41,P2P,Electronics,Android,No,suspicious
1666.12,0,367,4,0,7.78,Merchant,Travel,iOS,No,suspicious
199.42,13,2341,5,1,8.44,Merchant,Travel,iOS,No,suspicious
1003.09,6,2782,3,1,11.02,BillPay,Jewelry,Android,No,fraud
1604.17,5,4441,3,0,8.1,P2P,Travel,Android,No,suspicious
3242.71,6,3036,2,1,0.46,Merchant,Travel,Android,Yes,fraud
2013.96,10,2917,6,2,3.28,P2P,Fuel,Android,Yes,fraud
717.78,15,346,1,1,0.09,P2P,Groceries,Android,No,suspicious
3460.9,4,4116,7,0,3.11,P2P,Groceries,Android,No,fraud
1097.22,9,1728,4,0,2.35,Merchant,Groceries,Android,No,suspicious
8752.69,17,3274,6,1,9.89,P2P,Travel,Android,Yes,fraud
689.23,7,1400,2,3,12.67,P2P,Travel,Android,No,fraud
1170.51,15,1978,5,1,0.6,P2P,Fuel,iOS,No,fraud
1659.5,10,1781,2,0,11.03,P2P,Travel,Android,Yes,suspicious
1277.5,5,1042,4,0,7.97,P2P,Travel,Android,No,suspicious
2574.75,22,244,3,0,3.42,Merchant,Groceries,Android,No,suspicious
3405.61,11,2116,2,2,0.68,P2P,Groceries,Android,No,fraud
4848.29,17,244,6,0,9.65,P2P,Fuel,Android,No,suspicious
3212.55,17,2540,3,0,1.72,P2P,Travel,Android,No,suspicious
2673.05,19,2221,5,0,1.06,Merchant,Jewelry,Android,No,suspicious
880.84,2,2648,1,1,4.5,P2P,Fuel,Android,Yes,fraud
9657.51,8,1747,6,0,1.48,Merchant,Fuel,iOS,No,suspicious
3366.28,17,1693,6,0,1.3,Merchant,Travel,Android,No,suspicious
335.08,7,4845,2,1,2.21,P2P,Jewelry,Android,Yes,fraud
6999.08,0,2242,4,1,19.36,P2P,Groceries,iOS,Yes,fraud
715.6,16,508,1,1,2.63,Merchant,Electronics,Android,Yes,fraud
276.93,19,3924,1,0,7.3,BillPay,Fuel,iOS,No,safe
750.06,0,425,6,1,0.59,P2P,Groceries,Android,No,fraud
1123.83,0,3024,1,1,4.45,P2P,Jewelry,Android,Yes,fraud
789.97,3,253,4,2,2.44,P2P,Jewelry,iOS,Yes,fraud
4832.17,2,418,4,0,4.18,Merchant,Jewelry,Android,No,fraud
16170.48,12,2295,4,0,0.07,Merchant,Groceries,Android,No,suspicious
2852.47,12,473,2,2,3.58,P2P,Electronics,Android,No,fraud
229.17,17,1203,2,1,0.84,BillPay,Fuel,iOS,No,suspicious
440.74,3,3762,4,0,0.41,P2P,Travel,Android,No,suspicious
3005.64,11,1156,4,1,8.18,P2P,Groceries,Android,Yes,fraud
2280.34,18,573,3,1,0.39,P2P,Groceries,Android,No,suspicious
2608.24,4,307,6,0,1.79,P2P,Electronics,Android,No,fraud
789.84,22,1779,3,1,10.33,P2P,Groceries,iOS,Yes,fraud
830.69,0,4948,2,0,0.52,P2P,Groceries,Android,No,suspicious
2038.95,4,3318,1,1,0.67,P2P,Travel,iOS,Yes,fraud
489.3,19,3942,2,1,7.9,P2P,Jewelry,iOS,No,fraud
1447.46,10,1589,2,0,2.04,P2P,Groceries,Android,No,suspicious
515.2,14,1058,2,2,7.1,BillPay,Electronics,iOS,No,fraud
727.6,14,3858,0,1,1.57,P2P,Groceries,Android,No,suspicious
7909.94,11,4522,2,1,16.49,Merchant,Travel,iOS,Yes,fraud
3833.72,14,1857,6,0,2.54,Merchant,Electronics,Android,No,fraud
1358.42,20,3108,0,0,6.53,P2P,Electronics,Android,No,suspicious
875.84,14,170,2,0,0.54,BillPay,Jewelry,iOS,Yes,suspicious
6113.79,13,1104,2,1,2.01,P2P,Jewelry,Unknown,No,fraud
1212.51,6,2331,4,1,10.29,P2P,Electronics,Android,Yes,fraud
244.77,23,2279,1,0,2.85,Merchant,Groceries,Android,No,safe
2315.96,14,3997,4,0,3.77,P2P,Groceries,Android,Yes,suspicious
8208.03,14,1726,7,0,2.85,P2P,Groceries,Android,No,suspicious
4431.84,0,3585,2,2,11.98,P2P,Fuel,Android,No,fraud
1053.59,3,497,0,0,5.45,P2P,Fuel,iOS,No,suspicious
1155.97,2,1314,3,2,4.01,Merchant,Fuel,Android,Yes,fraud
614.76,8,805,8,0,5.5,P2P,Electronics,Android,Yes,fraud
3598.25,3,2979,3,0,0.63,P2P,Travel,iOS,No,suspicious
1376.6,19,3363,5,0,29.66,Merchant,Fuel,iOS,No,suspicious
1743.5,2,1477,2,1,2.18,P2P,Electronics,Android,No,fraud
5031.27,18,971,4,0,8.11,P2P,Fuel,iOS,No,suspicious
1442.62,17,1076,2,0,0.24,P2P,Jewelry,Unknown,No,fraud
3240.78,16,4451,4,0,0.64,Merchant,Electronics,Android,No,suspicious
5681.9,18,109,3,1,4.9,P2P,Groceries,Android,Yes,fraud
1081.98,19,985,2,1,2.35,P2P,Fuel,Android,No,suspicious
1795.15,5,2623,3,0,1.96,Merchant,Travel,Android,No,suspicious
3486.97,15,3471,3,0,1.45,P2P,Electronics,iOS,No,suspicious
4907.33,23,4471,2,1,0.15,P2P,Fuel,iOS,No,suspicious
11644.48,21,2885,2,0,7.76,BillPay,Jewelry,Android,No,suspicious
1485.31,23,606,1,0,0.04,Merchant,Groceries,Android,No,safe
5579.94,14,3957,2,0,0.24,P2P,Fuel,Android,No,suspicious
8232.73,4,1307,4,1,13.36,P2P,Jewelry,Android,No,fraud
2076.35,17,27,4,1,5.66,Merchant,Jewelry,iOS,Yes,fraud
12191.24,14,3741,2,0,4.87,P2P,Travel,Android,No,suspicious
1156.99,15,4761,2,1,7.62,P2P,Electronics,Android,No,fraud
4255.37,15,3137,2,0,3.24,BillPay,Electronics,iOS,No,suspicious
284.71,17,1524,1,0,13.67,Merchant,Fuel,Android,Yes,suspicious
3038.39,22,3179,4,0,4.36,P2P,Fuel,Android,No,suspicious
6485.57,14,4498,7,0,8.21,Merchant,Travel,Android,Yes,fraud
18121.2,12,2519,1,0,2.82,P2P,Fuel,Android,No,suspicious
487.48,16,4914,6,0,0.67,P2P,Fuel,Android,No,suspicious
775.17,9,1269,3,0,0.4,P2P,Travel,iOS,Yes,suspicious
2146.29,16,3577,2,0,2.72,BillPay,Electronics,Android,No,suspicious
2368.62,17,1489,3,0,7.97,P2P,Electronics,Android,No,suspicious
1827.9,14,2478,3,0,13.55,P2P,Electronics,Unknown,No,fraud
1199.43,10,2476,3,0,1.06,P2P,Jewelry,Android,No,suspicious
3004.74,10,1278,3,0,7.92,Merchant,Groceries,iOS,No,suspicious
2085.75,0,1483,4,0,2.34,P2P,Groceries,Android,No,suspicious
841.64,19,2385,2,0,4.28,P2P,Fuel,Android,No,safe
674.49,10,3785,7,0,2.07,P2P,Jewelry,iOS,No,suspicious
541.93,13,3889,3,1,0.71,P2P,Fuel,Android,Yes,fraud
4587.08,2,801,7,1,3.77,Merchant,Electronics,Android,No,fraud
1534.35,20,3527,2,0,24.81,P2P,Jewelry,Android,No,suspicious
1414.67,15,2819,2,0,2.01,P2P,Groceries,Android,No,suspicious
1657.39,20,1548,4,0,5.27,P2P,Electronics,Android,No,suspicious
363.95,10,1807,2,1,4.79,P2P,Electronics,Android,No,suspicious
3102.31,16,1826,4,1,2.35,Merchant,Fuel,Android,No,fraud
658.73,21,4162,1,1,4.15,P2P,Electronics,Android,Yes,fraud
2117.47,21,2316,7,0,0.25,Merchant,Fuel,Android,No,suspicious
930.69,7,3241,4,1,0.04,P2P,Travel,Android,No,suspicious
2510.79,17,1645,3,0,10.29,P2P,Groceries,iOS,No,suspicious
1539.4,18,550,5,0,2.53,P2P,Jewelry,Android,No,suspicious
2004.67,8,3774,4,0,1.99,Merchant,Fuel,Android,No,suspicious
1573.38,22,3559,2,0,4.84,P2P,Electronics,Android,No,suspicious
1026.55,18,316,1,0,0.02,P2P,Travel,iOS,No,safe
1624.5,22,4042,2,0,1.45,P2P,Groceries,Android,Yes,suspicious
3991.17,7,747,3,0,2.98,Merchant,Fuel,iOS,No,suspicious
2036.83,2,672,1,1,2.4,Merchant,Groceries,iOS,No,fraud
674.71,1,4513,3,0,2.34,P2P,Electronics,Android,No,suspicious
1815.65,8,4678,1,0,14.27,P2P,Jewelry,Android,No,suspicious
5383.46,9,89,2,1,7.12,P2P,Electronics,iOS,No,fraud
1676.09,1,3805,5,0,10.04,P2P,Travel,iOS,Yes,fraud
864.59,23,4090,2,0,5.82,P2P,Travel,iOS,No,safe
10852.95,6,4876,4,0,2.42,P2P,Travel,Android,No,suspicious
1358.78,14,3490,2,0,3.57,P2P,Fuel,Android,Yes,suspicious
409.12,22,4879,2,0,0.87,Merchant,Jewelry,Android,No,suspicious
4112.56,14,302,1,0,5.01,P2P,Electronics,Android,No,suspicious
151.56,13,708,1,0,5.78,Merchant,Electronics,Android,Yes,suspicious
4191.32,14,703,2,0,1.46,P2P,Groceries,Android,No,suspicious
1138.71,23,2676,4,0,4.81,P2P,Travel,Unknown,No,suspicious
1807.41,4,4076,2,1,12.17,P2P,Travel,iOS,No,fraud
6786.89,14,4867,4,0,3.2,P2P,Travel,Android,No,suspicious
1447.06,12,3638,3,1,0.75,P2P,Travel,Android,No,suspicious
3176.53,11,4762,1,1,2.85,P2P,Jewelry,Android,No,fraud
2382.01,3,1464,1,0,3.42,P2P,Jewelry,Android,No,suspicious
2844.52,21,322,3,0,13.54,P2P,Electronics,Android,No,suspicious
92.55,18,2304,3,1,5.53,Merchant,Travel,Android,No,suspicious
2738.18,4,1553,2,0,8.86,P2P,Groceries,Android,Yes,suspicious
503.83,3,2549,1,1,1.49,P2P,Travel,Android,Yes,fraud
2221.94,20,3708,6,0,1.43,P2P,Fuel,Android,No,suspicious
2197.64,7,3016,1,0,7.75,Merchant,Fuel,iOS,No,safe
2479.56,0,3344,7,0,3.94,Merchant,Travel,iOS,No,fraud
938.99,5,322,5,0,4.62,Merchant,Electronics,Android,No,suspicious
10390.1,21,969,5,1,0.82,Merchant,Electronics,iOS,No,fraud
3848.95,10,4532,4,0,1.02,Merchant,Fuel,iOS,No,suspicious
1230.17,2,1902,4,1,3.72,Merchant,Electronics,iOS,No,fraud
2840.93,0,730,3,0,8.25,P2P,Electronics,Android,No,fraud
494.39,8,3197,4,0,5.3,P2P,Jewelry,iOS,Yes,suspicious
531.93,23,220,2,0,0.67,Merchant,Travel,Android,No,safe
2466.49,0,2032,6,1,8.54,P2P,Electronics,Android,No,fraud
4170.03,7,2012,2,0,5.71,P2P,Travel,Android,Yes,suspicious
1726.58,23,446,1,1,0.25,Merchant,Groceries,iOS,Yes,fraud
10951.05,2,645,2,0,10.14,P2P,Electronics,Android,No,fraud
875.82,0,4303,3,0,5.93,BillPay,Jewelry,iOS,No,suspicious
1544.39,22,2719,2,0,2.35,Merchant,Electronics,Android,No,suspicious
285.51,20,1107,1,0,4.15,P2P,Travel,Android,No,safe
728.88,16,3914,5,0,3.65,P2P,Groceries,iOS,No,suspicious
6429.37,3,4597,2,0,11.25,P2P,Travel,iOS,No,suspicious
5133.62,16,2264,4,0,2.77,Merchant,Travel,Android,Yes,suspicious
2953.23,7,4667,2,1,3.44,P2P,Groceries,Android,Yes,fraud
2921.51,19,1328,4,0,2.42,P2P,Travel,Unknown,Yes,fraud
11410.0,18,4590,3,1,1.9,Merchant,Jewelry,iOS,No,fraud
1881.8,7,611,3,0,2.61,P2P,Travel,Android,No,suspicious
4422.02,22,4379,4,1,12.11,P2P,Jewelry,Android,No,fraud
3859.41,7,4180,3,0,20.33,Merchant,Fuel,iOS,No,suspicious
1456.47,7,3918,7,0,0.94,P2P,Travel,Android,No,suspicious
2411.94,21,3713,4,1,11.02,P2P,Electronics,Android,Yes,fraud
756.16,3,2568,0,0,1.86,Merchant,Groceries,Android,Yes,suspicious
1158.45,2,2281,6,0,1.63,P2P,Travel,Android,Yes,fraud
2180.1,11,4362,4,1,1.72,P2P,Travel,Android,Yes,fraud
754.87,0,4447,2,0,8.51,P2P,Electronics,iOS,No,suspicious
2708.87,10,2353,3,0,3.62,Merchant,Jewelry,Android,No,suspicious
988.59,18,4689,4,1,2.23,P2P,Travel,Android,No,suspicious
7349.28,23,1964,4,0,1.19,P2P,Groceries,Unknown,No,fraud
3838.26,6,4781,1,1,3.07,P2P,Electronics,Android,Yes,fraud
1028.01,2,403,2,1,0.79,P2P,Electronics,Android,No,fraud
701.82,8,1969,4,0,19.55,Merchant,Fuel,iOS,No,suspicious
4741.79,2,3139,2,0,5.77,P2P,Jewelry,Android,No,fraud
6715.82,18,4827,2,0,1.92,Merchant,Jewelry,Android,No,suspicious
560.78,3,3413,2,0,5.44,P2P,Groceries,Android,No,suspicious
1112.46,5,2158,1,1,5.81,Merchant,Electronics,Android,Yes,fraud
562.49,21,404,3,0,0.3,Merchant,Groceries,Android,Yes,suspicious
594.26,15,2118,8,1,2.02,P2P,Jewelry,Android,No,fraud
1690.49,8,1412,2,1,1.55,BillPay,Travel,Android,Yes,fraud
7946.93,2,4028,6,0,9.43,P2P,Jewelry,Android,No,fraud
1375.99,12,3699,3,0,0.19,P2P,Electronics,Android,No,suspicious
3174.42,16,2839,4,0,1.53,Merchant,Fuel,iOS,Yes,suspicious
6188.4,11,4530,2,1,3.71,Merchant,Jewelry,Android,Yes,fraud
3463.03,11,491,2,1,0.02,P2P,Groceries,Android,No,suspicious
14451.63,18,4527,4,0,0.02,BillPay,Fuel,Android,No,suspicious
90.35,12,2261,5,0,6.81,Merchant,Groceries,Android,No,safe
229.84,12,1357,6,0,12.49,P2P,Travel,Android,No,suspicious
555.57,14,450,2,0,8.63,P2P,Electronics,Android,Yes,suspicious
2106.05,6,380,0,0,1.43,P2P,Groceries,iOS,Yes,suspicious
2528.07,16,4381,3,3,1.07,Merchant,Travel,Android,No,fraud
593.54,7,2212,4,0,2.9,BillPay,Electronics,Android,No,suspicious
3933.8,22,4174,3,0,12.59,P2P,Groceries,Android,No,suspicious
2200.8,3,1383,0,0,1.89,Merchant,Jewelry,iOS,Yes,fraud
221.02,16,4613,5,1,6.45,P2P,Travel,iOS,Yes,fraud
1369.78,5,540,4,0,5.07,P2P,Jewelry,Android,No,suspicious
2301.27,6,2430,3,0,2.31,P2P,Groceries,Android,Yes,suspicious
1295.01,19,4495,4,2,0.76,BillPay,Fuel,Android,No,fraud
1257.45,10,3391,4,0,0.57,Merchant,Groceries,Android,Yes,suspicious
3555.42,3,4152,11,1,2.84,P2P,Electronics,Android,No,fraud
3670.41,20,336,1,0,8.04,BillPay,Groceries,iOS,Yes,suspicious
2797.31,8,1694,4,1,1.58,P2P,Electronics,Android,Yes,fraud
1524.11,0,1025,4,0,0.63,P2P,Groceries,iOS,No,suspicious
1688.32,8,3686,1,0,0.85,P2P,Jewelry,iOS,No,suspicious
279.18,19,1548,3,0,3.81,Merchant,Jewelry,Android,No,suspicious
1421.86,10,4937,5,0,0.87,Merchant,Fuel,iOS,No,suspicious
11669.4,21,28,3,0,15.5,Merchant,Electronics,Android,Yes,fraud
2398.05,8,391,2,0,1.72,P2P,Travel,iOS,No,suspicious
1031.46,17,3572,3,1,8.21,Merchant,Jewelry,iOS,No,fraud
2855.14,11,3062,3,0,6.44,P2P,Groceries,Android,No,suspicious
2705.63,4,2040,2,0,3.31,P2P,Travel,iOS,No,suspicious
19791.34,3,4353,3,0,8.69,Merchant,Groceries,Android,No,suspicious
8689.95,16,1285,4,2,4.47,BillPay,Travel,iOS,Yes,fraud
1629.33,6,1561,9,1,2.59,Merchant,Electronics,Android,Yes,fraud
2738.85,11,204,3,0,3.45,BillPay,Groceries,Android,No,suspicious
1693.93,21,1982,4,1,0.8,Merchant,Electronics,Android,No,fraud
8523.42,15,4863,3,0,0.14,Merchant,Electronics,Unknown,No,fraud
6707.17,10,3343,6,0,0.61,Merchant,Travel,Android,No,suspicious
5215.45,19,4745,7,0,5.96,P2P,Groceries,Android,Yes,fraud
1709.68,4,646,4,0,3.2,P2P,Jewelry,iOS,No,fraud
527.01,7,4627,2,1,2.27,Merchant,Electronics,iOS,No,fraud
3120.94,13,4209,1,0,4.13,Merchant,Groceries,iOS,Yes,suspicious
17932.35,5,3435,3,0,5.87,P2P,Travel,iOS,No,suspicious
2023.99,18,4452,3,0,0.43,P2P,Fuel,Android,Yes,suspicious
3867.93,18,1667,2,0,7.62,P2P,Travel,Android,Yes,suspicious
431.32,5,2554,3,0,5.54,P2P,Groceries,iOS,No,safe
203.99,22,4134,4,0,0.6,BillPay,Fuel,iOS,No,safe
4518.51,9,4758,7,0,4.39,BillPay,Fuel,iOS,No,suspicious
1689.5,17,2848,3,2,0.49,P2P,Fuel,Android,No,fraud
1588.66,11,648,6,0,0.06,Merchant,Electronics,Android,No,suspicious
618.42,7,335,1,1,2.57,Merchant,Groceries,Android,No,suspicious
1396.87,13,3669,4,0,0.05,BillPay,Groceries,Android,No,suspicious
2956.22,21,743,4,0,1.97,P2P,Travel,Android,Yes,suspicious
5813.63,15,3112,1,0,3.37,Merchant,Electronics,Android,Yes,suspicious
2813.55,13,2614,1,0,1.0,Merchant,Jewelry,Android,No,suspicious
11372.22,15,2794,4,0,16.71,Merchant,Fuel,Android,Yes,fraud
6378.31,14,361,5,1,0.32,P2P,Jewelry,Android,No,fraud
1103.91,7,1955,4,0,3.27,P2P,Groceries,Android,No,suspicious
2750.01,5,3088,3,0,3.06,P2P,Groceries,Android,No,suspicious
3320.11,4,4082,2,1,11.24,P2P,Fuel,iOS,Yes,fraud
2460.54,14,1179,6,2,0.13,P2P,Electronics,Android,Yes,fraud
782.32,23,1758,2,0,2.21,P2P,Groceries,Android,Yes,suspicious
2167.2,20,2376,3,1,0.4,P2P,Electronics,iOS,No,fraud
4662.55,6,4546,2,0,17.89,Merchant,Jewelry,Android,Yes,fraud
1278.78,0,4303,3,0,4.8,P2P,Fuel,iOS,No,suspicious
4121.72,22,3647,2,0,0.16,P2P,Jewelry,Android,No,suspicious
1707.94,9,2867,4,0,0.83,P2P,Travel,Android,No,suspicious
144.55,16,3466,3,2,4.18,P2P,Travel,Android,Yes,fraud
1438.65,15,4453,7,0,7.82,P2P,Travel,Android,No,suspicious
488.12,22,1114,4,0,5.4,P2P,Electronics,Android,No,suspicious
4590.96,19,601,2,0,5.13,P2P,Groceries,Android,Yes,suspicious
3018.36,18,1056,2,0,4.81,Merchant,Groceries,Android,No,suspicious
2574.95,3,2857,1,1,7.78,Merchant,Travel,Android,No,fraud
1029.74,23,3268,4,1,3.32,Merchant,Fuel,Android,Yes,fraud
6993.63,2,4353,7,0,1.13,BillPay,Electronics,iOS,Yes,fraud
6530.72,13,314,1,0,3.27,Merchant,Travel,iOS,No,suspicious
1318.22,10,1242,2,2,6.75,P2P,Electronics,iOS,Yes,fraud
1370.9,7,1234,2,0,0.57,Merchant,Fuel,Android,Yes,suspicious
2212.11,8,1217,1,1,6.98,P2P,Electronics,Android,No,fraud
1006.9,12,913,4,0,9.39,P2P,Groceries,Android,Yes,suspicious
14147.71,23,2952,4,0,0.4,BillPay,Travel,Android,No,suspicious
720.05,9,373,3,3,4.29,Merchant,Groceries,Android,No,fraud
575.06,3,507,1,1,0.75,P2P,Groceries,Android,No,suspicious
529.2,3,4683,2,0,0.45,BillPay,Groceries,Android,No,suspicious
597.92,16,2822,5,0,3.78,Merchant,Travel,Android,No,suspicious
1423.04,4,3211,3,0,1.4,Merchant,Groceries,Android,No,suspicious
3389.77,4,4541,5,0,8.74,P2P,Jewelry,Android,No,fraud
1310.92,18,881,2,0,0.97,P2P,Fuel,Android,No,suspicious
390.02,6,1457,4,0,0.89,P2P,Fuel,iOS,No,suspicious
7811.98,16,3133,2,0,12.15,P2P,Electronics,Android,No,suspicious
1905.55,0,3301,2,1,3.33,P2P,Jewelry,Android,No,fraud
1453.92,12,488,3,0,3.78,BillPay,Groceries,Android,No,suspicious
1564.16,15,771,3,0,10.03,P2P,Fuel,iOS,No,suspicious
431.62,13,3283,5,1,9.2,P2P,Fuel,iOS,No,suspicious
312.67,12,2447,2,1,0.91,BillPay,Fuel,Android,Yes,suspicious
262.52,8,4055,6,1,0.93,Merchant,Electronics,Android,No,fraud
2368.97,18,608,3,0,1.38,Merchant,Fuel,Android,No,suspicious
742.47,5,3272,3,0,4.55,P2P,Electronics,Android,No,suspicious
2385.74,11,417,0,1,6.7,Merchant,Fuel,iOS,No,suspicious
10812.27,11,4054,3,1,0.04,P2P,Groceries,iOS,No,fraud
151.3,16,4556,4,0,1.27,Merchant,Groceries,Android,No,safe
21173.44,7,3131,3,2,0.63,P2P,Groceries,Android,No,fraud
8822.09,20,4222,4,0,8.11,P2P,Jewelry,Android,No,fraud
1169.68,10,2428,4,0,2.13,P2P,Travel,Android,No,suspicious
2129.3,5,314,2,0,11.65,P2P,Fuel,Android,No,suspicious
649.14,3,4688,6,0,3.71,P2P,Travel,iOS,Yes,fraud
291.25,18,2686,2,1,9.72,BillPay,Travel,iOS,Yes,suspicious
618.08,2,4054,2,0,0.85,P2P,Electronics,Android,No,suspicious
6332.52,7,3167,3,1,0.17,P2P,Jewelry,Android,Yes,fraud
877.7,14,1155,6,0,9.61,Merchant,Travel,Android,Yes,suspicious
971.76,14,2753,2,1,3.26,P2P,Electronics,iOS,Yes,fraud
1870.49,11,3643,2,1,4.9,BillPay,Travel,Android,Yes,fraud
287.78,13,690,1,0,0.66,P2P,Groceries,Android,No,safe
3893.98,23,2800,2,0,0.47,P2P,Jewelry,Android,No,suspicious
2183.6,9,4652,1,0,0.78,Merchant,Electronics,Android,Yes,suspicious
12117.76,17,1650,8,0,6.6,P2P,Groceries,iOS,Yes,fraud
3980.0,15,1932,2,0,4.37,BillPay,Travel,Android,Yes,suspicious
549.11,22,2990,3,0,4.91,Merchant,Electronics,iOS,Yes,suspicious
375.27,14,259,4,0,8.02,P2P,Fuel,iOS,No,suspicious
415.8,1,3711,5,1,19.98,BillPay,Fuel,Android,Yes,fraud
488.1,15,1251,3,0,0.22,BillPay,Travel,iOS,No,safe
88.74,21,784,4,2,2.91,Merchant,Groceries,Android,No,fraud
1262.87,15,2429,3,1,0.34,BillPay,Travel,Android,Yes,fraud
2171.24,2,4714,3,0,1.24,Merchant,Jewelry,Android,No,fraud
2494.69,4,3038,2,1,1.07,Merchant,Groceries,Android,Yes,fraud
664.84,1,781,5,2,4.91,Merchant,Travel,Android,No,fraud
480.92,8,3545,3,0,3.52,Merchant,Electronics,Android,No,suspicious
1039.1,2,1191,4,1,2.06,P2P,Travel,Unknown,No,fraud
6605.67,12,1765,5,0,0.44,P2P,Travel,iOS,Yes,fraud
343.27,4,2674,5,1,3.19,BillPay,Fuel,Unknown,No,fraud
24416.82,23,3831,4,0,2.68,P2P,Groceries,iOS,No,suspicious
1307.25,9,380,2,0,10.85,Merchant,Groceries,Android,Yes,suspicious
504.23,16,2221,4,0,4.7,Merchant,Electronics,iOS,No,suspicious
1604.52,7,4165,3,0,5.92,P2P,Electronics,iOS,No,suspicious
1987.01,14,1999,3,0,2.21,Merchant,Fuel,Unknown,No,suspicious
1212.12,2,4546,2,1,4.94,Merchant,Fuel,iOS,No,fraud
1070.81,1,160,5,0,6.79,P2P,Jewelry,Android,No,fraud
1901.49,4,2159,1,2,0.32,BillPay,Travel,Android,Yes,fraud
340.28,8,1635,2,1,2.16,P2P,Groceries,Android,Yes,suspicious
501.76,21,1209,3,0,9.84,Merchant,Electronics,Android,No,suspicious
411.54,22,3871,3,0,11.25,Merchant,Jewelry,Android,No,suspicious
750.09,12,417,3,0,4.55,Merchant,Fuel,Android,Yes,suspicious
2249.63,5,3372,3,0,0.81,Merchant,Travel,Android,No,suspicious
3566.53,19,3369,3,0,2.23,P2P,Groceries,Android,No,suspicious
109.47,8,835,2,0,8.13,Merchant,Electronics,iOS,No,suspicious
5252.86,13,4988,3,0,3.92,P2P,Electronics,Android,Yes,fraud
793.55,20,2462,1,0,8.13,Merchant,Electronics,iOS,No,suspicious
1064.86,0,1730,3,1,1.3,P2P,Electronics,Android,Yes,fraud
241.86,21,4680,2,1,2.79,P2P,Groceries,Android,No,suspicious
385.6,19,816,4,0,1.42,Merchant,Electronics,Android,No,suspicious
3858.42,4,3395,1,0,1.47,Merchant,Groceries,Android,Yes,suspicious
1747.14,12,4917,5,1,7.17,P2P,Travel,iOS,No,fraud
7688.69,1,148,2,0,4.24,P2P,Fuel,Android,No,suspicious
2394.25,11,4342,2,0,1.44,P2P,Electronics,iOS,Yes,suspicious
7369.18,17,1023,2,0,14.46,Merchant,Fuel,Android,No,suspicious
1245.48,2,4359,3,0,4.96,P2P,Travel,Unknown,No,fraud
1424.63,19,1782,3,0,1.56,P2P,Groceries,Android,Yes,suspicious
4324.52,19,4820,3,2,28.77,BillPay,Fuel,Android,No,fraud
1233.04,19,3619,3,0,11.36,Merchant,Groceries,iOS,No,suspicious
502.82,6,4641,3,2,14.73,P2P,Fuel,Android,No,fraud
1198.78,8,4408,1,2,0.53,Merchant,Jewelry,Android,No,fraud
1930.25,1,3079,1,1,6.51,P2P,Jewelry,Android,No,fraud
1529.28,17,1890,3,1,2.12,Merchant,Electronics,Android,No,fraud
413.43,15,2975,2,0,7.7,P2P,Groceries,iOS,No,safe
2791.54,6,4143,4,1,1.56,P2P,Fuel,Android,No,fraud
280.55,9,4077,4,0,1.1,P2P,Travel,Android,No,safe
401.19,8,3949,6,1,8.51,Merchant,Travel,Android,No,fraud
2224.77,23,2504,3,1,0.62,P2P,Travel,Android,No,suspicious
1505.52,4,4835,0,0,5.12,P2P,Travel,Android,No,suspicious
2396.43,18,4319,3,0,6.36,P2P,Fuel,Android,No,suspicious
3394.19,23,2024,3,0,5.92,P2P,Travel,Android,No,suspicious
2278.95,14,2996,4,0,12.65,P2P,Fuel,Android,No,suspicious
2315.92,20,3000,1,2,2.11,P2P,Electronics,Android,Yes,fraud
3235.87,11,3084,4,2,2.49,P2P,Travel,iOS,No,fraud
3948.72,22,4655,0,0,10.23,P2P,Jewelry,Android,Yes,suspicious
1483.39,9,3731,1,1,5.67,P2P,Travel,Android,No,suspicious
4865.4,1,3471,2,0,1.1,P2P,Electronics,Android,No,fraud
3239.99,11,4676,7,0,2.64,Merchant,Fuel,Android,No,suspicious
945.86,16,3311,2,0,2.27,P2P,Groceries,Android,No,safe
4199.78,9,651,1,1,0.78,P2P,Groceries,iOS,Yes,fraud
3001.18,13,3519,2,1,4.41,P2P,Jewelry,iOS,No,fraud
835.15,11,1413,5,0,8.05,Merchant,Groceries,Android,No,suspicious
1104.64,8,3496,2,1,1.01,P2P,Fuel,Android,No,suspicious
1807.84,22,4918,2,1,4.07,BillPay,Electronics,iOS,Yes,fraud
4628.11,2,2037,1,0,2.33,Merchant,Travel,iOS,No,suspicious
461.97,5,725,3,0,4.76,P2P,Jewelry,Android,Yes,suspicious
717.29,12,63,3,0,15.27,BillPay,Jewelry,Android,Yes,fraud
1242.5,19,942,3,0,0.2,P2P,Groceries,Android,No,suspicious
1167.84,2,2282,4,0,4.59,P2P,Jewelry,Android,No,fraud
6173.72,3,4454,2,0,0.57,P2P,Electronics,Android,No,fraud
1997.05,8,2180,2,1,5.92,BillPay,Fuel,Android,No,suspicious
924.87,12,4414,6,0,0.7,P2P,Groceries,Android,No,suspicious
6317.72,23,2627,5,0,1.28,P2P,Jewelry,Android,No,fraud
1067.88,0,624,5,0,2.45,Merchant,Electronics,Android,No,fraud
804.77,12,1651,2,0,4.05,P2P,Jewelry,iOS,No,suspicious
462.73,2,249,5,0,6.64,Merchant,Travel,Android,No,suspicious
5921.72,18,3870,0,1,3.92,P2P,Groceries,Android,No,suspicious
1035.77,4,4151,7,0,8.12,P2P,Fuel,Android,No,suspicious
186.29,17,3758,2,1,6.09,Merchant,Travel,Android,No,suspicious
1003.36,10,3180,3,0,2.03,P2P,Travel,iOS,No,suspicious
1982.37,11,2193,3,0,0.66,Merchant,Travel,Android,No,suspicious
605.25,7,3667,5,0,4.39,P2P,Fuel,Android,No,suspicious
2659.88,12,3295,2,1,4.16,Merchant,Groceries,iOS,Yes,fraud
1267.81,15,4065,3,0,4.06,BillPay,Jewelry,Android,No,suspicious
330.0,11,4392,3,0,4.13,P2P,Jewelry,Android,No,suspicious
3807.68,18,2680,1,0,6.66,P2P,Fuel,iOS,No,suspicious
832.82,2,96,4,0,5.9,P2P,Travel,Android,No,suspicious
2815.89,7,4782,1,1,6.0,Merchant,Jewelry,Android,No,fraud
736.98,19,1731,4,0,0.48,P2P,Electronics,Android,No,suspicious
242.45,9,366,5,0,2.48,P2P,Fuel,iOS,No,suspicious
1926.26,5,1019,3,0,4.92,BillPay,Jewelry,Unknown,No,fraud
2167.28,13,639,3,1,1.61,P2P,Fuel,iOS,No,suspicious
5751.12,21,3269,3,0,2.58,Merchant,Groceries,iOS,Yes,suspicious
549.93,11,3681,4,0,5.49,P2P,Electronics,Android,No,suspicious
5635.45,18,4877,0,1,14.14,P2P,Groceries,Android,No,suspicious
1606.97,14,3782,0,0,1.52,Merchant,Electronics,iOS,Yes,suspicious
1083.31,4,4342,1,0,3.23,P2P,Jewelry,Android,No,suspicious
434.92,19,284,4,0,6.44,P2P,Travel,iOS,No,suspicious
7307.89,0,4967,4,0,4.97,Merchant,Electronics,Android,No,fraud
1082.01,3,118,2,1,4.69,Merchant,Travel,Android,No,fraud
297.44,18,3656,3,1,1.38,P2P,Groceries,iOS,Yes,fraud
239.93,11,141,2,0,3.44,Merchant,Electronics,Android,No,suspicious
7616.23,11,1358,3,3,7.97,BillPay,Jewelry,Unknown,No,fraud
450.56,21,338,3,1,1.29,P2P,Groceries,Android,No,suspicious
1656.6,12,3603,3,0,2.21,P2P,Travel,Android,Yes,suspicious
7513.95,14,1685,1,0,1.78,P2P,Travel,Android,No,suspicious
1214.56,5,1742,3,0,17.64,P2P,Travel,Android,No,suspicious
1117.93,15,4214,3,1,16.63,P2P,Electronics,iOS,No,fraud
1021.2,9,1569,1,1,11.3,P2P,Electronics,Android,No,fraud
3591.79,17,3579,2,0,4.23,P2P,Electronics,Android,No,suspicious
558.18,10,400,1,1,1.79,P2P,Jewelry,iOS,No,suspicious
2892.16,14,804,4,0,6.51,P2P,Electronics,Android,Yes,fraud
1137.27,6,4031,2,1,0.21,P2P,Groceries,Android,No,suspicious
468.53,21,1709,4,0,3.61,Merchant,Fuel,iOS,No,suspicious
750.41,0,1620,4,0,11.76,P2P,Electronics,Android,No,suspicious
1311.64,5,1626,0,0,10.2,P2P,Electronics,iOS,No,suspicious
893.45,6,4862,0,0,0.39,P2P,Fuel,Android,No,safe
1859.25,10,1397,2,0,3.12,Merchant,Jewelry,Android,No,suspicious
650.55,17,2470,5,1,2.97,P2P,Fuel,iOS,No,fraud
3551.46,10,4979,6,1,1.68,P2P,Electronics,Android,Yes,fraud
882.49,0,4809,6,0,0.36,BillPay,Travel,Android,No,suspicious
7298.75,18,842,1,1,10.65,Merchant,Jewelry,Android,No,fraud
2213.48,15,2137,1,0,0.18,Merchant,Travel,Unknown,No,suspicious
3465.39,12,4952,3,1,3.1,BillPay,Travel,Android,No,fraud
1094.67,23,3840,2,0,7.9,Merchant,Groceries,Android,No,safe
1081.8,18,2410,3,1,1.42,P2P,Groceries,iOS,No,suspicious
528.01,5,53,2,1,1.58,P2P,Jewelry,Android,No,fraud
1272.13,19,1269,1,0,10.35,BillPay,Jewelry,Android,No,suspicious
995.6,17,1132,3,0,1.04,P2P,Fuel,Android,Yes,suspicious
754.3,4,4213,1,0,1.55,Merchant,Fuel,Android,No,suspicious
4795.07,17,1418,2,2,4.57,Merchant,Travel,Android,No,fraud
5840.49,14,2328,1,0,0.72,P2P,Jewelry,Android,No,suspicious
321.5,8,2068,0,0,4.15,Merchant,Electronics,Android,Yes,suspicious
949.28,11,698,4,2,3.08,P2P,Jewelry,iOS,Yes,fraud
696.5,19,2861,8,0,6.01,Merchant,Fuel,Unknown,No,fraud
9396.92,19,826,3,0,3.32,P2P,Groceries,Android,Yes,suspicious
1196.51,18,3102,2,1,2.97,Merchant,Electronics,Android,No,fraud
1644.37,1,4425,4,0,6.59,Merchant,Jewelry,Android,No,fraud
425.09,5,460,4,0,3.97,P2P,Fuel,iOS,Yes,suspicious
1602.11,13,1091,4,0,0.45,P2P,Jewelry,iOS,No,suspicious
1776.29,13,3027,2,0,14.63,Merchant,Groceries,Unknown,Yes,fraud
3352.77,14,4895,2,0,2.77,Merchant,Jewelry,Android,Yes,fraud
611.15,7,1098,1,0,1.08,P2P,Jewelry,Android,No,suspicious
196.01,4,4192,2,0,0.14,P2P,Travel,iOS,No,suspicious
7352.05,23,2807,1,0,1.8,P2P,Electronics,iOS,No,suspicious
701.79,2,4003,2,0,1.21,P2P,Jewelry,Android,Yes,fraud
1794.76,6,4762,4,0,8.59,P2P,Travel,iOS,Yes,suspicious
5113.07,5,3183,3,2,4.99,P2P,Jewelry,Android,No,fraud
1903.42,16,121,8,0,0.69,BillPay,Fuel,iOS,No,suspicious
2608.24,1,3678,5,1,1.46,P2P,Travel,Android,No,fraud
1741.2,20,2423,1,0,0.57,P2P,Electronics,Android,No,suspicious
467.13,13,4310,1,1,1.99,P2P,Electronics,Android,Yes,fraud
601.65,6,92,3,1,1.36,P2P,Groceries,Android,Yes,fraud
8046.27,22,3229,1,0,1.24,BillPay,Groceries,Android,No,suspicious
1231.32,21,4121,3,0,6.08,P2P,Fuel,Android,Yes,suspicious
386.22,12,3518,1,1,4.9,P2P,Fuel,Android,Yes,suspicious
1899.71,0,658,1,0,7.38,Merchant,Jewelry,iOS,Yes,fraud
1535.5,14,2452,5,1,2.13,P2P,Fuel,Android,Yes,fraud
5372.33,22,3257,2,0,7.04,BillPay,Fuel,Android,Yes,suspicious
1023.38,20,2013,7,0,6.11,P2P,Electronics,iOS,No,fraud
2746.26,21,2520,3,1,16.61,P2P,Electronics,Android,No,fraud
1415.84,3,1284,5,0,2.1,P2P,Jewelry,Android,Yes,fraud
2396.91,9,4488,4,0,0.58,P2P,Groceries,Android,No,suspicious
2283.28,8,2415,3,0,0.78,Merchant,Groceries,Android,No,suspicious
3149.43,18,3185,1,0,3.31,Merchant,Fuel,Android,No,suspicious
962.11,15,2074,1,0,0.77,P2P,Fuel,Unknown,No,suspicious
285.85,7,3499,3,2,0.5,BillPay,Travel,Android,No,fraud
115.37,22,280,4,0,3.37,BillPay,Electronics,Android,No,suspicious
2464.68,9,2963,5,0,3.82,P2P,Fuel,Android,Yes,suspicious
686.59,6,779,6,0,1.12,P2P,Electronics,Android,No,suspicious
888.15,12,2743,7,0,10.86,P2P,Groceries,iOS,No,suspicious
367.14,11,1447,2,0,5.92,P2P,Travel,Android,No,safe
1463.36,3,4686,4,0,8.91,Merchant,Jewelry,Android,No,fraud
2920.02,5,2382,2,1,2.85,P2P,Jewelry,iOS,No,fraud
6352.37,5,552,2,0,2.1,P2P,Travel,Android,No,suspicious
5908.2,18,1707,2,0,5.37,P2P,Electronics,Android,No,suspicious
3093.03,3,82,3,0,2.48,Merchant,Travel,iOS,No,fraud
872.0,4,2860,4,0,1.07,Merchant,Travel,iOS,Yes,suspicious
4219.73,9,196,5,1,8.91,Merchant,Electronics,Unknown,No,fraud
1211.15,0,463,5,0,0.98,P2P,Fuel,Android,No,suspicious
938.91,16,4023,1,0,9.73,P2P,Groceries,Android,No,safe
2741.27,6,388,4,1,3.87,P2P,Groceries,iOS,No,fraud
1477.36,19,3922,2,0,0.9,P2P,Groceries,Android,Yes,suspicious
1096.88,10,3360,3,0,0.92,P2P,Travel,Android,Yes,suspicious
4422.3,18,4929,4,0,2.83,P2P,Fuel,Android,Yes,suspicious
363.99,15,1106,1,0,1.3,Merchant,Electronics,Android,No,suspicious
6705.56,22,4510,5,0,0.67,Merchant,Fuel,iOS,Yes,fraud
580.59,3,2757,4,0,5.68,Merchant,Electronics,Android,No,suspicious
2402.02,8,4235,3,0,1.29,P2P,Groceries,Android,No,suspicious
4427.46,5,4285,3,0,1.04,P2P,Travel,Android,No,suspicious
1828.28,10,630,3,0,2.94,P2P,Jewelry,Android,Yes,fraud
1814.17,0,309,4,0,1.89,P2P,Electronics,Android,Yes,fraud
12765.67,2,594,3,0,4.94,P2P,Groceries,Android,No,suspicious
896.1,19,2729,4,0,7.3,P2P,Jewelry,Android,No,suspicious
619.52,5,3705,4,0,9.95,Merchant,Jewelry,Android,No,suspicious
1963.53,15,389,3,0,3.28,P2P,Electronics,iOS,Yes,fraud
747.13,23,523,4,0,3.7,P2P,Travel,Android,No,suspicious
8651.38,5,1662,0,2,5.52,P2P,Electronics,Android,No,fraud
5599.65,19,794,2,0,0.3,P2P,Electronics,Android,Yes,fraud
96.32,0,2576,1,0,5.05,P2P,Groceries,iOS,No,safe
518.16,3,3532,1,0,2.15,Merchant,Groceries,Android,No,suspicious
2050.34,14,4937,1,0,0.21,P2P,Travel,Unknown,No,suspicious
2408.08,7,2135,0,1,21.01,P2P,Fuel,Android,No,suspicious
1838.14,8,2338,1,1,13.89,Merchant,Travel,Android,Yes,fraud
672.59,15,1814,1,1,0.11,BillPay,Groceries,Android,Yes,suspicious
1897.98,19,4588,2,0,0.05,P2P,Groceries,Android,No,suspicious
420.94,0,951,4,0,0.75,P2P,Travel,Android,No,suspicious
2237.66,14,1516,1,0,9.04,Merchant,Electronics,Android,No,suspicious
2634.26,10,234,6,0,2.27,Merchant,Jewelry,Android,No,fraud
1685.46,0,2963,6,0,8.35,Merchant,Electronics,iOS,No,fraud
10077.51,18,629,3,0,1.67,P2P,Electronics,Android,No,suspicious
2383.7,17,4553,3,0,3.63,P2P,Jewelry,Android,No,suspicious
3974.5,10,1968,4,0,1.26,Merchant,Groceries,Android,No,suspicious
1473.89,20,1747,7,0,5.96,P2P,Jewelry,iOS,No,fraud
582.59,10,4486,1,3,3.94,P2P,Fuel,iOS,No,fraud
456.83,4,1685,5,0,0.27,P2P,Travel,iOS,Yes,suspicious
680.29,2,426,2,0,5.07,BillPay,Electronics,iOS,No,suspicious
4138.51,12,4554,1,0,1.74,P2P,Travel,Unknown,Yes,fraud
1896.61,3,4104,2,1,0.35,BillPay,Groceries,iOS,No,fraud
504.63,22,4435,4,0,7.51,P2P,Fuel,iOS,No,suspicious
5011.92,5,4699,1,2,3.74,P2P,Groceries,Android,No,fraud
1684.85,2,194,1,0,8.61,P2P,Jewelry,Android,No,suspicious
414.99,10,1693,3,0,1.04,Merchant,Jewelry,Unknown,No,fraud
1764.42,22,185,3,0,4.09,Merchant,Electronics,Android,No,suspicious
6425.91,14,3464,3,0,1.41,P2P,Jewelry,iOS,Yes,fraud
2664.51,11,1441,1,0,1.86,Merchant,Groceries,iOS,Yes,suspicious
900.55,19,2706,3,0,11.37,P2P,Groceries,Android,No,suspicious
4945.49,21,210,4,0,1.23,P2P,Electronics,Android,Yes,fraud
721.82,15,2847,3,1,12.2,P2P,Travel,Android,No,suspicious
215.91,15,1849,2,0,0.89,P2P,Travel,iOS,No,safe
3207.29,7,4297,5,0,11.27,P2P,Fuel,Android,No,suspicious
1121.71,12,879,5,0,5.12,Merchant,Travel,Android,No,suspicious
2255.21,23,1437,2,1,4.16,P2P,Electronics,iOS,Yes,fraud
873.66,14,1161,2,0,2.48,P2P,Fuel,Android,No,safe
3715.37,21,122,2,0,2.37,BillPay,Jewelry,Android,Yes,fraud
2122.44,17,2027,4,0,11.15,P2P,Groceries,iOS,Yes,suspicious
2720.6,22,2996,11,0,7.46,P2P,Electronics,Android,No,fraud
1129.34,3,991,3,1,4.17,Merchant,Groceries,Android,No,fraud
8456.35,0,796,1,0,5.41,Merchant,Fuel,Android,No,suspicious
1986.35,22,715,6,0,7.51,Merchant,Groceries,Android,No,suspicious
4306.72,4,4207,4,0,3.92,Merchant,Electronics,iOS,No,fraud
646.26,14,1448,4,1,1.95,P2P,Jewelry,Android,No,fraud
966.92,3,3314,5,0,2.78,P2P,Electronics,iOS,No,fraud
15947.96,4,105,2,0,0.64,Merchant,Groceries,Android,No,suspicious
269.58,10,2774,4,2,20.66,Merchant,Jewelry,Android,Yes,fraud
3226.47,6,2383,6,2,0.01,Merchant,Travel,Android,No,fraud
443.87,7,1859,4,0,9.87,P2P,Travel,Android,No,suspicious
3456.15,10,1800,3,0,0.48,Merchant,Travel,Android,No,suspicious
2656.42,4,4102,2,0,2.99,P2P,Fuel,Android,Yes,suspicious
2841.15,23,1369,3,0,4.52,Merchant,Jewelry,Android,No,suspicious
619.17,10,1748,7,0,1.2,P2P,Fuel,Android,No,suspicious
748.18,3,382,2,0,3.04,P2P,Jewelry,Android,Yes,fraud
1050.18,15,3867,4,0,2.74,BillPay,Travel,Android,No,suspicious
1214.92,8,27,3,0,1.01,Merchant,Fuel,iOS,No,suspicious
4338.62,12,3035,3,2,0.51,P2P,Fuel,Android,No,fraud
591.35,23,1334,3,0,0.61,P2P,Jewelry,Android,Yes,suspicious
248.11,2,1729,3,2,6.14,Merchant,Jewelry,Android,Yes,fraud
9363.59,17,998,4,0,3.04,Merchant,Travel,Android,Yes,fraud
1411.48,8,4063,1,0,0.26,P2P,Travel,Android,No,safe
396.94,6,806,2,3,3.51,P2P,Groceries,iOS,No,fraud
1274.24,5,4846,3,2,1.26,P2P,Travel,Unknown,No,fraud
1008.66,3,1140,4,0,1.78,BillPay,Jewelry,Android,Yes,fraud
918.83,22,3610,2,0,5.76,Merchant,Jewelry,Android,No,suspicious
1161.32,12,2470,4,0,13.92,P2P,Electronics,Android,No,suspicious
12525.62,19,1440,8,2,5.58,Merchant,Fuel,Android,Yes,fraud
1496.49,20,335,2,0,2.26,BillPay,Jewelry,Android,No,suspicious
1032.92,13,3658,3,1,9.08,P2P,Fuel,Android,No,suspicious
3173.33,22,3202,1,0,2.3,P2P,Travel,iOS,No,suspicious
1143.39,20,3729,1,0,22.17,Merchant,Electronics,Android,No,suspicious
3741.48,4,1450,4,0,7.27,Merchant,Jewelry,Android,No,fraud
1193.82,23,3957,6,2,6.15,P2P,Travel,Android,No,fraud
709.19,23,3394,4,0,12.55,P2P,Travel,Unknown,Yes,fraud
1588.88,22,3134,2,0,1.44,P2P,Jewelry,iOS,No,suspicious
2726.03,22,2364,3,0,0.53,Merchant,Travel,Android,No,suspicious
1080.71,17,3013,3,1,0.5,P2P,Fuel,Android,Yes,fraud
936.84,5,4992,1,0,4.73,P2P,Travel,iOS,Yes,suspicious
310.59,21,2642,2,0,0.63,Merchant,Fuel,Android,Yes,suspicious
532.97,12,4854,1,0,2.22,Merchant,Fuel,Android,No,safe
3620.13,10,2355,2,1,6.03,P2P,Travel,Android,No,suspicious
653.26,21,695,5,0,13.01,P2P,Jewelry,Android,No,suspicious
8406.33,1,2321,4,0,4.73,P2P,Jewelry,Android,Yes,fraud
1396.46,6,1177,1,1,3.29,Merchant,Travel,Android,Yes,fraud
546.63,6,4224,3,1,4.42,P2P,Fuel,iOS,No,suspicious
1776.57,22,3304,3,0,0.44,P2P,Electronics,Android,No,suspicious
1393.21,5,2769,4,0,1.96,P2P,Fuel,iOS,Yes,suspicious
3871.65,9,3880,3,0,7.41,P2P,Jewelry,Android,No,suspicious
2020.72,12,4520,7,0,2.12,BillPay,Fuel,Android,No,suspicious
5547.12,13,3344,0,0,25.45,P2P,Groceries,Android,No,suspicious
702.64,7,4502,1,0,1.08,P2P,Jewelry,iOS,Yes,suspicious
2334.77,10,4282,6,2,7.2,Merchant,Groceries,iOS,Yes,fraud
5365.15,1,4037,3,2,8.51,P2P,Groceries,Android,No,fraud
1988.28,14,2191,3,0,20.93,P2P,Fuel,Android,No,suspicious
851.9,13,2351,3,0,7.4,BillPay,Jewelry,Android,No,suspicious
1376.36,15,621,4,0,4.38,BillPay,Electronics,iOS,No,suspicious
730.79,2,3571,4,1,4.04,P2P,Groceries,Android,Yes,fraud
2006.99,6,4239,3,0,16.01,P2P,Fuel,Android,Yes,suspicious
4017.28,15,3098,2,0,4.81,P2P,Jewelry,Android,Yes,fraud
2773.43,20,1258,2,1,4.53,P2P,Fuel,Android,No,suspicious
1041.12,8,3487,3,1,2.63,P2P,Groceries,Android,No,suspicious
4593.81,18,1516,1,0,2.91,P2P,Electronics,Android,No,suspicious
1949.98,15,2128,5,0,0.2,Merchant,Groceries,Android,No,suspicious
465.04,11,63,4,0,11.51,P2P,Fuel,iOS,No,suspicious
3888.41,11,4987,1,0,1.54,P2P,Fuel,iOS,Yes,suspicious
9626.27,17,3422,3,0,6.55,P2P,Groceries,iOS,No,suspicious
746.71,11,2293,2,0,4.94,P2P,Travel,Android,No,safe
5034.72,13,3342,3,0,1.4,P2P,Electronics,Android,No,suspicious
5178.9,16,2391,2,0,0.82,BillPay,Jewelry,Android,Yes,fraud
943.33,16,4986,5,0,7.84,Merchant,Fuel,iOS,Yes,suspicious
1802.77,2,1869,4,0,0.49,P2P,Jewelry,iOS,No,fraud
907.53,16,1004,4,0,2.56,P2P,Fuel,iOS,No,suspicious
1446.44,5,3527,3,1,6.41,P2P,Jewelry,iOS,Yes,fraud
2675.84,14,4840,4,0,2.81,P2P,Travel,iOS,No,suspicious
3247.33,20,3120,7,1,0.05,BillPay,Travel,Android,No,fraud
1652.81,16,685,1,1,0.63,P2P,Groceries,Android,Yes,fraud
904.7,2,761,2,1,11.78,P2P,Fuel,Android,No,fraud
4200.42,22,1507,7,0,1.38,Merchant,Travel,Android,No,suspicious
2482.13,2,2494,3,0,7.1,P2P,Electronics,Android,No,fraud
9127.44,11,3366,2,0,12.15,P2P,Groceries,Android,Yes,suspicious
3486.19,15,2586,5,0,9.18,P2P,Groceries,iOS,No,suspicious
870.23,9,775,3,0,5.21,Merchant,Travel,Android,Yes,suspicious
2299.83,18,2135,5,0,0.6,P2P,Travel,Android,No,suspicious
2439.31,17,3198,3,0,0.29,Merchant,Electronics,Android,Yes,fraud
5972.89,1,119,4,0,9.05,P2P,Fuel,Android,No,suspicious
4338.13,14,965,0,0,7.55,P2P,Electronics,Android,No,suspicious
2087.1,17,1908,1,0,2.16,BillPay,Electronics,Android,No,suspicious
1293.01,16,2192,2,3,13.65,P2P,Electronics,Android,No,fraud
1693.2,19,1219,6,0,4.93,P2P,Fuel,Android,Yes,suspicious
2947.1,15,4089,2,0,0.96,Merchant,Electronics,iOS,No,suspicious
3621.34,9,2798,9,0,3.22,Merchant,Travel,Unknown,No,fraud
511.3,19,4877,2,0,8.44,Merchant,Travel,iOS,No,safe
1777.27,3,2959,4,0,11.27,BillPay,Jewelry,Android,No,fraud
2993.27,10,2825,4,1,2.45,P2P,Jewelry,Android,No,fraud
1151.23,14,1220,4,1,1.35,P2P,Groceries,Android,No,suspicious
882.46,11,4423,6,0,1.79,P2P,Electronics,Android,No,suspicious
820.34,9,2213,3,0,2.74,Merchant,Electronics,Android,No,suspicious
480.02,23,4718,3,0,1.92,P2P,Groceries,iOS,No,safe
1026.4,5,291,6,0,0.93,BillPay,Travel,Android,No,suspicious
5402.37,18,3093,2,0,12.27,P2P,Travel,Android,No,suspicious
2748.45,2,2387,4,0,7.41,P2P,Jewelry,iOS,No,fraud
2489.17,13,3670,1,0,0.54,P2P,Travel,Android,No,safe
9265.4,15,1,4,1,4.48,Merchant,Fuel,Android,No,fraud
1053.92,14,2804,4,0,3.5,Merchant,Travel,Android,Yes,suspicious
820.79,4,1651,6,1,12.11,P2P,Groceries,Android,No,fraud
632.13,7,2082,4,2,6.31,Merchant,Groceries,Android,No,fraud
691.53,7,1991,6,1,5.33,Merchant,Jewelry,Android,No,fraud
4046.95,23,2741,3,0,1.68,Merchant,Groceries,Android,No,suspicious
2058.89,11,936,2,1,6.06,Merchant,Jewelry,Android,No,fraud
1545.28,7,3909,4,0,5.92,BillPay,Groceries,Android,Yes,suspicious
1836.46,3,1680,1,1,0.73,P2P,Jewelry,iOS,Yes,fraud
21124.72,15,151,1,1,3.03,Merchant,Travel,iOS,Yes,fraud
2958.18,0,3657,3,0,2.95,P2P,Travel,Android,Yes,fraud
1369.34,12,1661,3,0,0.81,Merchant,Jewelry,Android,No,suspicious
11534.06,9,4203,3,0,8.44,BillPay,Fuel,Android,No,suspicious
914.1,13,733,2,0,3.45,P2P,Travel,Android,No,safe
763.46,23,947,1,1,2.39,P2P,Travel,Android,No,suspicious
440.33,0,1589,3,0,0.29,P2P,Travel,iOS,No,suspicious
4709.65,7,4086,5,1,2.28,Merchant,Jewelry,Unknown,No,fraud
3070.94,19,4726,2,0,8.51,Merchant,Electronics,Android,No,suspicious
4231.97,1,2225,6,0,0.8,P2P,Groceries,Android,No,fraud
919.99,12,3344,6,0,2.41,P2P,Fuel,iOS,Yes,suspicious
3069.78,8,2940,5,1,5.66,Merchant,Groceries,Android,Yes,fraud
2977.97,15,4591,3,0,4.86,BillPay,Electronics,Android,No,suspicious
664.73,21,3198,3,1,0.13,Merchant,Jewelry,Android,Yes,fraud
5243.47,21,3562,2,0,15.51,P2P,Travel,iOS,Yes,suspicious
1319.34,8,4280,5,0,1.33,Merchant,Fuel,iOS,Yes,suspicious
127.24,4,779,1,0,7.96,P2P,Travel,Android,No,safe
1063.89,21,4824,3,0,0.78,P2P,Groceries,Android,Yes,suspicious
3376.49,0,1437,3,0,5.55,P2P,Electronics,Android,No,fraud
1058.08,20,1527,0,1,0.15,BillPay,Fuel,iOS,No,suspicious
560.12,6,3660,4,0,7.04,BillPay,Travel,iOS,No,suspicious
2800.1,18,2360,5,0,0.02,P2P,Fuel,Android,No,suspicious
579.09,9,851,4,1,6.71,Merchant,Fuel,iOS,Yes,fraud
8753.43,15,2598,4,1,7.7,P2P,Groceries,iOS,Yes,fraud
963.72,17,4144,4,1,0.51,Merchant,Jewelry,Android,No,fraud
2525.68,4,4653,5,2,7.02,Merchant,Travel,iOS,Yes,fraud
862.51,0,2947,4,0,4.38,BillPay,Groceries,Android,No,suspicious
932.47,22,3177,3,1,1.51,P2P,Fuel,Android,No,suspicious
2526.28,2,52,3,0,2.33,Merchant,Fuel,Android,No,fraud
220.55,11,1134,3,1,5.86,P2P,Groceries,iOS,Yes,suspicious
2433.4,17,545,5,1,1.08,P2P,Fuel,iOS,Yes,fraud
1770.55,15,2780,2,0,10.21,P2P,Electronics,iOS,No,suspicious
5134.58,20,1788,1,1,3.54,P2P,Electronics,Android,Yes,fraud
4628.82,21,1010,3,0,1.49,Merchant,Jewelry,Android,Yes,fraud
472.37,13,2493,1,0,5.62,Merchant,Fuel,iOS,Yes,suspicious
12807.82,20,4219,4,0,12.32,P2P,Travel,iOS,Yes,fraud
7258.03,7,357,3,1,1.42,P2P,Travel,iOS,Yes,fraud
2159.33,23,4055,1,0,1.98,P2P,Fuel,Android,No,safe
842.89,17,1551,3,0,1.37,P2P,Travel,Android,No,suspicious
2362.58,18,2480,3,0,0.44,P2P,Electronics,Android,No,suspicious
2246.1,17,2075,1,1,1.06,BillPay,Fuel,Android,Yes,fraud
2200.79,16,4946,1,0,9.59,Merchant,Fuel,Android,Yes,suspicious
4301.88,21,4577,1,1,2.19,Merchant,Groceries,Android,Yes,fraud
572.39,17,3875,7,1,1.46,P2P,Fuel,Android,Yes,fraud
686.24,5,2712,3,1,4.48,P2P,Jewelry,Android,Yes,fraud
3383.93,7,164,3,0,0.07,Merchant,Electronics,Unknown,No,fraud
2111.99,2,2716,8,0,2.09,P2P,Jewelry,Android,Yes,fraud
10833.96,10,4091,3,0,4.32,P2P,Groceries,iOS,No,suspicious
1984.24,1,1109,3,0,0.05,P2P,Travel,Android,No,suspicious
1490.78,9,3812,6,0,5.06,Merchant,Travel,iOS,No,suspicious
2712.32,18,1768,3,1,17.58,P2P,Groceries,Android,No,fraud
515.76,7,167,2,0,12.21,Merchant,Groceries,Android,No,safe
6953.34,6,3904,1,0,1.93,P2P,Electronics,Android,No,suspicious
2668.25,15,2276,3,1,8.21,Merchant,Fuel,iOS,No,fraud
348.0,1,1156,3,0,2.88,BillPay,Groceries,Android,Yes,suspicious
426.15,10,3081,2,1,1.4,BillPay,Electronics,Unknown,No,fraud
1177.77,20,3368,2,0,16.2,Merchant,Electronics,Android,No,suspicious
877.74,2,2215,2,1,11.92,BillPay,Travel,iOS,Yes,fraud
1487.28,10,3208,4,0,1.31,P2P,Electronics,Android,No,suspicious
394.56,2,4195,3,0,2.11,P2P,Fuel,Android,Yes,suspicious
1968.12,17,1689,3,0,4.68,P2P,Electronics,iOS,No,suspicious
3972.22,20,2022,4,0,1.79,P2P,Electronics,Android,No,suspicious
4180.91,16,1435,5,0,0.94,P2P,Fuel,iOS,No,suspicious
1534.27,3,4326,2,1,3.12,P2P,Electronics,Android,Yes,fraud
1057.45,1,2873,3,0,4.39,P2P,Fuel,Android,No,suspicious
1585.95,11,1154,4,0,1.08,P2P,Jewelry,iOS,Yes,fraud
3058.23,18,2568,3,0,4.11,Merchant,Travel,Android,No,suspicious
5255.97,10,4269,1,0,3.96,BillPay,Groceries,iOS,No,suspicious
825.63,21,2234,2,1,0.28,Merchant,Fuel,Android,Yes,fraud
1301.04,19,2534,2,0,1.42,P2P,Fuel,Android,No,suspicious
493.54,21,1839,4,0,14.72,P2P,Electronics,iOS,Yes,suspicious
519.91,11,1322,2,0,4.9,P2P,Groceries,Android,No,safe
516.21,19,4682,5,0,2.23,P2P,Jewelry,Android,No,suspicious
1348.02,16,2475,6,0,15.94,P2P,Electronics,Android,No,suspicious
980.07,16,1256,1,1,5.55,Merchant,Groceries,Android,No,suspicious
2008.36,4,4688,4,0,6.29,P2P,Fuel,Android,No,suspicious
1415.33,9,4639,3,1,2.69,Merchant,Travel,Android,Yes,fraud
1482.19,2,331,3,2,5.85,Merchant,Fuel,Android,No,fraud
2456.82,3,4798,3,0,8.54,Merchant,Fuel,Android,No,suspicious
851.54,15,1445,2,0,0.97,P2P,Jewelry,Android,No,suspicious
1825.11,2,4979,2,0,7.23,BillPay,Groceries,Android,Yes,suspicious
654.46,16,122,3,0,4.16,Merchant,Travel,iOS,Yes,suspicious
4056.04,4,1477,3,0,0.91,Merchant,Electronics,Unknown,No,fraud
2126.15,13,3457,4,0,0.59,P2P,Jewelry,Unknown,Yes,fraud
4040.07,23,4733,7,0,0.83,Merchant,Travel,iOS,No,suspicious
1731.34,17,2022,5,0,0.91,P2P,Electronics,Android,No,suspicious
2237.54,12,27,2,0,1.29,Merchant,Electronics,Android,No,fraud
3332.96,5,2642,1,0,7.43,P2P,Groceries,Android,No,suspicious
1774.51,2,2546,3,0,0.09,P2P,Fuel,Android,No,suspicious
784.37,1,525,2,0,1.9,P2P,Travel,Android,No,suspicious
2395.41,20,901,2,0,1.17,Merchant,Groceries,Android,No,suspicious
738.37,3,2007,2,0,0.24,P2P,Travel,iOS,No,suspicious
2602.87,8,4605,4,1,10.18,P2P,Groceries,iOS,Yes,fraud
2295.15,23,4302,2,0,1.87,P2P,Jewelry,Android,Yes,suspicious
1197.9,9,2656,3,0,10.49,P2P,Jewelry,Android,No,suspicious
762.61,11,1,2,1,6.52,Merchant,Jewelry,iOS,No,fraud
7151.75,0,4189,4,0,5.2,P2P,Groceries,Android,No,suspicious
463.64,22,1994,2,1,7.62,P2P,Fuel,iOS,Yes,suspicious
3839.9,4,2970,0,0,4.88,BillPay,Groceries,Android,No,suspicious
1630.1,18,2872,0,1,3.7,Merchant,Groceries,iOS,No,suspicious
4033.02,21,4932,2,0,1.39,P2P,Travel,Android,No,suspicious
3665.34,4,308,5,0,7.51,Merchant,Electronics,Android,No,fraud
797.98,15,946,4,1,9.22,Merchant,Fuel,Android,No,suspicious
705.73,9,3971,1,1,2.08,P2P,Travel,iOS,Yes,suspicious
1327.87,14,4311,1,2,1.11,Merchant,Electronics,Android,No,fraud
894.39,21,4924,4,0,0.53,Merchant,Groceries,iOS,No,suspicious
1179.66,4,3875,4,1,1.45,P2P,Fuel,Android,No,fraud
1092.08,7,4189,3,0,8.5,P2P,Fuel,Android,Yes,suspicious
1355.25,16,134,3,0,7.49,P2P,Jewelry,Android,No,suspicious
4455.19,11,406,3,1,0.39,P2P,Fuel,Android,No,fraud
663.82,3,3797,6,0,7.34,P2P,Fuel,iOS,Yes,fraud
1171.66,11,3526,1,1,9.25,P2P,Groceries,Android,Yes,fraud
3176.7,3,2934,7,0,20.26,P2P,Travel,Android,Yes,fraud
3135.89,18,948,3,0,3.63,Merchant,Jewelry,Android,No,suspicious
954.03,1,3752,4,1,1.69,Merchant,Jewelry,Android,No,fraud
499.53,6,1650,2,0,0.66,P2P,Jewelry,Android,No,suspicious
2875.29,0,3995,3,0,1.29,P2P,Fuel,Android,No,suspicious
4329.04,5,106,5,1,2.44,BillPay,Jewelry,Android,No,fraud
1724.09,22,2130,3,0,8.21,BillPay,Groceries,Android,No,suspicious
1845.11,9,1562,6,0,0.27,P2P,Groceries,Android,No,suspicious
2641.18,21,3609,4,0,1.2,P2P,Travel,Unknown,No,fraud
4901.52,6,2394,1,0,0.95,Merchant,Travel,Android,Yes,suspicious
1083.69,8,1465,6,2,13.22,P2P,Jewelry,iOS,Yes,fraud
643.47,18,4158,6,0,2.6,P2P,Fuel,Android,No,suspicious
945.09,16,3871,2,0,0.31,P2P,Electronics,iOS,Yes,suspicious
1630.47,10,1196,5,0,2.92,P2P,Jewelry,Android,No,suspicious
1817.79,6,2059,3,0,2.17,BillPay,Jewelry,iOS,No,suspicious
182.73,13,790,2,1,5.57,P2P,Groceries,Android,Yes,suspicious
5597.02,17,1783,6,1,2.6,P2P,Fuel,iOS,No,fraud
2287.73,5,565,3,0,5.89,Merchant,Groceries,iOS,No,suspicious
259.32,10,3841,5,0,1.15,P2P,Travel,Android,Yes,suspicious
2313.43,0,237,2,0,6.67,P2P,Groceries,Android,Yes,suspicious
1053.34,11,419,3,0,7.88,Merchant,Jewelry,Android,Yes,suspicious
379.74,11,1714,0,2,1.29,P2P,Groceries,Android,No,fraud
2223.82,20,2097,1,0,11.51,P2P,Jewelry,Android,Yes,suspicious
279.1,10,1386,3,0,4.1,BillPay,Jewelry,Unknown,Yes,fraud
2733.31,23,3921,4,1,4.22,Merchant,Jewelry,Unknown,No,fraud
1105.32,8,4911,2,1,6.74,P2P,Groceries,Android,Yes,fraud
1261.38,22,4263,5,1,15.22,BillPay,Jewelry,Android,No,fraud
1761.4,7,2276,5,0,6.42,P2P,Jewelry,Android,No,suspicious
21418.18,21,247,1,1,8.43,P2P,Groceries,Android,No,fraud
960.33,22,2771,4,0,3.8,BillPay,Groceries,Android,No,suspicious
86.22,17,1697,2,0,1.19,P2P,Fuel,Android,No,safe
4017.89,23,4064,2,0,6.93,Merchant,Jewelry,Android,Yes,fraud
1275.29,16,4321,4,0,1.4,P2P,Travel,Android,Yes,suspicious
703.95,20,4510,5,0,0.85,P2P,Travel,iOS,Yes,suspicious
778.61,6,661,3,0,8.32,Merchant,Electronics,iOS,No,suspicious
1301.67,14,4905,4,0,2.12,Merchant,Jewelry,Android,No,suspicious
5380.17,2,882,3,0,2.29,P2P,Jewelry,Unknown,No,fraud
891.85,16,2505,1,1,15.83,Merchant,Groceries,Android,No,suspicious
4606.62,6,2879,4,2,4.26,Merchant,Groceries,Unknown,Yes,fraud
933.03,11,2679,3,0,0.94,Merchant,Travel,Android,No,suspicious
234.51,16,3047,2,0,3.12,P2P,Fuel,Android,Yes,suspicious
2130.88,15,2879,2,0,1.28,Merchant,Fuel,Android,No,suspicious
9952.45,13,545,0,2,8.78,Merchant,Jewelry,Android,Yes,fraud
961.59,13,2712,5,1,3.75,P2P,Fuel,Android,No,fraud
1549.53,3,2215,2,1,0.23,Merchant,Jewelry,Android,No,fraud
416.91,12,1395,4,1,1.15,P2P,Fuel,iOS,No,suspicious
1209.49,11,153,3,0,0.71,P2P,Travel,iOS,No,suspicious
2236.94,4,3639,3,1,0.48,BillPay,Travel,Android,Yes,fraud
2663.26,0,2319,7,2,2.82,Merchant,Travel,Android,No,fraud
2427.63,23,338,3,0,2.72,P2P,Electronics,Android,No,suspicious
7446.09,20,1765,3,0,0.48,BillPay,Travel,Android,No,suspicious
2936.64,6,3822,3,0,2.89,BillPay,Groceries,Android,No,suspicious
10602.21,13,3217,6,0,2.84,P2P,Groceries,Android,No,suspicious
2348.23,10,962,2,1,1.41,P2P,Travel,iOS,Yes,fraud
487.77,12,3810,2,0,5.26,Merchant,Jewelry,Android,No,suspicious
518.64,3,4863,2,0,22.22,P2P,Electronics,Android,No,suspicious
681.41,9,4066,1,1,8.44,Merchant,Jewelry,iOS,No,suspicious
1113.78,6,911,6,0,6.29,Merchant,Electronics,Android,No,suspicious
1689.85,13,704,5,0,10.77,Merchant,Travel,iOS,Yes,suspicious
1996.32,6,1436,4,1,1.32,Merchant,Jewelry,iOS,Yes,fraud
883.28,1,2787,2,0,15.93,P2P,Travel,Android,No,suspicious
2900.02,22,1990,3,0,7.62,P2P,Groceries,Android,No,suspicious
13959.9,21,1655,3,0,0.76,P2P,Groceries,Android,Yes,suspicious
617.98,13,3516,4,1,0.87,Merchant,Fuel,Android,Yes,fraud
243.17,14,2135,2,0,8.47,Merchant,Groceries,iOS,No,safe
1249.03,23,2736,3,0,3.73,P2P,Groceries,Android,Yes,suspicious
2013.32,19,948,2,1,7.33,BillPay,Fuel,Android,No,suspicious
1411.23,14,1778,5,1,7.71,P2P,Electronics,Android,No,fraud
515.06,15,3004,0,0,0.26,P2P,Groceries,iOS,No,safe
1084.17,11,531,4,0,1.25,BillPay,Electronics,Android,Yes,fraud
3236.79,13,4080,2,1,0.4,Merchant,Electronics,iOS,Yes,fraud
3349.58,3,3898,1,0,7.16,P2P,Fuel,Android,No,suspicious
5215.18,19,4317,5,0,8.53,BillPay,Groceries,iOS,No,suspicious
521.27,7,2592,4,0,16.62,P2P,Travel,Android,No,suspicious
1432.81,15,4828,6,0,0.84,P2P,Travel,iOS,No,suspicious
609.19,4,2492,1,3,0.66,Merchant,Travel,Android,Yes,fraud
706.61,4,1257,6,0,2.17,BillPay,Jewelry,Android,No,fraud
3009.49,0,4062,4,1,2.79,BillPay,Electronics,iOS,No,fraud
2086.7,18,3932,5,0,2.67,P2P,Electronics,Android,No,suspicious
3089.38,13,3358,5,0,2.75,P2P,Jewelry,Android,No,suspicious
514.7,18,3957,1,1,1.68,P2P,Electronics,Android,No,suspicious
365.4,5,2943,2,0,3.53,Merchant,Fuel,Android,No,safe
2452.92,7,4446,0,0,0.98,P2P,Fuel,iOS,No,safe
5249.65,20,221,3,0,2.02,P2P,Jewelry,Android,No,suspicious
2444.78,4,4414,5,1,0.61,P2P,Electronics,Android,No,fraud
1078.75,16,3698,2,0,0.37,P2P,Jewelry,iOS,No,suspicious
709.71,13,2693,4,0,9.88,Merchant,Travel,Android,No,suspicious
1208.48,12,4779,3,0,1.91,P2P,Travel,Android,No,suspicious
307.61,20,3596,5,0,2.4,P2P,Fuel,iOS,No,suspicious
2391.56,16,3217,4,0,10.13,Merchant,Fuel,Android,No,suspicious
514.63,16,4415,0,0,8.02,P2P,Fuel,Android,Yes,safe
1631.43,8,4368,1,0,14.83,BillPay,Groceries,Android,Yes,suspicious
3984.62,7,3652,3,1,4.66,Merchant,Electronics,Android,No,fraud
574.12,5,2432,4,0,5.0,P2P,Jewelry,Android,Yes,suspicious
2129.17,23,3502,1,0,9.39,P2P,Jewelry,Android,No,suspicious
309.47,20,2026,4,0,17.13,P2P,Fuel,Android,No,suspicious
1508.82,23,2085,2,1,2.3,P2P,Fuel,Android,No,suspicious
5361.92,18,4849,5,0,1.64,P2P,Electronics,iOS,Yes,fraud
2798.41,12,2589,1,1,0.51,Merchant,Fuel,Android,No,suspicious
903.06,3,4656,4,0,4.6,P2P,Groceries,Android,No,suspicious
1118.75,19,4881,2,0,28.34,P2P,Jewelry,Android,Yes,suspicious
1399.01,11,2961,3,0,0.31,Merchant,Travel,Android,No,suspicious
1792.07,0,1653,1,0,1.98,Merchant,Electronics,iOS,Yes,fraud
1226.52,13,3472,1,0,13.66,P2P,Travel,iOS,No,safe
758.42,12,2573,2,0,1.11,P2P,Travel,Android,No,safe
400.03,4,798,1,1,2.43,P2P,Travel,Android,No,suspicious
181.73,4,2808,2,0,1.56,P2P,Travel,iOS,Yes,suspicious
5532.97,11,4725,5,1,2.27,P2P,Groceries,Android,No,fraud
389.22,15,3827,3,0,3.3,Merchant,Jewelry,iOS,No,suspicious
2718.5,16,3718,1,1,6.01,Merchant,Jewelry,iOS,Yes,fraud
7013.56,5,4083,7,0,5.74,P2P,Jewelry,Android,No,fraud
917.89,20,4963,1,1,10.25,BillPay,Electronics,Android,No,fraud
580.48,11,4716,4,0,0.98,P2P,Jewelry,Unknown,No,fraud
342.68,16,1469,0,0,9.85,P2P,Electronics,iOS,Yes,suspicious
2718.92,1,3599,1,1,4.58,P2P,Fuel,Android,No,fraud
753.73,5,908,2,0,9.34,P2P,Electronics,Android,No,suspicious
642.53,13,4168,3,0,1.37,Merchant,Electronics,Android,No,suspicious
495.07,6,4459,4,1,12.42,BillPay,Travel,iOS,Yes,fraud
2280.11,17,2612,2,0,2.94,P2P,Fuel,Android,Yes,suspicious
1344.42,11,3391,5,0,0.75,Merchant,Travel,Android,No,suspicious
1312.76,3,3506,3,0,0.38,Merchant,Electronics,iOS,Yes,fraud
19948.33,6,127,0,0,3.2,P2P,Travel,iOS,No,suspicious
2001.67,15,1508,5,0,9.72,P2P,Travel,Android,No,suspicious
1677.75,16,790,3,0,0.8,P2P,Groceries,Android,No,suspicious
8001.63,12,2486,6,0,0.74,Merchant,Jewelry,Android,No,fraud
312.12,2,1059,0,1,5.62,Merchant,Groceries,Android,No,suspicious
1196.7,16,957,4,1,3.0,BillPay,Electronics,Android,No,fraud
2780.38,18,4553,5,1,1.08,Merchant,Electronics,Android,No,fraud
1715.4,17,1635,2,1,0.42,P2P,Electronics,Android,No,fraud
674.06,1,2123,2,2,4.94,BillPay,Electronics,Android,No,fraud
2787.17,2,2422,3,1,1.1,P2P,Electronics,Android,Yes,fraud
3433.45,2,2237,2,0,1.72,BillPay,Jewelry,Android,No,suspicious
1432.77,22,1952,2,0,1.6,P2P,Electronics,Android,Yes,suspicious
2632.67,17,4320,4,0,3.13,P2P,Groceries,Android,Yes,suspicious
613.08,20,319,2,1,2.64,P2P,Jewelry,Android,No,fraud
15584.59,0,4797,4,1,4.13,BillPay,Fuel,iOS,No,fraud
2490.14,5,585,2,0,8.07,P2P,Fuel,Android,Yes,suspicious
2958.77,18,2786,2,0,2.25,P2P,Travel,iOS,No,suspicious
1743.59,20,1716,4,0,0.62,P2P,Travel,Android,No,suspicious
848.07,13,38,2,1,0.55,P2P,Travel,Android,No,fraud
2994.45,16,1146,3,0,0.98,BillPay,Groceries,Android,No,suspicious
4897.45,23,426,2,0,5.49,BillPay,Groceries,Android,No,suspicious
1671.16,21,3585,6,1,12.9,P2P,Jewelry,Android,No,fraud
857.51,4,340,2,0,1.63,P2P,Groceries,iOS,No,suspicious
727.98,9,4799,0,0,1.59,P2P,Travel,Android,No,safe
984.67,18,2037,0,0,4.07,P2P,Fuel,iOS,No,safe
1759.66,17,3505,2,0,0.54,P2P,Fuel,Unknown,No,suspicious
276.53,21,2777,1,0,3.73,Merchant,Jewelry,Android,Yes,suspicious
432.58,3,1711,6,3,18.31,P2P,Electronics,Unknown,No,fraud
8103.88,9,4327,4,0,3.47,Merchant,Groceries,Android,Yes,suspicious
4569.46,11,1113,7,2,2.47,P2P,Fuel,iOS,Yes,fraud
933.92,22,4588,3,0,0.84,P2P,Jewelry,Android,No,suspicious
1313.34,2,106,3,1,4.54,P2P,Electronics,Android,No,fraud
1332.91,14,3752,3,0,0.84,P2P,Jewelry,Android,No,suspicious
446.04,1,1013,1,0,2.17,P2P,Travel,Android,No,suspicious
3406.87,17,4279,1,3,1.23,BillPay,Fuel,Android,Yes,fraud
6604.02,2,370,2,0,0.71,Merchant,Groceries,Android,Yes,fraud
2002.96,9,3973,0,0,0.24,Merchant,Electronics,Android,No,suspicious
2874.94,13,637,4,1,0.24,P2P,Groceries,Android,No,fraud
3358.23,6,4085,2,0,4.15,P2P,Fuel,iOS,No,suspicious
2837.84,20,2317,2,0,7.5,P2P,Travel,Android,No,suspicious
835.07,1,4310,2,0,2.04,P2P,Jewelry,Android,No,suspicious
3086.28,20,88,3,0,6.77,P2P,Electronics,Android,No,fraud
638.81,20,645,2,1,2.12,Merchant,Jewelry,Android,No,fraud
4939.39,13,3080,4,1,3.3,P2P,Groceries,Android,No,fraud
733.48,11,662,3,0,2.72,Merchant,Fuel,iOS,No,suspicious
2407.45,1,1272,5,0,7.79,BillPay,Fuel,iOS,Yes,fraud
1941.99,15,4676,3,0,7.29,Merchant,Groceries,iOS,No,suspicious
2737.73,15,2130,2,0,11.66,Merchant,Travel,iOS,No,suspicious
2819.23,18,2372,2,1,4.4,P2P,Jewelry,iOS,Yes,fraud
4526.31,3,521,3,0,0.98,P2P,Fuel,Android,No,suspicious
1571.95,20,245,4,2,0.84,P2P,Jewelry,Android,No,fraud
3229.98,4,4350,1,0,0.11,P2P,Fuel,iOS,Yes,suspicious
2927.14,15,984,1,0,16.42,P2P,Electronics,Android,No,suspicious
5403.29,2,2479,4,0,6.13,P2P,Travel,Android,No,suspicious
8409.21,19,4859,7,1,12.2,P2P,Travel,iOS,No,fraud
869.94,4,3193,2,0,3.94,P2P,Fuel,Unknown,No,suspicious
1250.92,12,3368,3,0,3.89,P2P,Groceries,Android,No,suspicious
1496.32,1,3033,1,0,1.82,Merchant,Electronics,Android,No,suspicious
284.96,20,4611,4,0,1.69,BillPay,Fuel,Android,No,safe
4732.3,12,4401,0,0,3.45,BillPay,Travel,Android,Yes,suspicious
358.18,3,433,2,0,1.55,P2P,Groceries,Android,No,suspicious
3489.44,12,2165,5,0,11.64,P2P,Fuel,iOS,No,suspicious
3411.4,7,2419,1,1,2.03,P2P,Fuel,Android,Yes,fraud
698.63,1,4647,3,0,6.02,P2P,Groceries,Android,Yes,suspicious
449.32,0,454,3,1,2.5,P2P,Travel,Android,No,fraud
504.92,9,4175,2,1,2.58,P2P,Groceries,iOS,No,suspicious
7601.92,21,1178,3,0,8.34,Merchant,Fuel,Android,No,suspicious
2565.29,18,4484,2,0,2.15,P2P,Fuel,Android,Yes,suspicious
2263.76,6,1559,4,0,2.38,P2P,Travel,Android,Yes,suspicious
7927.7,22,869,2,0,1.09,P2P,Electronics,iOS,No,suspicious
5208.83,13,3044,5,0,0.06,P2P,Electronics,Android,Yes,fraud
1237.73,22,343,1,0,14.15,BillPay,Groceries,Android,No,safe
905.45,22,2059,5,0,0.2,P2P,Groceries,Android,No,suspicious
6573.71,9,2974,2,0,11.27,Merchant,Travel,Android,Yes,suspicious
2392.75,16,1068,8,0,8.68,P2P,Groceries,Android,No,suspicious
476.97,5,336,2,0,3.28,P2P,Travel,iOS,No,safe
579.41,15,2903,2,2,1.01,P2P,Travel,Android,Yes,fraud
2722.47,13,990,3,0,0.63,P2P,Electronics,iOS,No,suspicious
960.89,8,3938,2,0,2.84,Merchant,Jewelry,iOS,No,suspicious
1372.93,14,28,4,0,2.62,P2P,Travel,Android,No,suspicious
1045.0,7,91,1,0,7.12,P2P,Fuel,Unknown,Yes,suspicious
1247.47,5,1406,4,0,2.2,P2P,Electronics,Unknown,Yes,fraud
4790.15,23,3277,2,1,5.3,BillPay,Groceries,Unknown,No,fraud
1980.54,21,2347,7,0,0.39,Merchant,Jewelry,Android,No,fraud
3896.39,9,1532,3,1,14.11,P2P,Fuel,Android,No,fraud
1214.64,13,3704,4,1,5.24,P2P,Fuel,Android,Yes,fraud
1407.76,8,1599,4,0,1.28,P2P,Groceries,Android,No,suspicious
6285.09,1,1490,1,0,5.58,P2P,Groceries,iOS,No,suspicious
2797.24,17,3986,3,0,0.12,P2P,Electronics,iOS,No,suspicious
633.75,13,4162,1,0,7.83,P2P,Jewelry,iOS,No,suspicious
664.23,21,3274,5,0,0.47,Merchant,Fuel,iOS,No,suspicious
6070.33,12,1068,3,0,1.09,P2P,Electronics,Unknown,No,fraud
1874.05,6,2391,3,0,0.42,Merchant,Travel,Android,No,suspicious
2013.45,18,2375,3,0,1.46,P2P,Travel,iOS,No,suspicious
1626.08,15,3915,5,1,1.48,Merchant,Groceries,Android,No,fraud
2031.81,8,2694,3,1,2.04,P2P,Electronics,Android,No,fraud
864.81,2,876,4,0,6.32,Merchant,Electronics,Android,No,fraud
291.51,7,2641,0,0,3.8,P2P,Travel,Android,No,safe
455.31,15,1938,4,0,7.24,Merchant,Groceries,Android,Yes,suspicious
3858.91,22,4803,4,0,0.11,P2P,Groceries,Android,No,suspicious
1285.32,7,2912,4,1,6.46,Merchant,Groceries,iOS,No,fraud
234.66,1,92,0,0,2.18,P2P,Jewelry,Android,No,suspicious
1067.63,5,3288,2,0,8.02,P2P,Fuel,Android,Yes,suspicious
1904.09,18,2729,4,0,0.74,Merchant,Travel,iOS,No,suspicious
1699.75,8,471,5,1,3.84,P2P,Jewelry,Android,No,fraud
4666.28,1,1059,5,0,4.7,P2P,Travel,Android,No,suspicious
1744.94,1,2738,3,0,0.14,Merchant,Groceries,Android,No,suspicious
1183.8,12,793,1,0,7.5,P2P,Groceries,iOS,No,safe
316.91,12,2049,2,1,1.71,Merchant,Fuel,iOS,No,suspicious
1987.71,14,4604,3,1,1.52,P2P,Jewelry,Android,Yes,fraud
787.66,13,3364,2,1,7.82,Merchant,Electronics,Unknown,No,fraud
781.57,19,444,1,1,8.94,P2P,Electronics,Android,Yes,fraud
805.11,20,2201,2,1,1.45,P2P,Groceries,Android,No,suspicious
2972.71,8,2557,4,0,7.31,BillPay,Travel,iOS,No,suspicious
1063.03,23,814,3,1,5.74,Merchant,Travel,Android,No,suspicious
477.02,22,1653,2,0,3.75,Merchant,Travel,Android,No,safe
1995.56,17,1969,2,0,7.88,BillPay,Travel,Android,No,suspicious
4808.43,4,2728,3,0,3.68,P2P,Groceries,Android,No,suspicious
540.69,21,4681,2,1,17.62,P2P,Fuel,Android,Yes,fraud
1262.95,9,4255,4,1,4.79,P2P,Jewelry,Android,No,fraud
5561.2,10,2426,2,1,5.81,P2P,Travel,Android,Yes,fraud
3783.83,18,905,2,2,9.05,P2P,Electronics,Android,No,fraud
507.29,15,3640,5,0,5.66,P2P,Groceries,Android,No,suspicious
454.73,15,4264,5,1,7.46,Merchant,Travel,iOS,Yes,fraud
19637.37,3,1153,3,0,1.79,Merchant,Electronics,iOS,No,fraud
3281.09,2,1816,3,0,4.42,Merchant,Groceries,Android,Yes,fraud
3366.65,2,3617,9,0,2.12,P2P,Travel,Android,No,fraud
2614.36,22,4552,7,1,3.32,P2P,Jewelry,Unknown,No,fraud
6980.86,11,1649,3,0,1.01,P2P,Fuel,iOS,Yes,suspicious
2138.91,10,654,3,0,0.56,BillPay,Fuel,Android,No,suspicious
2532.44,14,3780,2,1,0.58,BillPay,Groceries,Android,No,suspicious
816.8,14,2527,2,0,6.61,P2P,Jewelry,Android,No,suspicious
797.59,23,4324,3,0,2.67,Merchant,Fuel,Android,Yes,suspicious
1994.99,20,3322,3,0,1.03,P2P,Travel,Unknown,Yes,fraud
3256.02,4,1134,2,0,1.96,P2P,Travel,Android,No,suspicious
428.34,7,738,6,1,1.69,P2P,Fuel,Android,No,fraud
845.77,12,4187,6,0,6.47,P2P,Jewelry,Android,Yes,fraud
929.29,1,3702,3,0,9.78,P2P,Fuel,Unknown,No,fraud
1239.53,7,1658,2,0,0.43,P2P,Fuel,Android,Yes,suspicious
793.17,3,2747,1,0,2.09,P2P,Jewelry,Android,No,suspicious
1098.34,3,3148,3,0,7.52,P2P,Fuel,iOS,No,suspicious
1282.53,23,744,4,1,4.78,P2P,Fuel,Android,No,fraud
2181.05,1,975,0,0,8.76,P2P,Travel,Android,Yes,suspicious
8337.08,16,3902,0,1,0.43,P2P,Electronics,Unknown,Yes,fraud
737.22,23,2734,3,0,14.01,P2P,Fuel,Android,No,suspicious
452.14,4,2220,2,0,10.13,Merchant,Fuel,Android,No,suspicious
1129.46,11,1974,3,1,1.0,BillPay,Electronics,Android,No,fraud
1871.13,3,2573,3,0,0.32,Merchant,Electronics,Android,No,fraud
3258.96,15,4941,2,1,16.9,Merchant,Travel,Android,Yes,fraud
3348.74,23,231,1,2,0.43,Merchant,Jewelry,Unknown,No,fraud
1281.67,17,4149,3,1,7.95,P2P,Groceries,Android,No,suspicious
343.97,4,4656,1,1,4.71,BillPay,Electronics,Android,No,fraud
9771.64,13,3450,3,0,0.07,Merchant,Jewelry,iOS,No,suspicious
204.83,13,1029,1,1,2.57,P2P,Fuel,Android,Yes,suspicious
1040.97,13,3924,2,0,0.35,Merchant,Groceries,Android,No,safe
3087.67,12,847,0,0,9.48,P2P,Electronics,Android,No,suspicious
1547.53,3,2146,5,0,7.11,Merchant,Travel,Android,Yes,fraud
1086.47,14,583,3,1,4.51,P2P,Travel,Android,No,suspicious
3763.7,23,977,5,0,0.78,BillPay,Electronics,Android,No,fraud
1648.07,20,753,2,0,12.42,Merchant,Groceries,Android,No,suspicious
884.89,6,568,2,1,1.16,P2P,Travel,Android,No,suspicious
599.78,17,4778,3,0,3.95,P2P,Travel,iOS,No,safe
1225.79,14,4325,1,0,18.93,P2P,Groceries,Android,Yes,suspicious
251.33,16,2489,1,0,0.12,Merchant,Travel,Android,Yes,safe
2587.35,8,1480,2,0,6.07,P2P,Groceries,Android,Yes,suspicious
1015.81,12,907,9,0,2.79,P2P,Electronics,Android,No,fraud
448.06,1,4992,1,0,5.14,P2P,Travel,Android,Yes,suspicious
259.06,4,1893,5,0,3.41,P2P,Electronics,Android,No,suspicious
2479.54,7,1932,7,0,0.15,P2P,Electronics,Android,No,fraud
732.76,9,4815,3,0,6.97,P2P,Jewelry,Android,Yes,suspicious
691.76,16,3164,5,0,6.31,P2P,Travel,iOS,No,suspicious
1685.4,1,3158,4,1,2.24,Merchant,Groceries,iOS,Yes,fraud
4117.4,0,1720,4,1,0.83,Merchant,Jewelry,iOS,No,fraud
5601.98,15,3163,2,0,4.43,P2P,Electronics,Android,Yes,fraud
105.08,21,2968,3,2,9.24,Merchant,Electronics,iOS,No,fraud
1957.89,14,4683,3,0,1.99,P2P,Electronics,Android,No,suspicious
557.99,15,4945,2,0,4.14,P2P,Fuel,Android,No,safe
776.73,20,4666,2,0,12.34,BillPay,Groceries,Android,Yes,suspicious
5433.08,10,3990,3,0,1.8,P2P,Fuel,iOS,Yes,suspicious
1271.11,18,2909,2,1,4.34,P2P,Jewelry,Android,No,fraud
2457.37,1,1758,4,0,1.84,P2P,Travel,Android,No,suspicious
1979.15,8,1220,3,0,0.45,P2P,Jewelry,iOS,No,suspicious
722.21,23,3750,0,2,0.77,P2P,Groceries,Android,No,fraud
2420.87,4,142,5,0,0.01,P2P,Electronics,iOS,Yes,fraud
5165.06,23,128,2,0,11.11,P2P,Fuel,Android,No,suspicious
217.04,2,1543,0,0,21.85,Merchant,Groceries,Unknown,No,suspicious
2551.06,16,3301,2,0,5.88,P2P,Jewelry,iOS,No,suspicious
5197.88,23,3021,2,0,0.75,Merchant,Electronics,iOS,No,suspicious
606.86,2,2173,3,1,2.64,P2P,Fuel,Android,No,fraud
1511.61,1,3469,1,0,0.83,P2P,Fuel,Android,No,suspicious
1822.59,13,4050,4,0,0.26,Merchant,Jewelry,Android,Yes,fraud
2062.36,12,4115,3,1,5.62,P2P,Electronics,Android,No,fraud
1639.56,15,686,5,0,11.04,P2P,Travel,Android,No,suspicious
1594.68,4,1170,6,0,2.76,P2P,Groceries,iOS,No,suspicious
6771.68,19,1536,2,1,1.79,BillPay,Groceries,Android,Yes,fraud
2337.82,8,1436,5,1,0.35,Merchant,Travel,Android,No,fraud
173.19,6,4373,0,0,12.36,Merchant,Travel,iOS,Yes,safe
298.3,21,4025,1,2,2.94,BillPay,Travel,iOS,No,fraud
5531.39,14,4681,4,1,0.25,Merchant,Electronics,Android,No,fraud
3008.32,1,3471,3,0,1.28,Merchant,Travel,Android,No,suspicious
2428.14,4,353,1,1,1.13,P2P,Jewelry,Android,Yes,fraud
1710.55,7,163,7,0,8.34,P2P,Groceries,iOS,Yes,fraud
491.17,15,208,3,0,4.59,P2P,Electronics,Android,No,suspicious
3724.07,0,4201,3,0,2.48,P2P,Groceries,iOS,No,suspicious
1184.21,1,4555,4,0,1.28,P2P,Fuel,Android,Yes,fraud
484.25,8,1262,1,0,5.29,P2P,Groceries,Android,Yes,suspicious
999.24,10,1460,4,0,4.04,Merchant,Jewelry,Android,No,suspicious
370.59,22,2021,1,0,0.74,P2P,Travel,Android,No,safe
1434.44,8,2326,1,0,2.52,Merchant,Fuel,Android,Yes,suspicious
1242.84,4,2714,3,1,13.06,P2P,Electronics,Android,No,fraud
787.41,5,2340,3,0,3.76,P2P,Electronics,Android,No,suspicious
4377.89,7,3908,2,1,0.14,Merchant,Fuel,Android,No,suspicious
1851.0,6,2918,3,0,1.31,Merchant,Electronics,Android,Yes,fraud
254.85,12,1852,2,1,3.63,Merchant,Fuel,Android,No,suspicious
650.44,18,3448,5,1,1.71,BillPay,Electronics,Android,Yes,fraud
5383.48,8,3912,8,0,1.75,P2P,Travel,Unknown,Yes,fraud
188.42,10,4908,5,1,1.13,P2P,Jewelry,Android,No,fraud
590.11,5,3997,1,1,0.08,P2P,Fuel,iOS,No,suspicious
1498.03,14,1344,6,0,1.96,P2P,Groceries,Android,Yes,suspicious
2627.62,5,878,7,1,4.01,P2P,Jewelry,Android,No,fraud
846.93,8,978,2,0,7.22,P2P,Electronics,Android,No,suspicious
1758.56,6,1713,3,0,3.95,BillPay,Groceries,iOS,Yes,suspicious
2977.37,7,22,3,0,3.21,P2P,Jewelry,Android,Yes,fraud
325.34,22,3169,5,0,7.6,P2P,Groceries,Android,Yes,suspicious
2211.77,7,4379,3,0,0.64,Merchant,Groceries,Android,Yes,suspicious
1673.43,15,30,3,0,1.53,P2P,Travel,Android,Yes,fraud
427.46,21,4499,0,0,6.24,P2P,Fuel,Android,Yes,safe
893.23,10,4588,4,0,4.84,BillPay,Jewelry,Android,Yes,fraud
723.56,20,362,3,0,6.93,Merchant,Fuel,Android,No,suspicious
135.94,0,3229,4,0,2.91,BillPay,Travel,Android,No,suspicious
194.96,4,3324,1,1,0.65,Merchant,Electronics,Android,Yes,fraud
1412.54,9,149,2,0,4.37,BillPay,Electronics,iOS,Yes,suspicious
1764.82,8,890,0,0,10.61,P2P,Fuel,Android,Yes,suspicious
444.59,6,3463,2,2,4.27,Merchant,Groceries,Android,No,fraud
10485.01,0,4861,3,0,5.44,P2P,Jewelry,iOS,No,fraud
959.63,1,543,10,0,8.52,P2P,Groceries,Android,Yes,fraud
1002.68,1,528,4,0,0.54,Merchant,Jewelry,Unknown,No,fraud
4090.11,5,2031,2,1,3.35,Merchant,Fuel,Android,No,suspicious
1188.15,10,2887,3,3,1.82,P2P,Jewelry,iOS,No,fraud
4817.72,0,1222,6,0,14.18,BillPay,Fuel,Android,No,fraud
3831.06,9,3223,3,1,2.76,Merchant,Fuel,iOS,No,fraud
1959.21,3,4607,1,0,0.69,P2P,Travel,Android,Yes,suspicious
168.24,11,1205,1,0,14.02,P2P,Jewelry,Unknown,No,suspicious
307.43,6,4013,1,0,0.09,P2P,Jewelry,Android,No,suspicious
3254.95,4,352,2,0,6.55,P2P,Fuel,Android,Yes,suspicious
709.06,7,4954,7,0,3.63,Merchant,Jewelry,Android,No,suspicious
535.65,1,4883,3,0,5.1,P2P,Electronics,Android,No,suspicious
448.87,16,2423,6,0,2.48,P2P,Groceries,Android,Yes,suspicious
808.34,16,907,3,1,0.62,P2P,Travel,iOS,No,suspicious
388.11,12,4059,2,0,1.54,P2P,Fuel,Android,No,safe
1876.85,15,2417,3,0,0.07,P2P,Fuel,iOS,No,suspicious
5387.84,9,2502,1,0,3.84,Merchant,Electronics,Android,Yes,suspicious
1262.77,6,1526,5,0,6.6,Merchant,Electronics,iOS,No,suspicious
1467.0,19,2392,3,0,11.6,Merchant,Electronics,Android,Yes,fraud
692.02,21,3497,2,1,0.22,P2P,Groceries,Android,No,suspicious
7313.17,10,631,4,1,6.17,P2P,Electronics,Android,No,fraud
1612.51,15,3769,2,1,5.15,P2P,Jewelry,Android,Yes,fraud
3864.67,21,2478,3,0,12.25,P2P,Groceries,Android,Yes,suspicious
1424.45,21,3978,3,1,6.1,P2P,Jewelry,Android,No,fraud
947.7,15,3433,1,0,7.51,Merchant,Electronics,Android,Yes,suspicious
1562.54,15,1854,2,0,0.81,P2P,Jewelry,Android,Yes,suspicious
1240.3,14,4412,5,1,0.8,P2P,Groceries,iOS,No,fraud
2166.77,5,25,1,1,3.45,P2P,Travel,Android,Yes,fraud
950.82,3,1798,3,0,2.59,BillPay,Fuel,iOS,Yes,suspicious
1604.68,2,4031,2,3,1.53,P2P,Fuel,Unknown,Yes,fraud
2577.93,7,3528,3,0,0.2,Merchant,Groceries,Android,No,suspicious
766.25,5,216,6,0,1.69,P2P,Fuel,Android,No,suspicious
5416.73,17,2900,3,0,0.36,P2P,Fuel,Android,No,suspicious
3408.77,11,2103,1,0,3.37,Merchant,Electronics,Android,No,suspicious
1276.81,20,1864,3,0,1.94,Merchant,Groceries,Android,No,suspicious
319.89,10,4177,2,0,8.54,P2P,Fuel,iOS,No,safe
3304.84,21,3875,2,0,2.81,P2P,Electronics,Unknown,No,fraud
3129.75,11,51,3,1,3.57,Merchant,Fuel,Android,Yes,fraud
5778.63,19,2133,2,0,3.63,P2P,Jewelry,Android,Yes,fraud
2998.93,21,3464,7,0,0.29,P2P,Travel,Android,No,suspicious
402.47,6,2902,0,0,6.5,Merchant,Electronics,iOS,No,suspicious
355.79,16,3402,0,2,1.68,Merchant,Jewelry,iOS,No,fraud
6631.56,7,2282,4,1,3.69,Merchant,Groceries,Android,No,fraud
808.57,14,3381,5,0,4.48,P2P,Fuel,Android,No,suspicious
1091.86,0,3177,2,2,1.7,P2P,Travel,Android,No,fraud
2591.63,23,1282,6,2,2.27,P2P,Electronics,Android,No,fraud
2253.45,16,2399,3,1,9.32,P2P,Jewelry,Android,No,fraud
4693.3,15,2442,6,0,5.04,P2P,Fuel,Unknown,No,fraud
673.62,15,1581,6,0,19.09,P2P,Travel,Unknown,Yes,fraud
1035.17,3,4582,6,0,10.3,Merchant,Jewelry,Android,No,fraud
828.91,21,3890,2,0,3.18,Merchant,Fuel,Android,No,safe
2373.46,20,916,2,1,10.83,Merchant,Travel,Android,No,suspicious
5617.96,19,3009,4,0,3.42,BillPay,Travel,Android,No,suspicious
639.14,17,2946,5,0,4.8,BillPay,Groceries,Android,No,suspicious
8807.11,9,1950,3,1,1.72,P2P,Groceries,Android,Yes,fraud
4215.9,4,1355,1,0,0.19,P2P,Jewelry,Android,No,suspicious
7634.56,21,4359,2,0,6.29,P2P,Fuel,Android,No,suspicious
1464.38,10,2455,4,0,5.38,Merchant,Travel,Android,No,suspicious
1200.33,1,2241,1,1,13.57,Merchant,Fuel,Android,Yes,fraud
3325.42,21,3476,0,0,9.46,P2P,Groceries,iOS,Yes,suspicious
1747.41,4,4002,1,0,1.64,Merchant,Fuel,iOS,No,suspicious
2365.33,23,3803,1,1,14.21,P2P,Electronics,iOS,No,fraud
1885.56,6,4995,1,0,11.13,P2P,Jewelry,Android,Yes,suspicious
1012.1,12,2891,2,0,3.08,P2P,Groceries,Android,No,safe
751.92,8,3263,2,2,0.21,P2P,Fuel,Android,Yes,fraud
1551.91,21,1143,2,1,0.84,BillPay,Groceries,Android,No,suspicious
281.47,10,2681,2,0,11.37,BillPay,Travel,Android,No,safe
3530.29,15,868,3,0,29.25,Merchant,Travel,Unknown,Yes,fraud
3447.35,1,1329,0,0,1.84,Merchant,Travel,Android,No,suspicious
4696.72,19,3484,1,0,1.24,P2P,Travel,Android,Yes,suspicious
2961.81,18,2024,2,0,1.23,Merchant,Groceries,Android,Yes,suspicious
2087.98,6,3429,2,1,0.01,P2P,Electronics,Android,Yes,fraud
3204.75,1,3697,3,0,5.71,P2P,Travel,Android,Yes,fraud
2596.98,0,3627,5,0,0.38,P2P,Fuel,Android,No,suspicious
7445.15,19,2992,4,0,0.22,P2P,Jewelry,iOS,No,fraud
974.31,17,4358,3,0,21.87,P2P,Travel,Android,No,suspicious
2419.24,13,4018,2,0,3.73,P2P,Jewelry,Android,No,suspicious
2202.23,18,4228,4,0,1.2,P2P,Electronics,Android,No,suspicious
5650.98,9,4120,1,1,1.47,P2P,Electronics,Android,No,fraud
908.82,16,4833,2,0,1.81,P2P,Electronics,Android,No,suspicious
1041.88,10,2245,3,0,3.07,P2P,Travel,Android,No,suspicious
6492.93,16,2026,2,0,3.32,P2P,Fuel,Android,No,suspicious
986.59,19,1974,1,0,2.68,P2P,Fuel,iOS,No,safe
890.85,19,4015,4,0,1.61,P2P,Travel,Android,No,suspicious
887.68,5,107,3,0,3.23,P2P,Jewelry,Android,Yes,suspicious
1377.41,15,765,3,0,6.66,Merchant,Fuel,Android,No,suspicious
2464.55,23,1788,4,0,1.79,P2P,Fuel,iOS,No,suspicious
1008.04,12,289,4,0,9.11,Merchant,Fuel,iOS,No,suspicious
4124.23,2,3869,7,1,6.7,P2P,Groceries,iOS,No,fraud
1598.71,3,4856,4,0,3.02,P2P,Electronics,Android,No,fraud
849.21,5,2087,5,4,20.35,Merchant,Fuel,Unknown,No,fraud
3601.32,12,2816,2,0,5.53,Merchant,Jewelry,iOS,Yes,fraud
2259.91,13,4419,7,0,21.79,P2P,Travel,Android,Yes,fraud
2699.76,10,2809,3,1,6.88,P2P,Electronics,Android,No,fraud
3281.99,1,343,4,1,0.78,P2P,Jewelry,iOS,No,fraud
613.52,1,1930,1,0,1.91,P2P,Electronics,Android,No,suspicious
5092.71,22,1618,5,0,11.72,P2P,Electronics,iOS,No,fraud
1518.77,4,3257,5,0,0.97,P2P,Jewelry,Android,Yes,fraud
3910.91,4,4242,2,1,0.07,Merchant,Fuel,iOS,No,fraud
960.35,16,1139,3,0,0.89,Merchant,Groceries,iOS,No,suspicious
2625.81,2,122,4,0,2.8,Merchant,Jewelry,Android,Yes,fraud
2230.31,9,578,5,1,1.34,BillPay,Groceries,Android,Yes,fraud
7556.74,18,3276,10,0,4.91,Merchant,Jewelry,Android,Yes,fraud
1015.82,4,3367,4,0,7.63,P2P,Groceries,Android,Yes,suspicious
163.71,16,4903,2,0,1.69,Merchant,Electronics,Android,No,suspicious
3263.23,2,3849,1,0,0.05,Merchant,Travel,Android,Yes,suspicious
1877.44,1,2216,2,0,2.65,Merchant,Jewelry,Unknown,No,fraud
3011.57,5,1798,2,0,21.49,P2P,Travel,iOS,Yes,suspicious
6425.82,2,3099,2,0,18.34,BillPay,Electronics,Android,No,fraud
4247.14,23,3717,3,0,0.11,P2P,Electronics,iOS,No,suspicious
2585.84,10,4973,3,3,2.95,P2P,Jewelry,Android,No,fraud
6991.62,16,893,5,0,5.2,Merchant,Groceries,iOS,No,suspicious
607.51,16,1807,4,1,0.19,BillPay,Electronics,Android,No,fraud
6039.47,9,2769,5,0,6.4,Merchant,Travel,Android,Yes,fraud
974.51,6,2932,5,0,1.51,P2P,Electronics,Android,No,suspicious
2277.54,9,4231,8,0,3.38,BillPay,Electronics,Android,Yes,fraud
1911.25,16,3418,0,1,0.39,P2P,Electronics,Android,No,fraud
812.63,15,1899,3,2,2.86,Merchant,Groceries,iOS,No,fraud
11128.44,17,1366,4,0,2.33,P2P,Fuel,iOS,No,suspicious
705.25,0,841,1,0,4.98,P2P,Fuel,Android,No,suspicious
1641.0,0,4228,3,2,3.1,P2P,Electronics,Android,No,fraud
2081.31,7,2468,3,0,1.31,P2P,Jewelry,Android,No,suspicious
2189.01,12,79,3,1,1.02,Merchant,Travel,Unknown,No,fraud
2943.61,4,464,5,0,6.69,P2P,Fuel,Android,Yes,fraud
10821.38,14,4137,1,0,3.17,P2P,Travel,Android,No,suspicious
88.12,17,2415,5,0,0.42,P2P,Fuel,Android,No,safe
1029.25,2,3951,5,1,2.57,Merchant,Fuel,Android,No,fraud
9718.62,7,2645,3,0,5.01,BillPay,Groceries,Android,No,suspicious
505.63,10,4233,0,0,0.65,P2P,Groceries,Android,No,safe
6096.73,22,3527,5,1,3.97,Merchant,Electronics,iOS,No,fraud
1347.73,22,877,3,0,2.52,BillPay,Travel,iOS,No,suspicious
1311.69,18,3854,1,0,0.72,P2P,Travel,Android,No,safe
432.55,3,2551,3,0,3.96,P2P,Travel,iOS,No,suspicious
1160.72,3,3555,3,1,2.08,P2P,Jewelry,Android,No,fraud
2612.21,10,121,2,0,7.65,P2P,Fuel,iOS,Yes,suspicious
988.19,17,3859,4,0,4.52,P2P,Groceries,Android,Yes,suspicious
1139.72,2,2413,0,0,2.3,P2P,Groceries,Android,No,suspicious
895.86,17,2201,4,1,1.56,Merchant,Fuel,iOS,Yes,fraud
3574.2,22,1359,3,1,2.92,P2P,Electronics,iOS,No,fraud
236.28,4,2171,4,2,7.43,Merchant,Electronics,iOS,No,fraud
1451.48,21,2546,2,0,6.38,BillPay,Groceries,Android,No,suspicious
2966.56,17,990,4,0,4.33,Merchant,Fuel,Android,No,suspicious
325.46,0,1323,3,0,2.9,P2P,Jewelry,Android,Yes,fraud
448.93,12,2963,7,0,0.25,BillPay,Fuel,Android,No,suspicious
4931.02,12,4548,3,1,1.63,P2P,Fuel,iOS,No,fraud
1683.69,8,2956,1,0,0.57,P2P,Jewelry,Android,No,suspicious
13651.86,9,3769,3,1,2.09,P2P,Groceries,Android,No,fraud
4243.42,22,719,7,0,6.51,Merchant,Electronics,Android,No,fraud
1310.89,1,3233,3,0,17.16,Merchant,Travel,Android,Yes,suspicious
6467.93,1,3701,3,1,5.76,Merchant,Fuel,Android,No,fraud
3213.57,8,115,4,0,2.67,P2P,Fuel,Android,No,suspicious
20730.92,17,1342,2,1,0.47,Merchant,Groceries,iOS,No,fraud
1304.43,14,3746,1,0,4.69,P2P,Electronics,Android,No,suspicious
4918.81,19,3783,1,0,2.37,P2P,Jewelry,Android,No,suspicious
957.22,13,4201,5,0,16.97,P2P,Fuel,Android,No,suspicious
851.22,19,4218,0,1,6.36,P2P,Fuel,Android,No,suspicious
723.49,5,3741,7,0,2.99,Merchant,Electronics,Android,No,suspicious
614.93,22,1352,1,0,0.35,P2P,Jewelry,iOS,Yes,suspicious
721.84,22,2620,3,0,0.79,Merchant,Travel,iOS,No,suspicious
1360.32,15,214,6,0,0.47,Merchant,Electronics,Android,No,suspicious
378.05,21,3355,0,0,1.52,P2P,Jewelry,Android,No,safe
516.29,11,3428,2,0,16.44,P2P,Travel,Android,No,safe
1137.61,1,1810,2,1,3.82,P2P,Fuel,iOS,Yes,fraud
610.5,22,4028,2,0,0.31,P2P,Travel,Android,No,safe
992.82,13,189,3,0,1.73,P2P,Groceries,iOS,No,suspicious
1143.68,13,851,4,1,1.55,BillPay,Jewelry,Android,No,fraud
835.71,0,4842,4,0,7.53,Merchant,Travel,Android,Yes,suspicious
1318.61,18,3535,3,1,4.39,P2P,Electronics,Android,No,fraud
534.58,2,4352,2,0,14.3,Merchant,Travel,Android,No,suspicious
2046.56,10,4922,3,0,1.29,Merchant,Electronics,Android,Yes,fraud
989.43,15,3297,2,1,3.87,Merchant,Groceries,iOS,No,suspicious
4532.02,16,213,4,0,1.67,Merchant,Groceries,Android,Yes,suspicious
294.36,6,4654,3,0,5.56,Merchant,Electronics,Android,No,suspicious
2513.27,18,2743,2,0,3.3,Merchant,Travel,iOS,No,suspicious
303.49,8,1727,1,0,9.9,P2P,Travel,Android,Yes,suspicious
6630.38,3,135,3,1,9.43,P2P,Electronics,Android,Yes,fraud
5941.71,14,479,2,0,2.85,P2P,Travel,Android,Yes,suspicious
1572.54,15,2131,0,1,0.93,Merchant,Electronics,Android,No,suspicious
660.57,1,4958,3,0,3.29,P2P,Jewelry,Android,No,suspicious
2233.33,7,4962,3,2,3.13,Merchant,Jewelry,Android,No,fraud
1668.37,22,2383,6,0,0.12,Merchant,Fuel,Android,Yes,suspicious
1318.69,20,2825,5,1,5.54,P2P,Travel,iOS,No,fraud
612.6,5,1786,4,0,5.95,P2P,Travel,Android,No,suspicious
3787.53,17,2813,2,0,0.69,BillPay,Fuel,Android,No,suspicious
3096.99,19,3962,4,0,2.06,P2P,Fuel,Android,Yes,suspicious
2688.43,9,4454,3,0,11.67,Merchant,Travel,Android,No,suspicious
2584.48,6,4881,6,1,0.11,Merchant,Electronics,Android,No,fraud
193.29,3,1691,2,1,0.36,P2P,Travel,iOS,No,suspicious
1316.83,0,4762,6,0,1.25,P2P,Electronics,iOS,No,fraud
2903.78,1,3386,5,1,0.37,P2P,Travel,Android,Yes,fraud
3752.55,12,907,4,0,2.77,P2P,Groceries,Android,No,suspicious
950.11,16,2582,2,0,3.96,Merchant,Travel,iOS,No,safe
438.86,22,579,2,0,4.55,P2P,Fuel,Android,No,safe
380.41,9,2573,7,1,9.53,BillPay,Groceries,Android,No,fraud
3791.98,3,4831,0,1,0.42,P2P,Electronics,iOS,No,fraud
375.39,9,1137,3,0,0.92,P2P,Jewelry,Android,No,suspicious
1599.0,4,357,4,2,3.41,P2P,Electronics,iOS,Yes,fraud
1616.4,18,348,2,0,7.94,BillPay,Electronics,Android,No,suspicious
291.76,0,2267,5,0,0.61,Merchant,Electronics,Android,Yes,fraud
710.81,9,3951,2,0,2.16,P2P,Electronics,Android,No,suspicious
1161.95,3,432,2,1,1.44,BillPay,Jewelry,iOS,No,fraud
383.3,18,1998,1,0,6.75,P2P,Jewelry,iOS,No,suspicious
2228.42,23,1702,1,2,2.43,BillPay,Jewelry,Android,No,fraud
1458.93,23,4266,4,2,7.93,P2P,Travel,Android,No,fraud
958.38,15,3231,2,0,6.45,Merchant,Electronics,iOS,No,suspicious
1381.22,2,2524,2,0,0.88,P2P,Jewelry,iOS,Yes,fraud
2658.08,20,2344,5,0,1.91,P2P,Fuel,Android,Yes,suspicious
1437.02,3,2267,3,0,0.41,P2P,Electronics,Android,No,suspicious
1294.79,21,462,5,0,0.34,P2P,Fuel,Android,Yes,suspicious
1992.79,16,3493,2,0,3.41,P2P,Travel,Android,No,suspicious
1723.95,0,4118,2,0,5.92,P2P,Travel,iOS,No,suspicious
5263.65,14,775,0,2,6.81,P2P,Groceries,iOS,Yes,fraud
2228.42,12,2677,5,0,1.61,Merchant,Electronics,Unknown,No,fraud
890.38,2,1101,2,0,1.3,P2P,Electronics,Android,Yes,fraud
1153.71,16,417,4,2,9.8,P2P,Electronics,iOS,No,fraud
563.39,2,2450,2,0,0.46,P2P,Groceries,Android,No,suspicious
2140.54,18,820,0,3,0.48,P2P,Electronics,Android,No,fraud
873.85,16,2749,5,0,0.48,P2P,Groceries,iOS,No,suspicious
2090.41,5,2235,3,0,7.81,P2P,Fuel,Android,Yes,suspicious
679.76,21,2168,4,2,0.26,P2P,Fuel,Android,No,fraud
1448.01,20,4813,6,1,1.6,P2P,Electronics,iOS,Yes,fraud
584.24,6,1945,1,0,1.74,BillPay,Travel,Android,No,safe
8256.76,14,256,2,0,5.14,Merchant,Jewelry,iOS,No,suspicious
887.34,16,174,2,0,2.15,P2P,Fuel,iOS,Yes,suspicious
688.02,13,1494,2,0,10.86,BillPay,Fuel,Unknown,No,suspicious
6006.67,10,3807,3,1,1.43,P2P,Fuel,Android,No,fraud
6286.12,1,2002,1,0,0.02,Merchant,Jewelry,Android,No,suspicious
1182.49,7,3220,2,0,0.11,P2P,Jewelry,Android,No,suspicious
2121.51,23,4924,4,0,0.61,P2P,Travel,iOS,Yes,suspicious
6828.48,6,2674,3,0,1.07,Merchant,Electronics,Android,Yes,fraud
658.31,21,1464,4,1,0.39,BillPay,Fuel,Android,No,suspicious
565.44,10,4111,6,0,9.77,P2P,Groceries,Android,Yes,suspicious
7216.43,12,4908,3,0,2.43,P2P,Groceries,Android,No,suspicious
2943.23,0,4168,6,0,10.19,P2P,Travel,iOS,No,fraud
4419.5,3,3176,6,0,3.77,P2P,Groceries,Android,Yes,fraud
278.53,1,1915,2,0,0.12,Merchant,Travel,iOS,No,suspicious
182.86,3,2577,3,1,0.47,P2P,Electronics,Android,Yes,fraud
3290.15,7,3627,6,0,7.21,P2P,Fuel,Android,No,suspicious
4326.2,0,4717,1,0,7.34,Merchant,Travel,iOS,No,suspicious
1753.44,21,4115,1,0,7.05,P2P,Jewelry,Android,No,suspicious
2123.39,9,901,4,0,11.08,P2P,Fuel,iOS,No,suspicious
1327.01,16,4603,3,0,1.68,P2P,Electronics,Android,No,suspicious
424.88,1,3519,1,1,2.25,Merchant,Jewelry,iOS,No,fraud
4352.14,16,4542,4,1,8.27,Merchant,Fuel,Android,No,fraud
1905.22,9,1364,6,0,2.65,P2P,Fuel,Android,No,suspicious
338.88,3,4739,1,0,2.15,P2P,Jewelry,iOS,No,suspicious
802.54,21,945,1,0,11.09,Merchant,Fuel,iOS,No,safe
875.09,4,1788,3,1,1.94,BillPay,Jewelry,Android,No,fraud
1036.19,2,475,3,1,1.2,P2P,Groceries,Android,No,fraud
3027.12,14,2877,1,0,0.1,P2P,Jewelry,Android,No,suspicious
1670.71,0,312,3,0,1.91,P2P,Fuel,Android,No,suspicious
1319.55,19,1483,4,0,2.94,P2P,Travel,Android,No,suspicious
3874.7,10,20,4,1,3.55,P2P,Jewelry,Android,Yes,fraud
1121.67,16,3835,5,1,1.72,P2P,Fuel,iOS,No,fraud
2028.36,9,4060,4,0,7.61,Merchant,Travel,Android,No,suspicious
598.48,13,431,5,0,1.63,Merchant,Jewelry,Android,No,suspicious
2057.15,3,3600,3,0,6.43,P2P,Groceries,Android,No,suspicious
1848.81,7,263,1,0,5.16,P2P,Electronics,iOS,No,suspicious
2487.54,16,136,5,0,5.41,P2P,Jewelry,Android,Yes,fraud
629.21,19,3842,3,0,21.14,BillPay,Travel,iOS,No,suspicious
493.75,8,3093,3,0,1.48,P2P,Groceries,Android,No,safe
505.79,5,3479,5,0,3.86,Merchant,Jewelry,Android,No,suspicious
795.96,2,958,3,0,3.31,Merchant,Jewelry,Android,Yes,fraud
1828.72,22,1690,5,0,0.97,P2P,Jewelry,Android,Yes,fraud
6032.78,3,302,2,0,1.42,P2P,Travel,iOS,No,suspicious
1160.08,19,1821,2,1,3.15,P2P,Fuel,Android,No,suspicious
1470.02,21,3958,3,0,11.22,P2P,Groceries,Android,No,suspicious
2958.88,4,873,4,1,2.88,P2P,Groceries,Android,Yes,fraud
4098.26,20,2641,2,0,3.34,P2P,Travel,Android,No,suspicious
3164.18,18,1684,4,2,4.56,P2P,Travel,iOS,Yes,fraud
1915.31,15,139,3,0,5.34,Merchant,Groceries,iOS,No,suspicious
3191.8,18,3314,3,0,3.62,Merchant,Travel,Android,Yes,suspicious
3121.3,23,4938,3,0,3.87,Merchant,Electronics,iOS,Yes,fraud
371.99,17,4201,4,0,0.46,P2P,Fuel,iOS,No,suspicious
5318.07,4,3314,0,2,6.73,Merchant,Electronics,Android,No,fraud
9729.38,21,1105,5,0,4.74,BillPay,Electronics,Android,No,fraud
3239.66,2,209,1,0,0.79,Merchant,Fuel,Android,No,suspicious
2844.21,18,1725,3,1,8.29,P2P,Travel,iOS,Yes,fraud
8732.96,8,1623,2,0,2.15,P2P,Fuel,Android,No,suspicious
4889.27,5,4743,1,1,7.46,P2P,Electronics,Android,No,fraud
1506.11,1,4879,2,1,1.79,P2P,Jewelry,Unknown,Yes,fraud
228.4,13,2047,3,0,3.39,Merchant,Fuel,iOS,Yes,suspicious
2512.34,0,3082,0,0,1.14,P2P,Travel,Android,No,suspicious
2789.72,22,4342,3,0,10.22,Merchant,Fuel,Android,No,suspicious
1124.17,13,529,6,0,7.91,P2P,Fuel,Android,No,suspicious
7707.39,1,1858,2,1,2.0,P2P,Fuel,Android,Yes,fraud
1456.81,13,3382,4,1,1.49,P2P,Jewelry,Android,No,fraud
2312.58,19,3212,2,1,7.58,P2P,Jewelry,iOS,No,fraud
1686.61,16,1741,2,0,0.81,P2P,Jewelry,iOS,Yes,suspicious
810.04,19,4255,3,0,9.71,P2P,Travel,Android,Yes,suspicious
5078.67,23,4803,2,0,4.96,P2P,Electronics,Android,No,suspicious
8950.24,21,707,4,0,2.81,P2P,Fuel,Android,No,suspicious
1525.05,6,794,6,2,5.47,BillPay,Fuel,Android,No,fraud
1667.06,15,1933,1,0,0.45,Merchant,Travel,Android,Yes,suspicious
890.8,12,2060,3,1,1.68,P2P,Jewelry,Android,Yes,fraud
404.01,8,2942,4,0,0.48,P2P,Electronics,Android,No,suspicious
2022.07,4,2155,4,1,1.13,P2P,Fuel,Android,No,fraud
1658.14,6,257,1,1,8.37,P2P,Jewelry,iOS,Yes,fraud
2633.95,22,4593,5,0,3.86,P2P,Travel,Android,No,suspicious
5186.95,14,2403,4,0,1.86,P2P,Fuel,Android,No,suspicious
467.08,8,4136,5,1,7.52,P2P,Electronics,iOS,No,fraud
1639.64,21,1803,4,1,0.88,P2P,Groceries,iOS,No,fraud
2139.68,10,576,5,0,1.73,P2P,Fuel,iOS,No,suspicious
231.59,17,525,4,0,3.97,P2P,Electronics,iOS,Yes,suspicious
3248.83,5,4371,3,0,6.71,P2P,Fuel,Android,No,suspicious
809.23,19,1284,2,0,0.22,Merchant,Fuel,Android,No,safe
3374.95,12,822,5,0,5.55,P2P,Electronics,Android,No,suspicious
1168.81,14,3715,1,0,2.13,P2P,Fuel,Android,No,safe
1314.09,0,4258,3,0,1.48,BillPay,Electronics,iOS,No,suspicious
3998.59,2,1550,1,1,6.08,Merchant,Jewelry,iOS,No,fraud
670.79,14,2196,5,0,0.41,Merchant,Travel,iOS,Yes,suspicious
7252.58,1,637,2,1,16.26,Merchant,Electronics,Android,Yes,fraud
2933.3,3,985,3,2,0.54,P2P,Electronics,Android,Yes,fraud
1584.02,23,3316,2,0,9.71,P2P,Electronics,iOS,No,suspicious
335.01,15,1303,3,0,10.36,P2P,Electronics,Android,Yes,suspicious
1061.4,0,1859,3,0,7.5,Merchant,Groceries,iOS,Yes,suspicious
2946.33,5,3887,2,1,6.57,Merchant,Fuel,iOS,No,suspicious
8425.01,18,2512,4,2,0.81,P2P,Travel,Android,No,fraud
4545.82,1,3368,3,0,0.46,P2P,Fuel,iOS,No,suspicious
529.5,7,4910,8,1,4.39,P2P,Travel,Android,No,fraud
1609.93,13,4124,5,0,3.44,P2P,Travel,Android,Yes,suspicious
1887.47,2,2880,2,1,4.37,Merchant,Travel,Android,No,fraud
5601.01,14,821,4,0,2.37,P2P,Fuel,Android,Yes,suspicious
1861.93,2,4160,0,0,0.95,BillPay,Groceries,Android,No,suspicious
3520.09,14,3584,4,0,7.46,P2P,Groceries,iOS,No,suspicious
2519.77,7,2597,0,0,4.0,Merchant,Jewelry,Unknown,No,suspicious
4343.81,10,3060,3,0,3.9,Merchant,Groceries,Android,No,suspicious
1294.13,1,1149,3,0,5.68,P2P,Groceries,Android,Yes,suspicious
1557.81,5,3507,2,2,5.32,Merchant,Fuel,Android,No,fraud
772.3,9,4190,1,1,1.95,P2P,Fuel,iOS,No,suspicious
853.5,12,1394,4,0,8.51,BillPay,Jewelry,Android,Yes,fraud
5871.45,10,2858,1,0,1.4,P2P,Jewelry,Android,Yes,suspicious
1342.2,0,4434,5,1,0.42,Merchant,Fuel,Android,Yes,fraud
8666.82,6,2816,4,0,10.7,Merchant,Fuel,Android,No,suspicious
4590.08,13,3048,5,0,4.5,P2P,Jewelry,Android,Yes,fraud
1562.03,8,1878,5,1,9.9,P2P,Jewelry,Unknown,No,fraud
4252.68,12,2539,4,1,1.28,Merchant,Jewelry,iOS,Yes,fraud
2675.77,19,1633,2,1,0.26,BillPay,Groceries,Unknown,No,fraud
3928.63,17,4110,3,0,2.31,Merchant,Fuel,Unknown,Yes,fraud
2965.66,15,3607,5,0,16.45,P2P,Fuel,Android,No,suspicious
1603.92,18,1541,2,0,3.21,Merchant,Jewelry,Android,No,suspicious
3881.29,23,318,3,0,5.76,Merchant,Electronics,iOS,No,suspicious
363.91,2,1980,4,0,2.14,P2P,Travel,Android,No,suspicious
1620.84,2,3316,2,1,1.61,P2P,Electronics,Android,Yes,fraud
557.42,11,32,2,0,12.02,Merchant,Groceries,iOS,Yes,suspicious
3385.21,16,4388,2,0,0.64,Merchant,Jewelry,iOS,No,suspicious
332.04,12,3666,1,0,26.25,BillPay,Electronics,Android,No,suspicious
1426.54,3,271,5,0,0.95,P2P,Travel,Android,No,suspicious
3126.56,16,4015,4,0,0.95,Merchant,Jewelry,Android,No,suspicious
865.34,17,4834,8,0,2.27,P2P,Electronics,Android,No,fraud
4306.13,11,3192,4,0,2.39,P2P,Fuel,Android,Yes,suspicious
1921.09,16,2601,5,0,4.28,P2P,Fuel,Android,Yes,suspicious
2696.92,5,3938,2,1,0.21,P2P,Groceries,Android,Yes,fraud
2090.1,5,4657,3,0,0.99,P2P,Electronics,Android,No,suspicious
367.93,8,2158,5,0,3.28,Merchant,Fuel,Android,Yes,suspicious
1683.74,13,2028,2,0,0.5,Merchant,Groceries,Android,No,suspicious
2713.94,9,4221,4,0,3.47,P2P,Electronics,iOS,No,suspicious
357.71,4,1448,5,0,4.66,P2P,Electronics,Android,No,suspicious
4956.45,18,1580,2,0,0.14,BillPay,Fuel,Android,Yes,suspicious
1913.51,16,1072,3,1,13.6,Merchant,Groceries,Android,No,suspicious
1660.19,4,3121,6,0,1.17,Merchant,Jewelry,Android,No,fraud
6374.85,9,3346,3,0,13.82,BillPay,Travel,Android,No,suspicious
1856.0,14,4491,3,0,9.14,P2P,Travel,Android,No,suspicious
1747.23,23,409,3,0,1.75,P2P,Fuel,Android,No,suspicious
7922.43,18,235,3,1,5.72,Merchant,Travel,Android,No,fraud
3648.71,23,2493,4,0,0.4,Merchant,Jewelry,Android,No,suspicious
480.88,2,68,2,1,5.15,Merchant,Travel,Android,No,fraud
13643.16,3,1322,6,2,5.44,P2P,Jewelry,Unknown,No,fraud
2584.6,3,3942,1,1,6.01,P2P,Jewelry,Android,Yes,fraud
753.67,19,2086,1,0,1.84,P2P,Travel,Android,Yes,suspicious
928.96,17,731,1,0,6.99,P2P,Groceries,Unknown,Yes,suspicious
328.75,21,1689,5,0,1.5,Merchant,Fuel,Android,No,suspicious
541.03,14,3256,3,0,10.61,Merchant,Groceries,Android,No,safe
736.42,14,459,2,0,1.16,P2P,Electronics,iOS,No,suspicious
846.39,21,4413,5,0,1.41,P2P,Electronics,Android,No,suspicious
1881.18,16,3710,1,0,1.24,Merchant,Fuel,Android,Yes,suspicious
3990.61,1,4822,2,0,0.4,Merchant,Jewelry,Android,Yes,fraud
2149.77,11,683,2,0,2.39,P2P,Electronics,Android,No,suspicious
374.6,0,1050,4,0,1.6,P2P,Electronics,iOS,Yes,fraud
1894.66,12,455,2,0,1.52,Merchant,Groceries,Android,No,suspicious
766.04,12,3315,2,0,9.4,BillPay,Jewelry,Android,No,suspicious
19146.44,5,2488,3,1,0.54,Merchant,Jewelry,iOS,Yes,fraud
1918.81,1,2218,1,1,5.38,P2P,Electronics,iOS,No,fraud
1932.63,19,2351,3,0,3.67,Merchant,Electronics,Android,No,suspicious
616.54,12,1291,2,2,0.83,P2P,Jewelry,iOS,Yes,fraud
2326.35,2,4958,2,0,1.2,P2P,Fuel,iOS,No,suspicious
874.18,7,539,6,1,8.44,P2P,Groceries,Android,No,fraud
707.43,2,4999,2,0,9.02,P2P,Travel,iOS,No,suspicious
954.47,11,3728,5,1,3.59,Merchant,Electronics,Android,No,fraud
1469.53,22,2445,7,0,7.41,BillPay,Groceries,Android,No,suspicious
542.84,17,776,3,0,1.66,Merchant,Travel,Android,No,safe
2324.94,20,1705,3,0,1.06,Merchant,Jewelry,Android,No,suspicious
840.99,14,1980,3,0,4.61,Merchant,Fuel,Android,No,suspicious
1839.27,5,1461,2,0,1.65,Merchant,Travel,iOS,Yes,suspicious
635.55,1,986,4,1,5.47,BillPay,Electronics,Android,No,fraud
3452.94,21,1197,2,0,0.52,P2P,Fuel,Android,No,suspicious
3049.43,2,1923,2,0,7.43,P2P,Fuel,iOS,No,suspicious
3539.7,23,4861,4,0,1.37,P2P,Electronics,Unknown,No,fraud
963.59,23,2257,3,0,0.28,P2P,Electronics,Android,No,suspicious
3359.67,3,4626,2,0,1.8,Merchant,Travel,Android,No,suspicious
312.55,11,2813,2,1,1.45,P2P,Travel,Android,No,suspicious
4331.3,17,1364,5,0,0.56,Merchant,Fuel,Android,No,suspicious
2047.21,19,4147,3,1,3.03,P2P,Groceries,Android,No,suspicious
5285.53,1,4025,5,2,1.35,Merchant,Jewelry,Android,No,fraud
2146.69,6,4264,6,0,9.29,Merchant,Groceries,Android,No,suspicious
1540.09,14,1363,3,1,3.11,Merchant,Travel,Android,No,suspicious
1986.91,11,2415,0,1,9.12,P2P,Travel,Android,No,suspicious
615.27,17,2055,3,1,0.35,P2P,Jewelry,iOS,No,fraud
808.1,6,3244,3,1,2.22,P2P,Fuel,Android,No,suspicious
1577.21,18,1753,4,0,7.24,P2P,Travel,Android,No,suspicious
7172.95,2,2222,7,1,1.25,Merchant,Electronics,Android,No,fraud
1433.48,22,4927,2,0,7.64,P2P,Travel,Android,No,suspicious
2164.72,23,1029,5,0,0.42,Merchant,Fuel,iOS,No,suspicious
2222.5,11,3311,4,1,8.91,Merchant,Jewelry,Android,No,fraud
737.94,4,1227,3,0,0.97,BillPay,Groceries,Android,Yes,suspicious
3676.28,20,3046,6,0,9.01,Merchant,Travel,Unknown,Yes,fraud
4434.01,19,4847,4,0,3.88,Merchant,Fuel,Android,No,suspicious
2648.81,6,622,4,1,1.83,P2P,Groceries,iOS,Yes,fraud
1780.28,22,1853,2,0,1.31,Merchant,Electronics,Unknown,No,fraud
358.03,21,3671,0,1,6.87,Merchant,Groceries,iOS,No,suspicious
177.05,3,898,4,0,0.62,Merchant,Jewelry,Android,Yes,fraud
2099.83,21,561,4,1,4.51,Merchant,Groceries,Android,No,fraud
2140.07,20,1293,6,1,0.35,Merchant,Jewelry,iOS,No,fraud
1287.48,3,916,3,0,1.62,Merchant,Groceries,Android,No,suspicious
1174.61,9,1824,2,0,2.18,P2P,Jewelry,Android,No,suspicious
4128.51,9,333,3,0,6.55,P2P,Travel,iOS,No,suspicious
850.2,7,1799,2,1,0.5,P2P,Groceries,Android,Yes,fraud
2099.42,6,4671,1,0,0.83,P2P,Fuel,iOS,No,safe
2978.29,17,1346,0,0,1.42,P2P,Travel,Android,No,safe
233.38,16,940,3,0,4.05,P2P,Travel,Android,Yes,suspicious
609.76,23,4833,4,0,8.88,Merchant,Fuel,iOS,Yes,suspicious
3342.95,9,2178,5,0,1.76,P2P,Jewelry,Android,Yes,fraud
1104.92,2,2451,3,0,10.28,Merchant,Fuel,Android,Yes,suspicious
3661.3,21,417,4,0,5.03,Merchant,Electronics,Android,No,suspicious
1254.38,20,2823,3,2,3.11,Merchant,Jewelry,iOS,No,fraud
9587.06,9,1231,4,0,0.84,P2P,Electronics,Android,No,fraud
1158.47,0,2842,4,1,4.55,Merchant,Jewelry,Android,No,fraud
730.84,5,82,3,1,2.17,Merchant,Electronics,iOS,No,fraud
2495.98,16,1720,0,0,2.26,Merchant,Travel,Android,No,safe
902.8,10,1638,3,0,0.65,P2P,Travel,Android,Yes,suspicious
1624.47,15,53,4,0,2.08,P2P,Jewelry,Android,No,fraud
2256.02,3,3631,5,0,2.1,P2P,Travel,Android,No,suspicious
545.87,3,1871,4,0,5.14,P2P,Fuel,Android,No,suspicious
2031.36,16,4485,4,0,6.26,BillPay,Electronics,Android,Yes,fraud
18095.45,3,3656,0,1,7.75,BillPay,Jewelry,Unknown,Yes,fraud
1709.25,0,366,1,0,11.33,P2P,Groceries,Android,No,suspicious
648.66,9,3457,2,1,6.6,P2P,Jewelry,Android,No,fraud
897.05,20,1225,1,0,0.27,P2P,Fuel,Android,Yes,suspicious
562.54,15,2416,3,0,1.47,Merchant,Groceries,Android,Yes,suspicious
1516.45,4,2968,2,0,10.05,P2P,Jewelry,iOS,No,suspicious
2086.25,1,1368,6,2,5.77,Merchant,Electronics,Android,Yes,fraud
1288.29,16,1692,3,1,2.85,P2P,Electronics,Android,Yes,fraud
2694.88,7,2451,5,0,1.84,P2P,Travel,iOS,Yes,suspicious
935.61,0,3772,3,0,2.75,P2P,Jewelry,iOS,Yes,fraud
943.77,14,3015,2,1,0.5,P2P,Groceries,iOS,Yes,fraud
931.02,9,1813,2,0,2.32,Merchant,Travel,Android,No,safe
3713.54,5,3407,7,0,2.67,P2P,Travel,Android,Yes,fraud
1745.9,18,4698,0,0,10.73,P2P,Jewelry,iOS,No,suspicious
1008.02,14,4681,3,1,2.29,P2P,Travel,Android,No,suspicious
1232.56,2,1497,2,1,8.42,BillPay,Electronics,iOS,No,fraud
727.05,0,4937,1,1,6.72,Merchant,Jewelry,iOS,Yes,fraud
1954.23,8,2928,2,0,4.59,P2P,Jewelry,Android,Yes,suspicious
430.94,10,2324,6,0,0.24,Merchant,Groceries,Android,No,suspicious
7008.13,16,985,3,0,1.54,P2P,Travel,Android,No,suspicious
2103.41,1,1282,6,1,0.31,P2P,Groceries,Android,No,fraud
3520.61,4,3469,2,0,3.91,P2P,Electronics,Android,No,fraud
2415.39,14,2576,2,1,3.16,Merchant,Groceries,iOS,No,suspicious
789.22,20,3455,1,0,2.09,BillPay,Electronics,iOS,No,suspicious
1716.57,13,2705,5,1,0.73,P2P,Travel,Android,No,fraud
1275.77,11,3076,5,0,3.58,Merchant,Jewelry,iOS,Yes,fraud
1170.12,10,1010,3,1,2.1,P2P,Groceries,Android,No,suspicious
1936.16,8,4174,1,1,2.81,Merchant,Travel,Android,Yes,fraud
414.3,13,4388,1,1,2.23,P2P,Jewelry,Android,No,suspicious
2760.65,17,1707,0,0,2.12,Merchant,Groceries,Android,Yes,suspicious
4772.43,2,1430,3,1,1.1,P2P,Groceries,Android,No,fraud
4949.69,14,3838,3,0,1.46,Merchant,Groceries,Android,Yes,suspicious
1200.86,18,3783,3,0,3.91,P2P,Travel,Android,Yes,suspicious
2486.68,10,3530,4,1,21.72,P2P,Travel,iOS,No,fraud
2070.64,5,4978,3,0,0.02,Merchant,Jewelry,Android,No,suspicious
1590.47,7,3683,4,0,7.04,Merchant,Travel,iOS,No,suspicious
1314.68,3,1620,2,0,1.65,P2P,Jewelry,Android,No,suspicious
1150.03,6,992,2,0,6.58,BillPay,Travel,Android,Yes,suspicious
2911.89,21,122,3,0,1.44,P2P,Jewelry,Android,No,suspicious
4597.14,2,1768,2,0,5.11,P2P,Groceries,Android,Yes,fraud
236.97,13,4149,3,0,9.52,P2P,Travel,Android,No,safe
4375.83,22,3726,2,1,4.72,Merchant,Travel,Android,No,suspicious
703.22,2,2766,4,0,0.76,Merchant,Groceries,Android,No,suspicious
1438.85,21,2393,2,0,2.89,P2P,Groceries,Android,No,suspicious
1556.34,10,3173,2,0,2.05,Merchant,Travel,Android,No,suspicious
2796.97,11,2512,3,0,0.31,P2P,Travel,Android,Yes,suspicious
1018.58,15,3461,4,0,0.3,Merchant,Travel,Android,No,suspicious
238.52,14,940,2,0,3.51,Merchant,Jewelry,Android,Yes,suspicious
3875.36,1,4785,2,1,1.66,Merchant,Fuel,Android,Yes,fraud
906.13,3,4390,2,1,0.38,P2P,Fuel,Unknown,No,fraud
3028.84,14,2271,4,1,0.09,Merchant,Jewelry,Unknown,Yes,fraud
615.0,4,4274,5,0,12.48,P2P,Fuel,iOS,No,suspicious
214.36,15,2654,1,0,0.63,P2P,Jewelry,Android,No,suspicious
617.2,1,2229,2,1,9.51,Merchant,Electronics,Android,No,fraud
5945.92,4,2143,2,0,0.68,P2P,Electronics,Android,No,fraud
417.33,14,1710,4,1,3.13,P2P,Groceries,Android,No,suspicious
785.07,20,4444,3,0,0.49,P2P,Fuel,Android,No,suspicious
977.29,14,3685,4,1,0.51,Merchant,Fuel,Android,No,suspicious
3715.61,18,905,6,0,3.83,BillPay,Travel,Android,Yes,fraud
1653.01,17,2860,3,0,0.99,Merchant,Travel,Android,No,suspicious
5345.38,21,234,4,0,0.41,P2P,Jewelry,iOS,No,suspicious
2441.18,5,730,3,0,0.34,BillPay,Electronics,Android,No,suspicious
3490.92,17,3889,0,0,1.89,P2P,Electronics,Android,No,suspicious
2503.5,13,3684,1,0,12.27,Merchant,Electronics,Android,No,suspicious
6093.11,3,577,3,0,3.07,BillPay,Jewelry,iOS,No,fraud
1535.29,1,515,2,0,3.55,P2P,Jewelry,Android,Yes,fraud
3901.65,2,22,1,0,3.66,P2P,Travel,Unknown,Yes,fraud
945.52,14,2922,5,0,8.79,P2P,Electronics,Android,No,suspicious
231.69,19,4575,0,1,6.04,Merchant,Fuel,Android,No,suspicious
888.02,12,4000,2,3,3.6,P2P,Electronics,Android,Yes,fraud
983.42,5,3348,3,2,2.73,Merchant,Travel,Android,No,fraud
763.17,16,715,3,2,4.05,P2P,Fuel,Android,Yes,fraud
2857.47,1,2408,0,0,5.56,Merchant,Jewelry,iOS,No,suspicious
792.46,12,4964,4,0,11.91,P2P,Fuel,Android,No,suspicious
1516.33,9,1181,2,0,9.51,P2P,Fuel,iOS,Yes,suspicious
1969.8,17,1003,5,0,8.73,P2P,Electronics,Android,Yes,fraud
773.95,14,2094,5,0,0.17,Merchant,Jewelry,iOS,Yes,fraud
1282.98,8,451,4,0,0.97,Merchant,Electronics,Android,Yes,fraud
564.9,2,1960,4,0,3.66,P2P,Fuel,Android,No,suspicious
1781.5,22,2091,3,0,1.15,Merchant,Jewelry,Unknown,No,fraud
1384.63,2,949,5,0,1.38,P2P,Electronics,Android,No,fraud
633.39,13,144,2,1,1.51,P2P,Fuel,Android,No,suspicious
2613.75,12,1824,4,0,1.16,P2P,Fuel,Android,No,suspicious
400.62,6,1710,1,0,3.66,P2P,Groceries,Android,No,safe
851.82,3,1277,3,1,14.43,P2P,Electronics,Android,No,fraud
763.7,13,3882,4,0,0.05,P2P,Groceries,iOS,No,suspicious
2429.88,20,2590,2,1,5.81,BillPay,Electronics,Android,No,fraud
325.85,15,1023,2,0,4.66,P2P,Jewelry,Android,No,suspicious
564.41,7,3048,4,0,6.02,P2P,Jewelry,Android,No,suspicious
406.69,0,3207,2,0,8.44,Merchant,Jewelry,iOS,No,suspicious
1619.96,9,2711,3,1,5.14,P2P,Fuel,iOS,No,suspicious
1278.04,10,3636,5,0,9.25,P2P,Jewelry,iOS,Yes,fraud
255.11,4,3737,3,0,1.44,P2P,Groceries,iOS,No,suspicious
1196.71,10,4323,4,1,0.17,Merchant,Electronics,Android,No,fraud
3182.22,12,2487,1,0,5.67,P2P,Electronics,Android,No,suspicious
1655.51,11,1596,3,0,0.19,BillPay,Electronics,Android,No,suspicious
2313.52,21,791,2,0,2.59,P2P,Fuel,iOS,No,suspicious
829.28,1,3805,4,0,1.8,P2P,Fuel,iOS,Yes,suspicious
2039.75,6,4368,1,3,3.7,Merchant,Travel,Android,Yes,fraud
14920.97,17,519,3,0,10.76,P2P,Travel,iOS,No,suspicious
1148.02,23,1321,1,0,4.83,Merchant,Fuel,iOS,No,safe
2851.51,2,1012,3,0,1.62,Merchant,Fuel,Android,No,suspicious
1365.83,12,3492,3,1,0.54,P2P,Jewelry,Unknown,No,fraud
494.78,3,861,1,2,0.92,P2P,Groceries,iOS,Yes,fraud
557.03,23,1653,1,0,2.88,P2P,Fuel,Android,Yes,suspicious
2503.19,20,4984,3,0,3.26,P2P,Travel,Android,Yes,suspicious
2866.32,19,1346,3,0,1.49,Merchant,Travel,Android,Yes,suspicious
799.7,8,3723,3,1,3.87,P2P,Fuel,iOS,No,suspicious
12734.54,2,978,2,0,5.35,P2P,Groceries,Android,No,suspicious
986.84,19,3372,3,0,1.1,P2P,Travel,iOS,Yes,suspicious
1047.14,1,543,2,0,5.91,P2P,Jewelry,Android,No,suspicious
13659.03,12,895,3,0,2.55,P2P,Fuel,Android,Yes,suspicious
1543.13,22,4254,4,0,2.92,P2P,Travel,Android,No,suspicious
2259.67,11,1528,2,2,1.63,BillPay,Travel,iOS,No,fraud
2550.89,22,4647,6,1,1.16,Merchant,Travel,iOS,Yes,fraud
658.1,9,2045,1,0,9.32,Merchant,Electronics,Unknown,No,suspicious
936.08,13,438,5,1,17.19,P2P,Fuel,Android,No,fraud
4777.54,9,1296,3,0,3.08,P2P,Groceries,Android,No,suspicious
14923.46,0,4194,4,0,2.1,P2P,Fuel,Android,No,fraud
724.76,5,3036,1,0,4.02,P2P,Groceries,iOS,Yes,suspicious
11065.71,4,3675,2,0,0.26,P2P,Travel,iOS,No,suspicious
4000.73,9,3179,2,0,4.84,P2P,Jewelry,iOS,Yes,fraud
13691.85,7,4965,1,0,7.65,P2P,Electronics,Android,No,suspicious
1327.0,11,3211,2,0,1.86,P2P,Groceries,Android,Yes,suspicious
2165.13,10,2067,2,0,0.77,P2P,Fuel,Android,No,suspicious
44.65,20,1300,3,0,1.93,Merchant,Fuel,Android,No,safe
2787.48,23,1640,1,0,4.47,P2P,Jewelry,iOS,No,suspicious
11479.78,17,1949,3,2,3.73,P2P,Travel,iOS,No,fraud
2159.25,18,20,6,0,1.02,BillPay,Travel,Android,No,fraud
791.76,21,4615,4,2,3.43,Merchant,Travel,Android,No,fraud
1966.15,16,4601,4,0,2.02,Merchant,Electronics,iOS,Yes,fraud
459.76,0,1328,5,0,5.36,Merchant,Jewelry,iOS,Yes,fraud
8463.7,0,4021,4,1,9.0,Merchant,Fuel,Android,No,fraud
328.13,19,4522,2,0,3.1,Merchant,Fuel,Android,No,safe
2009.13,12,834,6,0,10.16,Merchant,Electronics,Android,No,fraud
2002.76,4,3905,6,0,1.88,BillPay,Jewelry,Android,No,fraud
1443.1,12,1472,3,1,2.84,Merchant,Travel,iOS,Yes,fraud
863.86,21,3139,4,0,1.13,P2P,Electronics,Android,Yes,fraud
400.73,13,3160,2,1,7.86,Merchant,Fuel,Android,No,suspicious
1899.98,3,2930,6,0,0.86,Merchant,Jewelry,iOS,No,fraud
1057.58,18,1455,6,0,0.52,P2P,Groceries,Android,Yes,suspicious
873.56,4,633,4,0,10.5,P2P,Fuel,iOS,No,suspicious
6324.6,14,1393,2,0,3.22,BillPay,Travel,Android,No,suspicious
337.99,11,2865,4,0,4.04,BillPay,Groceries,Android,No,suspicious
1050.91,2,834,2,0,4.14,P2P,Travel,Android,No,suspicious
2617.6,19,1208,4,2,1.66,P2P,Groceries,Android,Yes,fraud
978.61,19,4440,3,0,5.81,P2P,Fuel,Android,Yes,suspicious
2420.68,10,1653,2,0,2.86,P2P,Electronics,Android,Yes,suspicious
924.9,6,922,3,0,6.42,P2P,Fuel,iOS,No,suspicious
349.52,10,373,1,0,10.63,Merchant,Groceries,iOS,No,safe
2423.02,2,1460,2,2,0.41,Merchant,Fuel,Unknown,No,fraud
718.98,15,4476,1,0,10.01,Merchant,Fuel,Android,No,safe
232.86,9,2685,6,0,1.5,Merchant,Groceries,Android,No,suspicious
3171.79,2,4181,3,1,1.37,BillPay,Electronics,Android,No,fraud
1105.83,8,3763,3,0,4.18,P2P,Travel,iOS,No,suspicious
3147.71,19,2512,3,0,3.9,P2P,Jewelry,iOS,No,suspicious
2691.32,14,602,3,0,1.49,P2P,Electronics,Android,No,suspicious
740.61,11,3271,2,2,5.29,P2P,Groceries,Android,Yes,fraud
155.32,23,563,4,1,10.13,P2P,Groceries,iOS,No,suspicious
1033.58,12,3488,3,0,0.47,P2P,Travel,Android,No,suspicious
6062.43,1,3444,2,0,1.65,P2P,Groceries,Unknown,Yes,fraud
1135.12,3,2670,5,1,3.19,BillPay,Fuel,Android,Yes,fraud
534.19,21,3216,0,0,0.03,P2P,Groceries,Android,Yes,safe
1806.12,18,296,2,2,2.61,BillPay,Jewelry,Android,Yes,fraud
734.66,23,128,3,0,1.92,Merchant,Electronics,Android,No,suspicious
10397.93,14,2357,4,0,4.61,Merchant,Fuel,Android,No,suspicious
941.78,9,2253,3,0,16.72,P2P,Jewelry,Android,No,suspicious
992.02,22,1463,2,0,2.53,P2P,Electronics,Android,No,suspicious
742.13,11,450,5,1,7.4,P2P,Fuel,Android,Yes,fraud
11198.26,11,2660,1,1,9.88,P2P,Jewelry,Android,Yes,fraud
3347.18,17,2017,2,0,3.28,P2P,Groceries,Android,No,suspicious
393.88,19,182,3,0,1.04,P2P,Fuel,Android,Yes,suspicious
1041.64,16,1336,3,1,1.33,P2P,Fuel,Android,No,suspicious
185.31,7,830,3,1,8.7,P2P,Travel,Android,Yes,suspicious
1213.4,8,3211,3,0,0.14,Merchant,Groceries,Android,No,suspicious
436.64,20,4128,3,1,9.84,P2P,Travel,iOS,Yes,fraud
929.59,3,967,0,0,11.65,P2P,Groceries,Android,Yes,suspicious
2268.46,23,1675,3,0,10.3,Merchant,Jewelry,Android,Yes,fraud
9444.57,16,3069,2,0,5.6,Merchant,Fuel,Android,Yes,suspicious
361.93,1,4932,1,0,1.57,Merchant,Travel,Android,No,suspicious
2877.82,7,2061,7,1,4.22,BillPay,Travel,Android,No,fraud
471.31,22,2373,3,1,1.11,Merchant,Travel,Android,No,suspicious
3922.13,8,942,5,0,1.39,P2P,Electronics,Android,Yes,fraud
4289.5,16,4916,2,0,2.38,BillPay,Groceries,Android,No,suspicious
10966.04,6,2110,7,0,4.25,Merchant,Fuel,Android,Yes,fraud
3273.8,6,3332,4,0,1.37,P2P,Jewelry,Android,No,suspicious
189.34,0,3688,1,0,0.27,Merchant,Groceries,Android,No,safe
538.3,3,3459,3,0,13.47,P2P,Travel,Android,No,suspicious
4050.29,22,242,2,0,4.2,P2P,Travel,Android,Yes,suspicious
7164.79,0,261,3,1,0.08,P2P,Travel,iOS,No,fraud
885.26,21,2546,4,0,22.09,BillPay,Jewelry,Android,No,suspicious
393.07,6,3013,4,0,3.33,BillPay,Travel,iOS,No,suspicious
2381.2,13,2648,0,0,1.45,P2P,Electronics,Android,No,suspicious
1185.56,8,3351,0,1,0.32,P2P,Electronics,iOS,No,suspicious
1964.54,6,4038,0,1,2.18,Merchant,Electronics,iOS,No,fraud
2997.72,17,85,1,0,17.11,P2P,Jewelry,Android,Yes,fraud
5115.69,13,3046,2,0,7.82,P2P,Electronics,Android,No,suspicious
1037.46,15,1746,5,0,0.67,P2P,Fuel,Android,No,suspicious
3370.54,18,2319,6,0,1.83,BillPay,Jewelry,Android,No,fraud
35.28,8,2613,2,0,4.43,P2P,Jewelry,iOS,Yes,suspicious
701.8,5,3083,0,0,0.28,Merchant,Electronics,Android,No,suspicious
1520.65,9,2565,3,0,0.17,P2P,Travel,iOS,No,suspicious
4968.69,12,671,2,1,8.81,P2P,Jewelry,Android,No,fraud
30811.95,7,4420,3,0,1.33,P2P,Electronics,iOS,No,fraud
568.1,18,2850,1,1,10.25,Merchant,Groceries,Android,No,suspicious
2206.79,1,64,3,0,1.33,P2P,Travel,Android,Yes,fraud
1715.56,2,4473,4,0,8.14,P2P,Travel,Android,No,suspicious
2450.51,23,3792,1,0,1.06,P2P,Travel,Android,Yes,suspicious
3594.23,17,2700,2,3,4.63,Merchant,Travel,Android,Yes,fraud
36253.8,9,998,1,0,3.75,BillPay,Jewelry,Android,Yes,fraud
2122.7,5,4346,4,0,4.43,BillPay,Groceries,Android,No,suspicious
1999.33,7,4018,3,1,7.05,P2P,Travel,iOS,No,suspicious
1180.83,0,1323,3,2,0.99,BillPay,Jewelry,iOS,No,fraud
6799.66,7,1943,4,0,0.22,P2P,Fuel,Android,No,suspicious
2270.63,0,131,3,0,4.05,P2P,Travel,Android,No,suspicious
614.17,9,2471,5,0,12.19,BillPay,Jewelry,Android,Yes,fraud
710.33,9,2254,1,0,0.23,P2P,Travel,Android,Yes,suspicious
2262.37,16,1832,4,0,1.75,Merchant,Jewelry,iOS,No,suspicious
7186.39,2,1908,3,0,6.76,Merchant,Jewelry,Android,Yes,fraud
673.51,15,3745,2,1,0.07,P2P,Groceries,iOS,No,suspicious
2434.84,1,4098,1,0,4.76,P2P,Groceries,Android,No,suspicious
2172.83,21,4987,2,0,16.92,P2P,Fuel,Android,No,suspicious
205.29,4,3927,1,1,4.38,P2P,Electronics,Android,No,fraud
1063.16,16,1440,3,1,2.61,P2P,Travel,Android,Yes,fraud
1312.88,21,1866,6,1,22.23,P2P,Jewelry,Android,No,fraud
5545.94,14,4894,5,0,0.73,Merchant,Fuel,Android,Yes,fraud
1030.16,11,685,3,2,4.18,BillPay,Fuel,Android,No,fraud
1563.93,9,1209,2,0,5.15,Merchant,Groceries,iOS,No,suspicious
254.76,0,4308,3,0,1.04,Merchant,Electronics,Android,Yes,fraud
3354.93,14,801,2,0,19.57,P2P,Jewelry,iOS,No,suspicious
2067.35,6,4749,2,0,1.16,P2P,Electronics,Android,No,suspicious
2412.4,20,4722,1,0,9.4,P2P,Travel,Android,No,safe
307.08,3,3089,5,0,1.76,Merchant,Fuel,Android,Yes,suspicious
1265.29,7,3666,2,2,4.54,P2P,Groceries,Android,No,fraud
1024.03,22,46,3,0,9.64,P2P,Fuel,Unknown,No,fraud
1364.51,5,3717,4,0,0.77,BillPay,Travel,Android,No,suspicious
612.76,3,3252,2,0,5.23,BillPay,Fuel,Android,No,suspicious
3095.19,11,4873,0,0,4.89,P2P,Electronics,Android,No,suspicious
2405.03,18,203,5,1,3.58,P2P,Travel,Android,No,fraud
14089.46,9,3722,0,0,1.32,P2P,Jewelry,Android,No,suspicious
2487.46,3,3671,5,0,8.52,P2P,Travel,iOS,No,suspicious
2277.61,13,3753,4,1,2.02,P2P,Fuel,Android,No,fraud
2860.42,23,3712,11,0,6.43,P2P,Electronics,Android,No,fraud
1242.58,2,3721,1,1,9.81,P2P,Groceries,iOS,Yes,fraud
1362.19,19,4806,1,0,2.4,P2P,Fuel,Android,No,safe
989.33,12,4860,3,1,22.1,Merchant,Fuel,Android,No,suspicious
560.68,3,1227,2,1,6.79,Merchant,Fuel,Android,No,suspicious
652.37,17,2948,1,1,1.65,P2P,Fuel,Android,No,suspicious
2904.57,5,2014,4,0,3.34,BillPay,Jewelry,iOS,No,suspicious
109.59,15,2316,2,0,0.46,Merchant,Travel,Android,No,safe
698.88,21,4549,1,0,0.32,P2P,Fuel,Android,Yes,suspicious
1637.8,15,1119,3,0,3.69,P2P,Electronics,Android,Yes,fraud
616.22,10,2262,5,1,2.0,P2P,Fuel,Android,No,suspicious
853.5,21,4347,3,0,2.84,BillPay,Jewelry,iOS,No,suspicious
1690.91,16,4079,1,0,3.21,Merchant,Jewelry,iOS,No,suspicious
1821.12,13,3610,4,0,9.47,P2P,Fuel,Android,Yes,suspicious
8398.41,18,3271,1,0,2.25,Merchant,Groceries,Android,No,suspicious
438.28,14,4680,0,0,0.1,Merchant,Jewelry,Android,No,suspicious
1280.0,23,1991,5,1,1.16,P2P,Groceries,Android,Yes,fraud
1555.88,15,3333,3,0,6.08,P2P,Groceries,iOS,No,suspicious
1130.47,20,1896,1,2,5.29,P2P,Travel,Android,No,fraud
1062.67,4,1594,2,0,0.88,Merchant,Groceries,Android,Yes,suspicious
275.92,15,1827,0,2,1.25,P2P,Fuel,Android,Yes,fraud
1806.84,8,4917,2,2,6.86,P2P,Groceries,Android,No,fraud
601.47,21,4563,2,0,6.72,P2P,Jewelry,Unknown,No,suspicious
2538.9,6,446,2,1,15.29,P2P,Fuel,Android,Yes,fraud
847.15,18,1925,4,2,8.08,Merchant,Jewelry,Android,No,fraud
3705.11,23,3177,2,0,7.6,P2P,Groceries,Android,Yes,suspicious
1270.59,1,1460,4,1,1.81,BillPay,Travel,Android,No,fraud
974.81,0,3254,2,0,5.01,P2P,Jewelry,Android,No,suspicious
1790.61,23,4379,5,0,0.43,P2P,Jewelry,Android,No,suspicious
664.75,14,3523,4,0,9.52,P2P,Jewelry,Android,No,suspicious
795.55,22,872,7,0,7.75,Merchant,Electronics,Android,Yes,fraud
940.44,0,3843,2,0,8.25,BillPay,Electronics,iOS,No,suspicious
3204.44,14,798,1,1,9.0,P2P,Jewelry,iOS,No,fraud
1020.52,2,1933,0,0,0.42,P2P,Jewelry,Android,Yes,suspicious
2513.97,8,1835,4,2,7.96,P2P,Fuel,iOS,Yes,fraud
874.88,2,1335,6,0,11.24,Merchant,Groceries,Android,No,suspicious
2580.89,9,1774,2,1,5.22,P2P,Electronics,Android,No,fraud
543.33,7,2534,2,0,1.61,Merchant,Electronics,Android,No,suspicious
3315.97,1,2208,4,0,0.57,P2P,Jewelry,Android,Yes,fraud
241.28,21,4296,3,0,5.1,P2P,Travel,Android,No,safe
2993.06,15,3730,2,0,5.8,P2P,Fuel,Android,No,suspicious
1249.62,6,3531,1,0,5.85,P2P,Travel,Android,Yes,suspicious
264.91,11,2756,1,1,0.43,P2P,Fuel,iOS,No,suspicious
2057.19,16,273,3,0,4.09,P2P,Groceries,Android,Yes,suspicious
195.59,10,1745,6,0,3.59,P2P,Groceries,Android,Yes,suspicious
1109.68,4,484,3,1,8.89,P2P,Travel,Android,No,fraud
1029.51,19,1102,4,0,2.88,P2P,Fuel,Android,No,suspicious
1412.05,8,699,2,1,0.79,Merchant,Fuel,iOS,No,suspicious
5874.94,7,3046,5,1,1.71,Merchant,Electronics,iOS,No,fraud
11197.5,3,4937,4,0,0.95,P2P,Electronics,Android,Yes,fraud
713.05,5,402,1,0,2.53,BillPay,Fuel,Android,No,safe
1186.49,4,4394,1,1,2.6,Merchant,Electronics,iOS,No,fraud
5217.85,4,1253,1,0,5.83,P2P,Jewelry,Android,No,suspicious
641.73,19,1704,4,0,3.13,P2P,Travel,iOS,No,suspicious
6915.83,11,1967,4,0,16.87,P2P,Travel,iOS,No,suspicious
1186.03,1,1389,6,0,27.97,P2P,Travel,Android,No,suspicious
1623.45,7,2904,1,0,2.21,Merchant,Jewelry,iOS,No,suspicious
1035.65,10,678,3,1,0.76,P2P,Fuel,Android,Yes,fraud
660.13,2,4214,3,1,2.44,P2P,Travel,Android,No,fraud
365.54,22,850,5,0,0.92,Merchant,Electronics,iOS,No,suspicious
8648.51,22,2772,5,0,8.51,P2P,Groceries,Android,No,suspicious
2678.16,15,1927,5,0,23.11,P2P,Jewelry,Android,No,suspicious
1587.22,10,3097,1,0,2.76,P2P,Travel,Android,Yes,suspicious
6475.02,18,3534,3,0,0.98,P2P,Electronics,Android,No,suspicious
12803.78,21,2195,1,0,0.26,BillPay,Travel,iOS,No,suspicious
2127.2,4,1616,3,0,3.74,BillPay,Fuel,Android,Yes,suspicious
3301.16,9,4022,5,0,11.41,Merchant,Jewelry,iOS,No,suspicious
2422.26,6,2704,0,1,13.98,P2P,Travel,iOS,Yes,fraud
5891.34,15,1099,1,0,2.41,Merchant,Jewelry,iOS,Yes,suspicious
2202.75,5,3983,5,0,0.3,P2P,Travel,iOS,No,suspicious
7318.04,4,3360,4,0,2.59,P2P,Fuel,iOS,No,suspicious
1804.4,7,3067,3,1,5.34,P2P,Groceries,Android,No,suspicious
3423.66,8,545,1,0,0.33,P2P,Fuel,Android,No,suspicious
1827.19,3,3045,4,0,0.28,Merchant,Fuel,iOS,No,suspicious
380.87,15,1974,1,0,5.82,P2P,Electronics,Android,Yes,suspicious
574.26,10,3059,2,2,9.67,P2P,Electronics,iOS,No,fraud
3462.5,5,4731,4,0,0.21,P2P,Travel,Android,No,suspicious
1676.45,19,538,2,3,1.95,P2P,Electronics,iOS,Yes,fraud
2113.35,17,4187,1,1,2.58,BillPay,Jewelry,Android,Yes,fraud
279.2,18,2500,6,1,5.84,P2P,Groceries,Android,Yes,fraud
652.85,18,4522,2,1,2.07,Merchant,Electronics,iOS,No,fraud
1661.01,7,806,3,0,1.89,Merchant,Travel,Android,No,suspicious
2204.93,0,1067,2,1,0.32,P2P,Jewelry,iOS,No,fraud
3291.02,8,1464,5,0,5.09,P2P,Electronics,Android,Yes,fraud
1471.31,20,4305,6,0,3.48,Merchant,Jewelry,Android,Yes,fraud
882.14,22,4518,1,1,4.39,P2P,Jewelry,Android,No,fraud
3274.18,15,561,0,0,2.27,Merchant,Groceries,Android,Yes,suspicious
6871.15,21,101,5,2,3.33,Merchant,Groceries,iOS,No,fraud
971.68,22,3229,6,1,11.3,P2P,Electronics,Android,No,fraud
1848.71,2,1289,1,0,2.68,BillPay,Travel,Android,No,suspicious
6918.44,5,381,4,0,4.57,P2P,Travel,Android,No,suspicious
1776.57,15,4771,3,0,2.0,Merchant,Electronics,iOS,No,suspicious
259.6,5,3695,5,0,2.49,P2P,Jewelry,iOS,No,suspicious
301.67,1,1522,5,1,1.43,P2P,Electronics,iOS,No,fraud
4030.83,3,1145,2,0,9.15,P2P,Fuel,Unknown,Yes,fraud
913.46,21,3191,4,0,16.41,P2P,Groceries,iOS,No,suspicious
4585.52,15,2009,4,1,0.6,BillPay,Jewelry,iOS,No,fraud
1382.41,21,779,0,1,1.28,P2P,Electronics,iOS,Yes,fraud
3413.94,23,2791,7,0,2.34,P2P,Fuel,Android,No,suspicious
533.76,19,69,2,0,2.19,P2P,Electronics,Android,No,suspicious
1767.21,6,4979,1,0,10.42,P2P,Fuel,Android,No,safe
2385.35,9,3931,1,0,2.61,P2P,Jewelry,Android,No,suspicious
2758.72,11,4031,2,0,5.86,Merchant,Fuel,Android,No,suspicious
4493.46,20,4925,1,0,1.3,P2P,Groceries,iOS,No,suspicious
3249.82,23,4568,3,1,0.34,Merchant,Groceries,iOS,No,fraud
686.79,20,4331,8,2,2.54,P2P,Travel,Android,No,fraud
885.73,10,127,4,1,4.48,Merchant,Travel,Android,No,suspicious
1219.3,3,2242,1,0,0.71,P2P,Travel,Android,Yes,suspicious
3427.73,7,3138,6,1,0.28,P2P,Fuel,Android,No,fraud
816.71,18,494,1,1,0.6,Merchant,Groceries,Android,Yes,suspicious
2188.45,13,2780,2,1,2.42,P2P,Fuel,Android,No,suspicious
913.17,17,4345,1,1,2.13,Merchant,Fuel,iOS,Yes,suspicious
1290.76,14,4207,3,0,2.35,P2P,Groceries,Android,Yes,suspicious
990.88,22,963,3,0,1.5,Merchant,Jewelry,Android,No,suspicious
563.91,14,1161,1,1,0.68,P2P,Electronics,iOS,Yes,fraud
2320.76,7,158,8,0,7.97,Merchant,Groceries,iOS,Yes,fraud
4078.46,19,4679,1,0,0.96,P2P,Jewelry,Android,No,suspicious
521.67,10,3005,4,2,7.45,P2P,Fuel,iOS,No,fraud
1137.82,7,3117,0,1,6.16,P2P,Travel,Unknown,No,fraud
1080.4,19,4937,1,1,9.96,Merchant,Jewelry,iOS,Yes,fraud
635.4,7,1819,3,4,0.51,P2P,Travel,Android,Yes,fraud
1938.65,19,1184,5,0,10.07,Merchant,Jewelry,Android,No,suspicious
4619.36,17,201,6,0,4.48,P2P,Fuel,Android,No,suspicious
4011.01,13,2763,1,0,6.62,Merchant,Fuel,iOS,Yes,suspicious
807.92,6,1108,3,1,4.81,Merchant,Fuel,Android,Yes,fraud
2460.83,16,4346,1,1,8.06,Merchant,Electronics,Android,No,fraud
1881.17,5,634,5,0,4.05,P2P,Groceries,Android,Yes,suspicious
1935.71,7,2238,3,0,5.64,P2P,Groceries,Android,Yes,suspicious
3288.62,21,4965,2,0,1.61,Merchant,Fuel,Android,No,suspicious
2019.02,3,3322,4,1,5.27,BillPay,Fuel,Android,No,fraud
932.19,11,3535,2,0,1.04,P2P,Jewelry,iOS,No,suspicious
2734.26,17,796,2,1,1.36,BillPay,Groceries,Android,No,suspicious
560.57,17,3145,4,0,2.49,P2P,Fuel,Android,No,suspicious
399.83,11,2935,7,0,5.5,Merchant,Jewelry,Android,No,suspicious
533.31,20,3660,1,1,12.66,Merchant,Fuel,Android,No,suspicious
1087.81,22,1492,1,1,5.87,Merchant,Groceries,iOS,No,suspicious
17892.01,20,3298,3,1,7.87,P2P,Fuel,Android,No,fraud
711.69,20,523,3,1,10.92,BillPay,Groceries,Android,No,suspicious
1143.21,20,3745,2,2,3.79,Merchant,Fuel,iOS,Yes,fraud
204.23,17,3406,2,0,9.01,P2P,Travel,iOS,No,safe
1825.43,15,4018,8,0,5.63,P2P,Jewelry,Android,Yes,fraud
1236.46,9,550,4,0,2.17,P2P,Fuel,Android,No,suspicious
7740.03,13,1758,2,0,0.35,Merchant,Fuel,Android,No,suspicious
14341.93,0,4749,3,0,4.79,Merchant,Groceries,iOS,No,suspicious
1528.13,1,4237,0,0,4.6,Merchant,Groceries,Android,No,suspicious
3714.22,7,901,4,0,4.39,Merchant,Jewelry,Android,No,suspicious
4477.1,8,4460,3,1,3.39,Merchant,Jewelry,Android,No,fraud
858.91,17,295,2,0,2.73,P2P,Jewelry,iOS,No,suspicious
10770.72,16,3337,2,0,5.64,P2P,Fuel,Android,Yes,suspicious
270.91,10,3072,2,0,3.72,P2P,Fuel,Android,No,safe
634.04,10,4440,4,0,0.21,P2P,Groceries,Android,Yes,suspicious
277.56,18,328,7,1,2.85,P2P,Jewelry,Android,No,fraud
6201.53,9,3961,1,0,0.49,P2P,Fuel,Android,No,suspicious
398.5,15,889,6,0,0.59,P2P,Fuel,iOS,No,suspicious
1596.62,1,3602,3,0,1.87,Merchant,Fuel,iOS,No,suspicious
1320.97,11,1861,4,1,1.32,P2P,Travel,Android,No,fraud
809.4,11,4079,0,0,10.0,P2P,Groceries,iOS,Yes,suspicious
545.1,21,659,2,1,2.17,Merchant,Travel,iOS,Yes,fraud
1844.63,8,794,5,0,4.98,P2P,Jewelry,Android,Yes,fraud
8549.41,10,3576,3,0,5.17,P2P,Groceries,Android,No,suspicious
3722.18,0,165,3,0,0.48,P2P,Fuel,iOS,No,suspicious
1285.07,0,1995,5,0,0.22,P2P,Groceries,Android,No,suspicious
1499.54,13,623,3,1,3.51,Merchant,Fuel,Android,No,suspicious
2198.46,8,3493,3,0,0.71,P2P,Jewelry,Android,No,suspicious
153.32,15,213,6,0,4.99,BillPay,Fuel,Android,No,suspicious
2354.63,0,1717,4,0,4.14,BillPay,Travel,Android,No,suspicious
1889.85,2,2319,4,1,10.87,BillPay,Electronics,Android,No,fraud
3217.97,17,2860,4,2,0.02,P2P,Travel,Android,Yes,fraud
252.98,15,788,4,0,16.19,Merchant,Travel,Android,No,safe
1028.8,3,2729,2,0,11.09,BillPay,Jewelry,Android,No,suspicious
420.66,3,4675,1,1,3.38,P2P,Groceries,iOS,No,suspicious
1378.49,6,676,3,1,4.06,Merchant,Electronics,iOS,No,fraud
6390.47,20,2968,5,0,1.74,P2P,Fuel,iOS,No,suspicious
9050.84,15,2410,1,1,2.11,P2P,Travel,Android,No,suspicious
7123.61,22,1191,4,1,2.48,P2P,Fuel,iOS,Yes,fraud
1306.84,20,2195,6,4,2.99,P2P,Groceries,Android,No,fraud
3225.83,5,227,2,0,1.18,Merchant,Jewelry,Android,No,suspicious
2493.76,2,4239,3,0,4.24,P2P,Fuel,Android,No,suspicious
2031.69,16,1346,1,0,2.87,Merchant,Fuel,iOS,No,safe
1362.06,3,4085,2,0,0.39,BillPay,Jewelry,iOS,No,suspicious
1397.11,8,1936,1,0,3.06,P2P,Electronics,Android,No,suspicious
1803.85,19,2778,5,0,6.82,P2P,Travel,iOS,No,suspicious
514.19,4,1213,2,1,1.39,P2P,Groceries,iOS,No,suspicious
912.69,11,2429,4,0,0.5,BillPay,Travel,Android,No,suspicious
5836.58,12,2190,2,0,3.72,P2P,Jewelry,Android,No,suspicious
1163.17,20,4459,2,0,1.35,P2P,Groceries,Android,No,safe
591.16,7,2988,6,0,1.11,Merchant,Jewelry,iOS,No,suspicious
975.7,3,1239,1,1,0.33,P2P,Travel,iOS,No,suspicious
1613.5,8,720,3,1,1.57,P2P,Jewelry,Android,No,fraud
1698.83,5,4748,5,0,12.99,Merchant,Travel,Android,No,suspicious
1688.78,4,4522,2,0,2.39,P2P,Groceries,Unknown,Yes,fraud
2712.08,6,1223,2,0,11.68,Merchant,Travel,Unknown,Yes,fraud
801.06,8,3779,3,1,7.24,Merchant,Travel,iOS,Yes,fraud
8027.13,18,3517,6,1,0.37,Merchant,Jewelry,Android,No,fraud
751.22,3,1710,6,0,2.75,P2P,Jewelry,Android,Yes,fraud
471.28,18,934,2,0,0.31,Merchant,Fuel,Android,Yes,suspicious
1105.58,12,3902,4,3,1.24,Merchant,Fuel,iOS,Yes,fraud
5831.71,16,259,3,1,16.61,P2P,Jewelry,Android,Yes,fraud
5959.52,13,3764,2,1,1.7,P2P,Jewelry,Android,No,fraud
885.24,6,4665,4,0,0.82,Merchant,Fuel,iOS,No,suspicious
616.08,22,2158,3,0,0.14,P2P,Electronics,Android,No,suspicious
1047.55,11,2849,0,0,0.92,P2P,Jewelry,Unknown,No,suspicious
1669.73,0,4043,4,0,5.81,P2P,Electronics,Android,No,fraud
10085.95,22,3161,2,0,0.77,P2P,Travel,iOS,No,suspicious
569.05,18,483,3,0,10.76,P2P,Groceries,Android,No,safe
620.1,16,2869,4,2,3.04,P2P,Travel,Android,Yes,fraud
4228.3,8,4955,4,2,3.55,P2P,Groceries,Android,No,fraud
6345.96,19,3308,1,0,4.33,P2P,Fuel,Android,No,suspicious
827.95,13,3668,1,0,12.04,Merchant,Electronics,iOS,No,suspicious
11779.06,17,1208,1,0,14.63,Merchant,Travel,iOS,No,suspicious
5721.28,13,3912,1,1,0.48,P2P,Groceries,iOS,No,suspicious
416.42,7,4321,3,0,5.42,Merchant,Fuel,iOS,No,safe
2419.04,14,163,3,0,3.17,Merchant,Electronics,Android,Yes,fraud
8996.51,3,2597,1,0,1.31,P2P,Groceries,Android,No,suspicious
1753.5,2,961,2,0,6.39,BillPay,Travel,iOS,Yes,suspicious
3787.07,7,752,5,0,9.02,Merchant,Travel,Unknown,No,fraud
2115.4,5,4824,4,0,2.3,Merchant,Fuel,iOS,No,suspicious
2281.01,6,1819,2,0,3.55,P2P,Groceries,Android,No,suspicious
1037.74,17,3909,5,0,2.97,Merchant,Groceries,Android,Yes,suspicious
2103.74,10,4689,5,0,1.37,P2P,Groceries,Android,No,suspicious
4476.54,19,1521,4,0,2.68,Merchant,Electronics,iOS,No,suspicious
531.32,14,2665,2,0,3.16,Merchant,Jewelry,iOS,No,suspicious
1660.76,15,1972,4,0,1.89,P2P,Travel,Android,No,suspicious
13332.23,19,2767,4,0,10.35,BillPay,Jewelry,Android,Yes,fraud
2920.86,15,1161,1,2,1.53,P2P,Jewelry,Android,No,fraud
424.96,17,3372,3,1,0.76,Merchant,Fuel,Android,No,suspicious
507.7,9,410,1,0,1.27,P2P,Groceries,Android,No,safe
1985.43,13,1969,2,1,2.93,Merchant,Groceries,Android,No,suspicious
1255.75,12,2576,5,0,9.02,BillPay,Jewelry,iOS,Yes,fraud
475.47,8,938,0,1,1.32,P2P,Electronics,Android,No,suspicious
704.99,7,1850,1,0,4.97,P2P,Electronics,Android,No,suspicious
839.01,22,1337,3,0,0.02,Merchant,Travel,Android,No,suspicious
9054.61,0,23,2,0,18.72,P2P,Travel,iOS,Yes,fraud
203.18,3,164,5,0,6.14,P2P,Groceries,Android,No,suspicious
4322.42,7,4207,4,1,4.7,P2P,Travel,Android,No,fraud
960.86,12,2250,6,0,1.02,Merchant,Jewelry,Android,No,suspicious
2860.34,14,1783,1,0,0.01,P2P,Travel,Android,No,suspicious
996.54,3,269,2,1,4.29,Merchant,Electronics,Android,No,fraud
405.13,6,2057,2,0,0.6,P2P,Travel,Unknown,Yes,suspicious
2049.31,3,411,3,0,1.03,P2P,Electronics,Android,No,fraud
7286.0,17,2377,1,0,2.85,P2P,Groceries,Android,Yes,suspicious
7895.01,1,798,2,0,3.02,BillPay,Jewelry,Android,No,fraud
82970.28,0,972,3,0,5.85,Merchant,Fuel,Android,Yes,fraud
3443.3,13,3093,2,1,9.35,P2P,Jewelry,iOS,Yes,fraud
471.6,20,1116,5,0,1.86,P2P,Jewelry,Android,No,suspicious
2527.39,23,2654,2,0,0.04,P2P,Fuel,Android,No,suspicious
1013.16,5,3975,3,0,3.96,Merchant,Jewelry,iOS,Yes,suspicious
763.25,6,3314,2,0,0.78,P2P,Jewelry,Android,No,suspicious
481.44,17,2530,1,0,3.78,P2P,Jewelry,Android,No,suspicious
2107.31,0,3835,4,0,9.46,P2P,Travel,iOS,No,suspicious
4139.15,6,2601,1,0,3.0,Merchant,Jewelry,Android,Yes,suspicious
4430.5,14,3912,3,1,7.32,P2P,Travel,Android,No,fraud
1028.05,14,1345,2,1,6.7,BillPay,Groceries,Android,Yes,fraud
4129.76,6,1167,0,2,6.7,BillPay,Travel,Android,No,fraud
776.53,8,3306,4,1,1.27,P2P,Electronics,Android,No,fraud
950.11,19,2956,0,0,1.28,BillPay,Travel,iOS,No,safe
38475.28,8,3132,5,0,22.03,Merchant,Groceries,Android,No,suspicious
580.79,20,2155,5,0,11.43,Merchant,Travel,Android,No,suspicious
1235.06,14,188,1,0,4.19,P2P,Jewelry,Unknown,No,suspicious
1796.37,7,1030,2,1,0.2,P2P,Travel,Android,No,suspicious
354.34,4,1496,0,0,3.69,BillPay,Electronics,Android,Yes,suspicious
1210.78,11,4588,2,1,2.07,BillPay,Jewelry,Android,No,fraud
1529.54,21,2035,4,0,5.12,Merchant,Electronics,iOS,Yes,fraud
1275.98,11,1129,0,1,0.28,P2P,Travel,Android,No,suspicious
2642.4,3,4183,3,0,15.92,P2P,Travel,Android,No,suspicious
1137.32,17,1477,3,0,0.97,P2P,Electronics,iOS,No,suspicious
2457.97,18,2240,1,1,0.61,P2P,Groceries,Android,No,suspicious
718.48,0,1052,5,1,6.19,P2P,Fuel,Android,No,fraud
5047.08,21,2461,4,0,0.42,P2P,Travel,Android,No,suspicious
3251.18,17,2206,6,0,3.43,Merchant,Travel,Android,No,suspicious
2491.65,6,4251,2,2,1.08,BillPay,Electronics,Android,No,fraud
691.78,13,8,2,0,0.62,Merchant,Fuel,Android,No,suspicious
229.4,18,961,4,1,3.99,Merchant,Travel,Android,No,suspicious
8719.91,10,202,2,0,5.04,Merchant,Electronics,Android,No,suspicious
724.87,10,2435,1,0,14.79,Merchant,Travel,iOS,No,safe
1251.83,6,3511,6,1,12.15,Merchant,Travel,Android,Yes,fraud
966.77,10,3133,3,0,7.07,BillPay,Travel,iOS,No,suspicious
678.07,2,1165,2,0,5.81,P2P,Travel,iOS,No,suspicious
367.8,23,2597,4,1,0.55,BillPay,Electronics,Android,Yes,fraud
7198.76,17,4273,5,0,17.4,P2P,Fuel,iOS,No,suspicious
5753.82,12,2166,4,0,1.25,P2P,Groceries,Android,No,suspicious
1204.7,16,3422,4,2,2.29,BillPay,Fuel,Android,No,fraud
693.42,22,6,6,0,4.33,P2P,Groceries,Android,Yes,fraud
14555.59,23,1295,2,1,7.49,P2P,Travel,Android,No,fraud
7716.78,11,1753,2,0,0.85,P2P,Travel,Android,No,suspicious
610.61,23,2464,2,1,1.29,Merchant,Groceries,Android,No,suspicious
917.4,10,4952,2,2,0.79,P2P,Fuel,Unknown,No,fraud
3559.61,15,876,0,0,1.35,P2P,Fuel,Android,Yes,suspicious
366.04,9,186,3,0,0.23,Merchant,Fuel,Unknown,No,suspicious
390.98,18,4577,2,0,2.0,P2P,Travel,Android,No,safe
6211.94,14,3679,2,1,1.0,Merchant,Electronics,Android,Yes,fraud
190.22,7,1392,3,0,2.85,Merchant,Groceries,Android,No,safe
3098.25,15,1126,3,0,1.51,BillPay,Groceries,iOS,No,suspicious
2356.57,3,2486,3,1,12.14,P2P,Travel,iOS,No,fraud
2024.74,22,4330,3,1,5.28,Merchant,Electronics,iOS,Yes,fraud
264.78,17,4915,4,1,1.88,Merchant,Jewelry,Android,Yes,fraud
586.18,11,1962,2,0,6.15,P2P,Fuel,Android,No,safe
1951.75,17,3022,7,0,1.69,Merchant,Travel,Android,No,suspicious
872.15,22,4220,4,0,3.05,Merchant,Fuel,Android,Yes,suspicious
1010.53,7,2391,4,2,1.79,P2P,Jewelry,Android,No,fraud
274.14,16,2805,7,1,6.22,P2P,Electronics,Android,Yes,fraud
850.92,18,2610,2,0,1.66,P2P,Travel,Unknown,No,suspicious
3296.78,1,779,2,0,1.78,P2P,Travel,iOS,No,suspicious
3640.74,2,662,4,2,2.58,P2P,Travel,Android,No,fraud
3909.34,17,1564,2,1,0.2,P2P,Groceries,iOS,No,suspicious
364.86,6,2504,2,0,1.89,P2P,Groceries,iOS,No,safe
17488.3,10,525,4,0,0.99,P2P,Electronics,Android,No,fraud
1672.19,2,4271,2,1,1.83,P2P,Fuel,Android,Yes,fraud
2225.64,14,3323,3,1,3.57,P2P,Electronics,Android,Yes,fraud
1239.49,23,2728,3,0,0.72,P2P,Groceries,iOS,No,suspicious
724.59,5,828,2,0,2.51,P2P,Travel,Android,No,safe
6075.28,10,152,2,0,6.78,P2P,Jewelry,Android,No,suspicious
578.7,17,629,2,1,0.43,P2P,Jewelry,Android,No,fraud
844.69,21,698,3,2,2.95,P2P,Jewelry,Android,Yes,fraud
20474.44,21,617,0,1,1.33,Merchant,Fuel,Android,Yes,fraud
737.99,9,2303,6,1,4.48,P2P,Groceries,Android,No,fraud
14264.39,0,2152,5,1,0.48,Merchant,Fuel,iOS,Yes,fraud
602.78,16,2753,5,1,1.97,P2P,Fuel,iOS,Yes,fraud
6512.34,6,2377,2,1,6.25,P2P,Jewelry,Android,No,fraud
3840.72,7,1672,2,1,0.31,P2P,Jewelry,iOS,No,fraud
294.11,11,3981,4,0,2.56,P2P,Travel,iOS,Yes,suspicious
586.35,9,456,5,0,1.53,P2P,Travel,Android,No,suspicious
2894.59,12,880,2,0,0.26,P2P,Electronics,iOS,Yes,suspicious
1000.68,19,2893,4,0,0.28,P2P,Jewelry,Android,Yes,fraud
959.49,5,3182,2,0,5.45,P2P,Groceries,Android,No,safe
3589.61,20,511,0,0,11.23,Merchant,Groceries,iOS,No,safe
11077.69,7,978,4,0,2.35,P2P,Fuel,Android,Yes,fraud
484.65,16,2415,2,0,0.86,P2P,Jewelry,Android,No,suspicious
1983.57,5,479,4,0,0.64,P2P,Groceries,Android,No,suspicious
1724.21,1,161,4,0,8.89,P2P,Groceries,Android,Yes,fraud
2559.83,12,2691,1,0,15.99,Merchant,Travel,Android,Yes,suspicious
1075.53,23,1831,2,0,5.9,P2P,Groceries,Android,No,safe
1836.88,8,106,3,0,3.81,P2P,Travel,Android,No,suspicious
1139.89,11,4453,5,0,2.35,BillPay,Fuel,iOS,Yes,suspicious
594.6,19,21,6,1,5.19,P2P,Fuel,Android,No,fraud
2564.38,12,2681,3,0,2.21,Merchant,Electronics,Android,No,suspicious
1569.52,21,3491,3,0,0.02,Merchant,Electronics,Android,No,suspicious
3757.46,7,2101,1,0,15.55,Merchant,Fuel,Android,No,suspicious
3677.64,4,4243,6,1,18.68,P2P,Fuel,iOS,No,fraud
238.01,10,1993,5,1,0.25,Merchant,Electronics,iOS,Yes,fraud
985.34,12,4282,2,1,14.45,P2P,Fuel,Android,Yes,fraud
812.88,10,3059,2,0,0.71,P2P,Fuel,Android,No,safe
528.44,17,2333,2,0,4.38,P2P,Fuel,Android,No,safe
150.37,17,4368,0,1,7.39,Merchant,Groceries,iOS,No,suspicious
2059.2,2,4523,2,0,4.13,P2P,Fuel,Android,Yes,suspicious
660.73,1,4491,6,0,1.09,P2P,Electronics,Android,No,fraud
2096.91,11,2251,2,1,3.12,P2P,Groceries,Android,No,suspicious
8033.7,9,811,0,1,7.37,P2P,Fuel,Android,No,suspicious
661.34,7,1526,3,2,1.02,P2P,Electronics,Android,No,fraud
2360.78,14,3052,4,0,4.22,Merchant,Jewelry,Android,No,suspicious
1105.71,17,2058,5,0,0.32,P2P,Groceries,Android,No,suspicious
898.01,20,4890,5,0,0.63,P2P,Electronics,Android,No,suspicious
969.0,4,4332,2,1,3.4,Merchant,Jewelry,Android,Yes,fraud
1222.0,12,2141,6,0,0.14,Merchant,Travel,Android,No,suspicious
1854.23,19,2584,4,0,2.25,P2P,Travel,Android,No,suspicious
2794.64,10,1640,3,3,29.47,P2P,Fuel,Unknown,No,fraud
4033.05,22,2335,2,1,0.88,P2P,Travel,Android,No,suspicious
1888.27,9,2157,4,0,0.21,P2P,Fuel,Android,No,suspicious
1402.62,0,2727,2,0,5.48,P2P,Jewelry,Android,No,suspicious
755.21,15,3693,4,0,8.67,Merchant,Jewelry,Android,No,suspicious
2562.24,15,2627,5,0,4.92,BillPay,Jewelry,Android,Yes,fraud
978.39,3,3739,2,2,1.7,Merchant,Electronics,iOS,No,fraud
14668.38,7,3425,4,0,4.86,P2P,Travel,Android,Yes,fraud
2052.94,22,210,1,1,7.99,BillPay,Groceries,Android,No,suspicious
189.86,22,4760,4,0,0.19,Merchant,Travel,Android,No,safe
2033.34,9,1309,2,2,0.6,P2P,Jewelry,Android,No,fraud
1942.71,21,745,5,0,8.93,P2P,Fuel,Android,No,suspicious
1708.9,18,1603,3,0,1.06,P2P,Groceries,Unknown,No,suspicious
3536.0,4,704,3,0,2.85,P2P,Fuel,Android,No,suspicious
1048.43,2,2437,3,0,7.05,P2P,Fuel,Android,No,suspicious
972.01,21,3317,3,0,3.64,Merchant,Fuel,iOS,No,suspicious
1825.13,11,2517,1,1,1.19,P2P,Groceries,Android,No,suspicious
1382.57,9,4111,4,0,5.08,Merchant,Fuel,Android,Yes,suspicious
1580.21,14,883,2,1,10.53,P2P,Electronics,Android,Yes,fraud
3860.11,20,2280,7,1,1.29,Merchant,Jewelry,iOS,Yes,fraud
584.29,14,2896,2,1,5.1,P2P,Travel,iOS,Yes,fraud
724.25,0,4809,4,0,21.89,P2P,Fuel,Android,No,suspicious
1782.18,8,1259,5,0,1.17,P2P,Travel,Android,Yes,suspicious
3826.1,22,1221,1,0,4.16,P2P,Fuel,Android,No,suspicious
6177.33,7,4189,2,0,3.24,P2P,Groceries,Android,No,suspicious
910.69,11,3658,2,0,0.61,Merchant,Groceries,Android,Yes,suspicious
1470.95,10,4936,6,0,1.27,Merchant,Fuel,iOS,No,suspicious
7748.07,5,3821,0,0,8.0,P2P,Fuel,Android,Yes,suspicious
2650.58,23,3487,3,0,1.37,Merchant,Electronics,iOS,No,suspicious
740.35,6,4296,4,0,4.94,P2P,Groceries,Android,No,suspicious
5185.34,5,798,3,0,10.05,Merchant,Groceries,Android,No,suspicious
3399.49,15,1580,1,1,6.14,P2P,Fuel,Android,Yes,fraud
1462.16,12,2428,6,2,22.36,P2P,Electronics,Android,No,fraud
5452.8,7,2033,2,1,0.16,Merchant,Fuel,iOS,Yes,fraud
1667.61,14,4151,5,1,0.61,BillPay,Fuel,Android,No,fraud
2252.88,16,2196,4,0,0.76,P2P,Travel,iOS,No,suspicious
2462.83,17,2052,0,0,6.85,P2P,Jewelry,Android,No,suspicious
806.2,19,1372,3,0,0.1,P2P,Fuel,Android,No,suspicious
1212.16,6,3256,4,2,2.29,P2P,Jewelry,Android,No,fraud
1387.03,15,3993,8,0,4.3,Merchant,Fuel,Unknown,Yes,fraud
1365.95,16,4473,1,0,4.2,P2P,Jewelry,iOS,No,suspicious
153.72,11,1988,2,0,6.29,BillPay,Fuel,iOS,No,safe
411.74,15,2185,4,0,2.74,Merchant,Groceries,Android,No,suspicious
1187.56,8,1059,3,0,2.74,P2P,Electronics,Android,No,suspicious
2084.05,8,4769,2,1,12.63,P2P,Jewelry,Unknown,No,fraud
691.4,19,4834,1,1,3.22,Merchant,Jewelry,Android,No,suspicious
6108.24,7,1879,4,0,0.4,Merchant,Jewelry,Android,Yes,fraud
11912.94,14,3436,3,1,2.83,Merchant,Travel,Android,No,fraud
5467.28,17,836,1,0,0.63,BillPay,Jewelry,Android,Yes,suspicious
5433.91,22,749,6,1,11.37,BillPay,Jewelry,Android,No,fraud
13017.93,4,4069,7,0,5.41,P2P,Groceries,Android,Yes,fraud
3012.03,20,3170,2,0,1.07,P2P,Groceries,Android,Yes,suspicious
2753.85,16,3288,7,0,3.87,Merchant,Fuel,Unknown,No,fraud
1977.73,2,2854,4,3,4.25,Merchant,Jewelry,Unknown,No,fraud
727.86,20,650,4,3,0.77,P2P,Groceries,Unknown,No,fraud
1822.02,21,538,5,0,2.98,P2P,Fuel,Android,Yes,suspicious
4295.82,12,4974,2,0,1.57,P2P,Fuel,iOS,No,suspicious
2530.0,19,1068,4,0,2.58,Merchant,Groceries,Android,No,suspicious
8336.48,13,1008,4,0,9.34,P2P,Groceries,iOS,Yes,suspicious
1990.7,7,1796,1,0,7.71,P2P,Travel,Android,No,safe
806.98,9,2121,3,0,5.91,P2P,Travel,Android,No,suspicious
852.63,1,4288,4,0,2.44,P2P,Electronics,Android,No,fraud
4859.88,15,2907,3,0,2.95,P2P,Groceries,Android,No,suspicious
641.11,9,3915,1,0,21.45,P2P,Travel,Android,Yes,suspicious
1536.59,1,3586,4,0,12.39,Merchant,Travel,Unknown,Yes,fraud
281.25,7,3023,2,0,3.52,Merchant,Fuel,Android,No,safe
2087.85,23,4787,2,0,3.15,P2P,Travel,Android,Yes,suspicious
284.01,8,345,5,0,14.5,P2P,Fuel,Android,No,suspicious
1756.81,19,1007,3,0,1.68,Merchant,Jewelry,Android,No,suspicious
9098.89,2,3275,5,0,9.96,P2P,Travel,Android,No,fraud
4213.0,21,3548,3,1,2.0,Merchant,Fuel,Android,No,fraud
852.49,9,4603,3,2,2.38,BillPay,Jewelry,Android,No,fraud
734.93,13,769,1,1,2.89,BillPay,Groceries,Android,No,suspicious
5116.63,19,3401,3,0,0.45,P2P,Groceries,Android,No,suspicious
731.3,11,553,4,1,6.98,BillPay,Fuel,Android,No,suspicious
190.02,18,3167,1,0,1.93,P2P,Travel,Android,No,safe
6727.97,12,2826,4,1,1.39,Merchant,Fuel,Android,No,fraud
1892.25,1,1483,2,0,2.1,Merchant,Electronics,Android,No,suspicious
1650.43,4,3152,2,0,0.36,Merchant,Electronics,iOS,No,suspicious
2023.48,15,1172,4,0,1.65,P2P,Travel,iOS,Yes,suspicious
210.62,3,838,4,0,10.93,BillPay,Jewelry,Android,No,suspicious
1109.6,5,2223,3,1,0.01,BillPay,Travel,iOS,No,suspicious
671.53,3,2399,4,1,3.08,Merchant,Travel,iOS,No,fraud
1872.8,17,4784,3,1,3.52,P2P,Fuel,iOS,Yes,fraud
219.16,23,3229,3,1,5.84,Merchant,Travel,Android,No,suspicious
612.48,9,2334,0,0,8.73,BillPay,Travel,Android,No,safe
4901.13,10,1947,2,0,13.08,Merchant,Travel,Android,No,suspicious
2988.34,7,1199,2,1,0.94,P2P,Travel,Android,Yes,fraud
1863.1,23,2549,4,0,5.1,P2P,Electronics,Android,No,suspicious
1360.84,0,2295,5,1,0.34,Merchant,Groceries,iOS,No,fraud
422.52,7,4731,3,0,0.05,P2P,Travel,Android,No,safe
3982.36,22,4695,10,0,8.33,P2P,Electronics,Unknown,No,fraud
402.68,0,3351,5,0,11.7,P2P,Groceries,Android,No,suspicious
383.4,1,3430,2,0,31.26,P2P,Travel,Android,No,suspicious
1685.86,21,1892,6,1,14.85,Merchant,Travel,Android,No,fraud
3864.5,21,3779,3,1,2.43,P2P,Groceries,Android,Yes,fraud
8056.04,17,3135,3,0,3.18,P2P,Travel,Android,No,suspicious
1959.23,23,2860,4,0,7.09,P2P,Groceries,iOS,Yes,suspicious
7183.07,3,2131,3,0,2.79,P2P,Fuel,Android,No,suspicious
1041.94,13,3753,1,0,2.59,BillPay,Electronics,Android,Yes,suspicious
2240.04,13,4115,6,0,3.29,Merchant,Travel,Android,No,suspicious
3369.03,10,1606,4,1,1.75,P2P,Fuel,iOS,No,fraud
1121.29,11,1647,4,0,2.08,Merchant,Jewelry,Android,No,suspicious
456.55,21,1991,3,0,7.19,P2P,Jewelry,Unknown,No,fraud
6280.14,18,743,2,1,2.56,P2P,Jewelry,iOS,No,fraud
4776.56,6,168,5,0,0.55,Merchant,Fuel,iOS,No,suspicious
897.5,2,4381,8,0,9.49,P2P,Electronics,iOS,No,fraud
5200.87,11,341,1,0,6.67,Merchant,Electronics,iOS,No,suspicious
702.79,1,4943,5,0,0.07,BillPay,Fuel,iOS,No,suspicious
784.66,10,4532,0,0,4.44,BillPay,Electronics,Android,No,suspicious
2691.2,11,2788,9,0,4.41,P2P,Travel,Android,No,fraud
838.53,5,3016,2,0,8.96,P2P,Jewelry,Android,Yes,suspicious
1482.76,4,716,2,0,3.28,P2P,Electronics,iOS,No,suspicious
1430.79,10,3429,2,1,14.15,P2P,Travel,Android,No,suspicious
578.13,13,2606,5,1,0.63,P2P,Groceries,Android,No,suspicious
1783.96,20,2062,4,1,6.19,BillPay,Electronics,iOS,No,fraud
1272.68,8,524,3,1,0.75,P2P,Fuel,Android,No,suspicious
1544.73,21,736,2,1,0.16,Merchant,Travel,Android,No,suspicious
6325.62,8,498,2,0,1.03,P2P,Fuel,Android,Yes,suspicious
218.31,18,2925,5,1,3.97,P2P,Groceries,Android,No,suspicious
3160.96,10,2130,2,0,0.51,P2P,Groceries,Unknown,No,suspicious
8082.02,23,4892,3,0,3.76,BillPay,Fuel,Android,No,suspicious
2207.57,11,2558,5,0,3.51,Merchant,Electronics,iOS,No,suspicious
741.91,5,3323,3,0,4.12,BillPay,Fuel,iOS,No,suspicious
8911.08,23,1120,5,3,6.95,BillPay,Jewelry,iOS,Yes,fraud
1320.82,9,1668,2,1,14.29,Merchant,Groceries,Android,Yes,fraud
13206.21,3,3246,2,0,6.51,P2P,Jewelry,iOS,Yes,fraud
1460.48,22,4121,2,1,6.12,P2P,Electronics,Android,Yes,fraud
6316.07,14,4407,2,2,3.27,P2P,Electronics,Android,No,fraud
2631.57,18,3135,3,0,1.82,Merchant,Groceries,Android,No,suspicious
3308.78,23,753,3,0,1.04,P2P,Jewelry,Android,No,suspicious
671.03,21,724,2,0,1.24,P2P,Electronics,Android,Yes,suspicious
1974.51,0,2627,0,3,0.8,P2P,Fuel,iOS,No,fraud
8338.31,9,3568,2,1,0.32,P2P,Groceries,iOS,No,fraud
1528.63,1,4067,6,1,2.45,P2P,Fuel,Android,No,fraud
426.1,21,1296,2,0,0.74,P2P,Electronics,Android,No,suspicious
3466.4,3,425,1,0,3.48,Merchant,Travel,Android,No,suspicious
492.6,13,3849,2,0,5.6,Merchant,Groceries,Android,Yes,suspicious
6228.99,2,4006,2,1,2.08,P2P,Travel,Android,No,fraud
164.65,6,4954,1,0,1.95,P2P,Travel,Android,No,safe
488.4,22,4334,4,2,1.81,P2P,Fuel,iOS,No,fraud
1191.42,10,4665,7,1,1.49,P2P,Travel,Android,No,fraud
186.5,1,4314,1,0,0.25,P2P,Jewelry,Unknown,No,suspicious
10425.81,7,4865,5,0,6.37,Merchant,Fuel,iOS,Yes,fraud
1981.44,10,3453,2,0,5.26,P2P,Electronics,iOS,No,suspicious
3563.01,23,590,4,0,3.29,Merchant,Jewelry,Unknown,No,fraud
1854.88,14,1171,3,0,1.59,Merchant,Groceries,Android,Yes,suspicious
1880.0,8,4434,3,1,0.06,Merchant,Fuel,Android,No,suspicious
2727.67,1,2412,4,1,8.96,P2P,Travel,Android,No,fraud
2955.56,21,3383,3,1,3.06,P2P,Electronics,Android,Yes,fraud
351.94,10,4293,3,1,0.32,P2P,Electronics,Android,No,fraud
1712.26,5,474,3,1,9.82,Merchant,Jewelry,iOS,No,fraud
13052.67,17,4368,2,1,1.18,Merchant,Fuel,Android,No,fraud
915.39,18,2537,3,0,4.12,P2P,Groceries,iOS,No,suspicious
4713.18,21,2477,2,0,0.24,P2P,Electronics,Android,No,suspicious
8148.75,10,1182,3,1,0.17,Merchant,Travel,Android,Yes,fraud
718.8,22,3399,5,2,0.86,Merchant,Electronics,Unknown,No,fraud
678.57,6,3223,0,0,0.36,P2P,Travel,Android,No,safe
1070.96,16,1965,4,0,8.42,Merchant,Travel,Android,No,suspicious
1544.54,14,887,7,0,1.35,P2P,Groceries,Android,No,suspicious
1113.44,16,2534,1,0,0.85,P2P,Fuel,Android,No,safe
5616.17,15,3712,5,0,1.32,P2P,Jewelry,iOS,No,fraud
962.01,4,1295,2,0,0.78,P2P,Jewelry,iOS,Yes,fraud
1782.72,23,327,1,0,2.23,P2P,Groceries,iOS,Yes,suspicious
4349.64,12,3397,1,0,5.98,P2P,Groceries,iOS,No,suspicious
2872.59,6,157,4,0,8.76,P2P,Travel,Android,Yes,suspicious
359.01,12,4028,4,1,0.1,P2P,Fuel,iOS,No,suspicious
1714.6,6,3949,2,1,3.52,Merchant,Electronics,Android,No,fraud
3162.9,2,3388,2,0,0.78,P2P,Electronics,Android,No,suspicious
2115.94,20,1806,5,0,9.01,BillPay,Fuel,Android,Yes,suspicious
1111.74,22,1525,6,0,3.16,Merchant,Fuel,Android,No,suspicious
784.31,3,4861,0,0,0.36,Merchant,Fuel,iOS,Yes,suspicious
3827.93,15,4710,4,0,14.04,Merchant,Travel,iOS,No,suspicious
1430.37,14,1548,2,0,7.05,P2P,Groceries,iOS,No,suspicious
7280.85,5,3324,4,0,4.03,Merchant,Groceries,Android,No,suspicious
1191.12,9,2725,7,1,4.31,P2P,Groceries,Android,No,fraud
942.95,18,4340,0,0,3.33,P2P,Electronics,Android,No,suspicious
2435.84,4,1369,1,0,1.27,Merchant,Jewelry,iOS,Yes,fraud
1355.79,5,1483,5,0,3.54,P2P,Electronics,iOS,No,suspicious
5836.53,8,1893,4,1,4.2,P2P,Travel,Android,No,fraud
2010.95,8,1359,2,1,2.59,Merchant,Electronics,Android,Yes,fraud
336.24,2,2890,5,0,2.44,P2P,Electronics,Android,No,suspicious
1440.08,18,580,4,0,4.36,P2P,Jewelry,Android,No,suspicious
1399.82,14,1665,0,1,6.22,P2P,Electronics,Unknown,No,fraud
5525.66,0,3418,0,1,0.69,P2P,Fuel,Android,Yes,fraud
3485.92,5,1899,2,0,6.77,P2P,Electronics,iOS,No,suspicious
3903.41,5,3125,2,0,4.58,P2P,Electronics,iOS,No,suspicious
1445.58,3,468,5,1,0.46,Merchant,Groceries,Android,No,fraud
649.07,10,3189,4,0,0.06,P2P,Jewelry,Android,No,suspicious
3025.84,15,1096,0,0,7.34,P2P,Jewelry,Android,No,suspicious
4711.69,20,603,5,0,4.74,P2P,Groceries,Android,No,suspicious
6710.02,1,4336,1,0,7.59,P2P,Groceries,Android,Yes,suspicious
1058.77,3,2513,5,0,1.52,P2P,Fuel,Android,Yes,fraud
1251.2,18,2279,1,0,2.01,P2P,Fuel,Android,No,safe
328.18,1,525,6,0,3.13,BillPay,Electronics,Android,Yes,fraud
1722.72,14,1511,5,0,8.39,P2P,Fuel,Android,Yes,suspicious
1109.29,11,4758,3,0,8.28,P2P,Electronics,Android,No,suspicious
4824.75,6,1952,2,1,0.2,P2P,Jewelry,Android,No,fraud
1160.73,5,296,2,0,1.22,P2P,Travel,Android,No,safe
1361.68,8,3602,4,0,4.56,P2P,Jewelry,iOS,Yes,fraud
1232.48,9,7,2,1,4.88,P2P,Jewelry,Android,No,fraud
5997.81,20,1757,0,0,3.03,Merchant,Fuel,Unknown,No,suspicious
3992.08,23,4675,5,0,4.34,P2P,Fuel,Android,No,suspicious
2748.67,14,754,1,1,0.91,P2P,Jewelry,iOS,No,fraud
3750.83,23,4265,6,1,0.07,Merchant,Fuel,Android,No,fraud
2226.2,0,1912,1,0,4.48,P2P,Travel,Android,Yes,suspicious
761.9,1,2777,2,0,2.72,P2P,Electronics,Android,Yes,fraud
2313.95,13,618,2,1,0.51,Merchant,Electronics,iOS,No,fraud
775.43,5,1701,1,0,3.18,Merchant,Fuel,iOS,No,safe
378.6,18,2381,2,0,0.0,P2P,Travel,Unknown,No,suspicious
360.49,20,4325,2,0,14.12,P2P,Travel,Android,Yes,suspicious
397.93,2,507,3,1,2.57,Merchant,Travel,Android,No,fraud
1338.51,13,1705,2,0,0.54,P2P,Travel,iOS,No,suspicious
674.54,23,4932,5,0,5.52,P2P,Jewelry,Android,No,suspicious
706.83,12,2422,1,2,0.1,P2P,Travel,iOS,Yes,fraud
2503.61,9,3079,3,1,0.91,P2P,Fuel,Android,No,suspicious
1061.42,20,3767,5,0,0.38,BillPay,Fuel,Android,No,suspicious
4580.69,3,3415,0,1,2.52,Merchant,Jewelry,Android,Yes,fraud
2400.51,16,4113,6,0,22.07,P2P,Travel,Android,Yes,fraud
3496.44,9,600,5,0,15.6,P2P,Jewelry,iOS,No,fraud
1255.95,15,507,2,0,0.55,BillPay,Jewelry,Unknown,Yes,fraud
1458.1,13,4739,3,0,3.35,P2P,Electronics,Android,No,suspicious
1591.92,10,556,1,1,1.11,P2P,Electronics,Android,No,fraud
669.47,14,1876,4,1,5.25,Merchant,Fuel,iOS,Yes,fraud
1227.69,22,3521,0,0,0.93,BillPay,Groceries,Android,No,safe
1692.58,19,1829,1,0,1.14,P2P,Groceries,Android,Yes,suspicious
1835.42,10,4093,4,0,0.62,P2P,Groceries,iOS,Yes,suspicious
1903.42,8,1788,3,1,4.19,P2P,Fuel,Android,Yes,fraud
8236.25,7,3944,2,0,2.24,P2P,Travel,Android,No,suspicious
1367.15,19,260,2,0,1.18,Merchant,Groceries,Android,Yes,suspicious
296.68,4,2124,3,0,4.02,P2P,Fuel,Android,No,suspicious
2500.87,0,4207,3,1,3.47,P2P,Jewelry,Android,No,fraud
861.68,21,3587,4,1,4.33,P2P,Jewelry,Android,Yes,fraud
3412.27,23,3510,4,0,1.18,Merchant,Electronics,Android,No,suspicious
2952.54,13,4335,4,0,1.88,P2P,Travel,Android,Yes,suspicious
600.51,5,2641,1,0,3.35,P2P,Groceries,Android,No,safe
1245.85,8,4331,2,0,10.57,Merchant,Travel,Android,Yes,suspicious
2855.89,18,707,3,1,0.61,BillPay,Travel,Android,Yes,fraud
698.17,5,2385,2,0,1.68,P2P,Electronics,Android,No,suspicious
615.04,10,4608,2,0,2.13,Merchant,Fuel,iOS,Yes,suspicious
954.52,2,1098,2,0,3.96,BillPay,Jewelry,Android,No,suspicious
5906.55,15,3046,4,1,1.08,P2P,Travel,Android,Yes,fraud
3243.64,2,3753,0,1,3.35,P2P,Electronics,Android,Yes,fraud
1735.79,9,4090,2,2,12.36,P2P,Electronics,Unknown,No,fraud
3799.08,14,1822,3,2,0.54,Merchant,Groceries,Android,Yes,fraud
150.76,10,4190,4,1,0.46,P2P,Travel,Android,No,suspicious
424.94,10,2457,7,0,0.69,BillPay,Electronics,Android,Yes,fraud
1712.25,3,1504,1,0,2.99,Merchant,Travel,Android,No,suspicious
351.57,6,412,2,0,4.02,P2P,Travel,Android,No,safe
473.62,15,4134,3,0,7.86,P2P,Groceries,iOS,No,safe
3120.0,18,1922,4,1,2.63,P2P,Electronics,Unknown,Yes,fraud
685.89,13,1583,2,0,4.84,P2P,Groceries,Unknown,No,suspicious
638.16,20,1258,4,1,8.43,Merchant,Electronics,Android,No,fraud
1432.24,6,4190,4,1,2.77,P2P,Groceries,Android,No,fraud
9843.41,16,1818,3,0,6.86,Merchant,Groceries,Android,No,suspicious
2205.69,2,2237,2,0,0.09,P2P,Jewelry,iOS,No,suspicious
1407.94,15,860,1,0,12.14,P2P,Electronics,Android,No,suspicious
3633.59,11,759,2,0,7.75,Merchant,Travel,Android,No,suspicious
6629.97,8,2148,7,0,9.52,P2P,Fuel,Android,No,suspicious
1856.25,19,960,3,1,9.51,P2P,Jewelry,Android,No,fraud
758.13,0,4716,1,0,18.18,P2P,Travel,iOS,No,suspicious
8167.47,7,4571,2,0,1.86,Merchant,Fuel,iOS,No,suspicious
1178.06,5,1269,3,0,5.35,P2P,Jewelry,Android,No,suspicious
2710.86,14,1616,1,0,1.46,P2P,Jewelry,Android,No,suspicious
2697.93,12,4342,4,0,0.39,BillPay,Electronics,iOS,No,suspicious
2781.33,23,4870,1,0,0.33,P2P,Electronics,Android,No,suspicious
1872.77,3,1506,2,0,3.4,P2P,Fuel,Android,No,suspicious
3853.5,8,1532,6,0,0.23,Merchant,Jewelry,iOS,No,fraud
1345.2,0,1362,4,0,6.1,Merchant,Travel,Android,Yes,fraud
6581.4,6,2783,2,1,1.48,P2P,Fuel,Android,No,fraud
3454.02,7,4732,0,0,2.58,Merchant,Groceries,iOS,No,safe
864.97,11,2405,4,0,0.29,Merchant,Jewelry,Android,No,suspicious
2712.8,1,3470,6,0,2.44,BillPay,Fuel,Android,Yes,fraud
1388.19,14,4645,5,0,0.2,P2P,Fuel,Android,No,suspicious
3837.09,2,3734,2,0,3.14,Merchant,Electronics,Android,Yes,fraud
426.47,8,4710,1,0,5.45,P2P,Electronics,Android,No,suspicious
729.54,16,4279,1,0,3.8,P2P,Electronics,Android,No,suspicious
1355.97,11,3227,2,0,20.97,P2P,Groceries,Android,No,suspicious
1352.84,21,2083,3,0,5.02,P2P,Electronics,iOS,No,suspicious
2674.47,0,133,1,0,0.87,P2P,Travel,Android,Yes,suspicious
1317.08,3,453,3,0,2.92,Merchant,Groceries,Android,No,suspicious
1792.01,23,2295,6,0,7.12,P2P,Jewelry,iOS,No,fraud
3124.11,7,2199,2,0,4.14,Merchant,Jewelry,Android,No,suspicious
671.44,2,2729,4,1,6.01,P2P,Fuel,Android,No,fraud
1310.81,8,4824,7,2,16.88,P2P,Groceries,Android,No,fraud
3512.31,5,712,3,0,1.19,P2P,Fuel,Android,No,suspicious
1068.11,14,3423,4,0,0.86,P2P,Jewelry,Android,No,suspicious
279.18,20,325,2,0,1.53,BillPay,Fuel,Unknown,No,suspicious
3058.46,18,4743,1,1,0.58,BillPay,Groceries,Android,No,suspicious
12364.57,21,3683,2,0,0.84,P2P,Jewelry,iOS,No,suspicious
2702.41,13,393,5,0,9.15,P2P,Jewelry,Android,No,suspicious
578.36,14,3336,6,0,6.26,BillPay,Travel,iOS,No,suspicious
829.94,16,4121,3,1,7.3,P2P,Electronics,Android,No,fraud
1378.6,6,2070,3,0,0.98,P2P,Fuel,Android,Yes,suspicious
2745.34,15,3100,1,0,6.61,Merchant,Travel,Unknown,No,suspicious
3958.66,16,3111,3,0,1.88,P2P,Fuel,iOS,No,suspicious
440.47,14,685,0,1,3.86,BillPay,Groceries,Android,No,suspicious
2435.55,20,2545,3,0,0.45,P2P,Electronics,Android,No,suspicious
5708.49,14,4468,3,0,0.89,Merchant,Travel,Android,Yes,suspicious
2552.67,16,4698,4,0,0.25,P2P,Jewelry,Android,Yes,fraud
1588.8,23,1007,3,0,10.49,Merchant,Jewelry,Android,No,suspicious
695.0,3,2155,4,0,4.12,P2P,Travel,Android,No,suspicious
493.27,2,2557,3,0,0.61,BillPay,Travel,Android,No,suspicious
1556.38,13,3877,2,1,6.69,P2P,Fuel,Android,No,suspicious
2610.38,23,1129,3,0,0.44,Merchant,Electronics,iOS,No,suspicious
2927.86,18,412,2,0,0.08,P2P,Groceries,Android,Yes,suspicious
1353.31,9,4046,3,0,4.52,P2P,Jewelry,iOS,No,suspicious
3053.73,8,1627,3,0,3.11,Merchant,Fuel,Android,No,suspicious
2852.7,5,4433,3,0,3.26,P2P,Electronics,Android,No,suspicious
3370.02,15,3800,2,1,10.48,Merchant,Travel,Android,Yes,fraud
799.05,13,4065,5,2,0.76,P2P,Jewelry,Unknown,No,fraud
3431.75,17,573,2,2,2.53,Merchant,Fuel,Android,Yes,fraud
6099.78,12,4076,6,0,0.03,P2P,Travel,Android,No,suspicious
930.58,5,4011,3,0,4.27,Merchant,Electronics,Android,No,suspicious
2015.24,11,2482,3,0,3.13,BillPay,Travel,Android,Yes,suspicious
2281.54,2,4526,2,0,0.1,Merchant,Jewelry,Android,No,suspicious
824.84,21,1774,1,1,15.8,BillPay,Electronics,Unknown,Yes,fraud
1570.4,20,4880,3,0,0.75,P2P,Fuel,Android,Yes,suspicious
982.59,2,4445,0,0,0.95,P2P,Groceries,Android,Yes,suspicious
1455.69,10,623,4,2,0.15,Merchant,Electronics,Unknown,Yes,fraud
1932.27,23,83,3,0,1.09,P2P,Groceries,Unknown,No,fraud
5342.74,18,4907,4,0,2.82,Merchant,Electronics,Unknown,No,fraud
1671.22,7,1130,2,0,2.4,P2P,Jewelry,Android,No,suspicious
5223.0,22,952,2,0,1.96,P2P,Jewelry,Android,No,suspicious
876.76,7,2861,1,0,1.78,P2P,Fuel,iOS,No,safe
1522.94,13,4802,3,0,6.95,Merchant,Jewelry,Android,Yes,fraud
4747.51,14,4482,2,0,5.72,P2P,Fuel,Android,No,suspicious
1169.36,20,4897,5,3,0.58,P2P,Groceries,iOS,No,fraud
2769.82,2,4069,3,0,9.93,P2P,Travel,Android,No,suspicious
1115.64,4,813,0,1,1.72,Merchant,Groceries,Android,No,suspicious
720.98,8,2274,3,1,1.03,P2P,Jewelry,Android,No,fraud
2854.22,4,4733,4,0,0.91,P2P,Groceries,Android,Yes,fraud
8445.83,22,3411,4,0,1.02,P2P,Groceries,Android,No,suspicious
3748.64,14,291,4,0,12.82,Merchant,Groceries,iOS,No,suspicious
1958.77,18,4622,4,1,8.92,P2P,Travel,Android,Yes,fraud
7161.97,4,4436,3,0,12.37,P2P,Groceries,Android,Yes,fraud
1735.38,9,712,1,1,0.75,BillPay,Jewelry,iOS,No,fraud
8365.38,1,1153,3,1,6.23,P2P,Jewelry,Android,No,fraud
1059.45,16,3635,4,0,5.13,P2P,Jewelry,Android,No,suspicious
1151.96,21,789,3,1,0.48,BillPay,Travel,Android,Yes,fraud
3163.55,22,674,3,1,0.98,Merchant,Electronics,iOS,Yes,fraud
677.25,7,4107,5,1,4.92,P2P,Jewelry,Android,No,fraud
1873.25,21,2501,3,1,5.8,Merchant,Jewelry,Android,No,fraud
117.24,14,2919,3,0,0.27,P2P,Travel,Android,No,safe
4985.66,23,1834,7,0,3.84,P2P,Electronics,iOS,No,fraud
1050.2,8,903,1,0,4.46,Merchant,Fuel,Android,No,safe
1296.89,6,4553,4,0,1.42,P2P,Electronics,Unknown,No,fraud
1301.83,17,3453,2,1,6.25,Merchant,Groceries,Android,No,suspicious
7851.96,20,4969,2,1,6.19,P2P,Travel,Android,No,fraud
1819.82,19,4873,2,2,0.1,Merchant,Electronics,iOS,No,fraud
329.24,19,2807,4,0,1.44,P2P,Groceries,Android,No,suspicious
14715.34,22,2244,4,0,2.5,BillPay,Travel,Android,No,suspicious
3332.28,5,2040,3,0,0.76,Merchant,Jewelry,Android,Yes,fraud
16647.92,17,318,3,2,7.97,Merchant,Travel,Android,No,fraud
1703.76,2,2431,4,1,3.62,P2P,Travel,iOS,No,fraud
982.34,5,1710,5,1,1.4,P2P,Electronics,iOS,No,fraud
864.9,17,2700,2,0,2.09,Merchant,Groceries,Android,No,safe
1650.42,21,2556,4,0,17.13,P2P,Fuel,Android,No,suspicious
1272.15,23,4677,5,1,4.43,P2P,Fuel,iOS,No,fraud
8186.92,16,252,1,1,2.24,Merchant,Travel,Android,No,suspicious
733.31,1,4099,4,0,5.83,P2P,Electronics,Android,Yes,fraud
887.35,11,26,2,0,0.75,BillPay,Electronics,Android,Yes,fraud
1306.02,1,3026,1,1,5.39,Merchant,Electronics,Android,No,fraud
433.47,1,3784,3,0,3.76,Merchant,Jewelry,iOS,No,suspicious
1767.58,0,2024,1,0,2.51,P2P,Fuel,Android,Yes,suspicious
3152.31,8,3500,2,0,3.94,P2P,Groceries,Android,Yes,suspicious
2086.27,12,4937,5,0,7.71,P2P,Groceries,Android,No,suspicious
9537.43,4,3589,1,0,4.3,Merchant,Jewelry,Android,No,fraud
696.87,16,3614,1,1,7.88,Merchant,Electronics,Android,Yes,fraud
1682.74,11,677,8,0,0.4,P2P,Electronics,Android,No,fraud
649.87,16,2689,0,0,2.86,BillPay,Travel,Android,Yes,suspicious
1614.04,5,4491,8,0,3.11,P2P,Fuel,iOS,Yes,fraud
9155.91,9,2441,4,0,0.09,Merchant,Travel,Android,No,suspicious
3984.82,4,4237,1,1,11.31,P2P,Fuel,iOS,Yes,fraud
1982.07,3,213,8,1,3.68,P2P,Jewelry,iOS,Yes,fraud
4138.2,7,4922,4,0,0.34,Merchant,Groceries,Android,Yes,suspicious
1086.44,19,919,5,0,5.85,P2P,Groceries,Android,Yes,suspicious
1312.17,11,2793,4,0,5.59,Merchant,Fuel,iOS,Yes,suspicious
342.32,18,1291,1,0,3.98,P2P,Travel,Android,No,safe
911.91,19,1939,0,0,1.55,P2P,Jewelry,Android,No,suspicious
1093.27,22,763,1,0,5.01,Merchant,Jewelry,Android,No,suspicious
385.1,19,1,3,0,0.11,BillPay,Travel,Android,No,suspicious
4422.93,16,4444,4,2,0.55,P2P,Fuel,Android,No,fraud
2618.9,18,3094,3,0,1.89,P2P,Travel,Android,No,suspicious
1105.92,14,4315,0,0,4.55,BillPay,Electronics,Android,Yes,suspicious
1818.48,20,2621,4,0,18.9,BillPay,Electronics,Android,No,suspicious
5160.38,15,2442,4,0,3.27,P2P,Travel,Android,No,suspicious
1574.47,8,538,3,0,3.87,P2P,Groceries,iOS,Yes,suspicious
718.0,16,4730,3,0,0.59,Merchant,Travel,Android,No,suspicious
1725.13,5,3586,4,0,5.39,Merchant,Fuel,iOS,No,suspicious
1228.08,22,1500,1,0,5.59,P2P,Jewelry,iOS,No,suspicious
947.02,11,3580,0,1,1.33,P2P,Electronics,Android,No,suspicious
1661.74,19,1239,6,0,5.52,P2P,Fuel,Android,No,suspicious
1376.16,22,564,2,0,2.55,P2P,Groceries,Android,Yes,suspicious
5277.29,6,3752,2,0,0.97,Merchant,Electronics,Android,No,suspicious
2167.2,21,3267,0,1,7.28,Merchant,Jewelry,iOS,No,fraud
593.03,4,3003,1,0,11.31,BillPay,Groceries,Android,Yes,suspicious
1257.12,14,4979,8,0,7.83,P2P,Travel,iOS,No,suspicious
2270.78,23,3104,1,0,5.63,P2P,Fuel,Android,No,safe
3074.24,4,1568,4,0,0.98,Merchant,Groceries,iOS,No,suspicious
448.93,18,994,5,2,1.13,P2P,Electronics,Android,No,fraud
5782.46,13,3784,1,1,19.1,P2P,Electronics,Android,Yes,fraud
1656.56,4,3473,2,0,0.29,P2P,Travel,Android,Yes,suspicious
3280.87,18,584,2,0,3.89,P2P,Jewelry,Android,No,suspicious
3287.8,23,2732,0,0,2.49,Merchant,Groceries,Unknown,No,suspicious
1014.51,20,1342,3,1,1.46,Merchant,Jewelry,Android,Yes,fraud
1775.51,3,3698,1,0,2.67,Merchant,Fuel,Android,Yes,suspicious
1263.73,15,497,4,1,1.26,Merchant,Groceries,iOS,No,suspicious
1172.05,23,1838,3,0,30.08,P2P,Groceries,Android,No,suspicious
1886.31,15,3585,3,0,0.42,P2P,Jewelry,Android,Yes,fraud
372.95,21,3762,2,0,4.5,P2P,Fuel,Android,No,safe
1081.5,6,491,2,1,0.53,Merchant,Jewelry,iOS,Yes,fraud
754.62,16,2749,4,1,2.08,P2P,Travel,iOS,No,suspicious
2741.87,9,1905,2,0,3.75,P2P,Fuel,iOS,No,suspicious
6795.08,8,1541,1,2,1.48,Merchant,Jewelry,Android,No,fraud
3745.2,14,4377,0,0,5.18,P2P,Travel,Android,No,safe
1856.52,23,556,3,0,3.01,Merchant,Electronics,Android,Yes,fraud
402.38,14,3673,4,1,1.49,P2P,Jewelry,Android,No,fraud
2157.47,3,1646,4,1,8.19,P2P,Electronics,Android,No,fraud
18522.04,23,3165,2,0,0.78,Merchant,Travel,Android,No,suspicious
3340.92,5,803,4,0,0.16,P2P,Electronics,Android,No,suspicious
562.6,18,2961,3,0,4.49,Merchant,Electronics,Android,No,suspicious
2272.76,23,4386,2,0,6.06,P2P,Jewelry,Android,Yes,suspicious
6862.54,9,3482,2,1,0.6,P2P,Groceries,iOS,No,fraud
2997.44,3,3981,4,1,5.59,Merchant,Electronics,Android,No,fraud
2277.58,0,3772,1,0,15.43,P2P,Jewelry,Android,Yes,fraud
712.07,12,3619,1,0,14.7,P2P,Groceries,Android,No,safe
448.24,12,1462,3,0,1.69,P2P,Groceries,Android,No,safe
545.44,21,2547,1,0,2.29,P2P,Travel,Android,No,safe
437.02,14,1086,4,0,8.12,Merchant,Jewelry,Android,Yes,suspicious
934.32,19,3080,5,0,17.8,P2P,Groceries,Unknown,No,suspicious
4043.89,8,3299,5,0,2.55,Merchant,Jewelry,Android,No,fraud
2858.75,5,2842,5,0,0.62,P2P,Electronics,Android,No,suspicious
805.6,3,1558,5,1,3.39,Merchant,Electronics,Android,Yes,fraud
3633.11,22,4343,0,0,0.3,P2P,Travel,Android,No,safe
2255.87,6,3870,5,0,2.18,P2P,Groceries,Android,No,suspicious
1581.91,4,4428,2,1,2.26,P2P,Groceries,Android,No,fraud
647.97,17,1972,7,0,2.4,P2P,Fuel,Android,Yes,suspicious
1455.97,13,2622,2,1,0.53,P2P,Fuel,iOS,No,suspicious
10384.19,11,4275,3,0,3.67,P2P,Travel,Android,Yes,suspicious
1733.72,4,2378,4,0,2.19,Merchant,Groceries,Android,No,suspicious
7356.93,8,3922,7,0,7.73,Merchant,Groceries,iOS,No,suspicious
9435.84,9,677,2,0,3.4,P2P,Jewelry,Android,No,suspicious
871.09,11,2493,0,2,4.53,Merchant,Electronics,Android,No,fraud
1074.22,20,4798,1,1,3.31,P2P,Jewelry,Android,No,fraud
4685.42,15,2593,2,1,4.41,P2P,Groceries,iOS,No,suspicious
3319.57,3,973,1,0,0.83,Merchant,Jewelry,Android,Yes,fraud
6589.16,0,1365,3,1,2.35,Merchant,Jewelry,Android,No,fraud
2360.43,4,925,0,0,1.92,P2P,Groceries,iOS,No,suspicious
1994.04,22,118,7,1,2.68,P2P,Groceries,Android,No,fraud
387.59,1,2424,3,1,1.79,Merchant,Groceries,Android,No,fraud
916.95,16,3788,3,0,21.15,Merchant,Groceries,iOS,No,suspicious
1138.6,7,2521,4,0,1.08,BillPay,Fuel,Android,Yes,suspicious
4183.72,8,3061,6,0,8.77,P2P,Jewelry,iOS,No,fraud
2222.64,4,4661,1,0,0.7,Merchant,Electronics,iOS,No,suspicious
700.9,7,3108,2,0,4.38,P2P,Electronics,iOS,No,suspicious
745.47,18,4333,4,1,1.31,Merchant,Travel,Android,No,suspicious
1016.15,5,3126,7,0,5.83,P2P,Fuel,iOS,No,suspicious
4776.88,1,4120,6,0,0.29,Merchant,Travel,Android,Yes,fraud
1261.04,9,3572,3,0,1.51,P2P,Jewelry,Android,No,suspicious
947.62,3,119,3,1,20.35,P2P,Fuel,Android,No,fraud
493.14,3,480,3,0,3.94,Merchant,Travel,Android,No,suspicious
1772.09,16,4778,5,0,6.91,BillPay,Fuel,Android,No,suspicious
4462.81,21,3847,3,0,7.56,P2P,Jewelry,Android,No,suspicious
196.23,20,277,5,0,4.15,P2P,Jewelry,Android,No,suspicious
3045.28,14,675,1,0,2.41,P2P,Travel,Android,Yes,suspicious
5866.22,3,305,5,0,13.01,P2P,Travel,Android,No,fraud
7173.3,15,197,4,0,0.26,P2P,Electronics,Android,No,fraud
1115.64,3,138,4,1,2.58,P2P,Fuel,Android,No,fraud
2375.21,2,4805,2,1,4.62,P2P,Fuel,Android,Yes,fraud
4426.72,8,2230,3,0,1.26,Merchant,Jewelry,Android,No,suspicious
700.6,5,4762,1,0,0.52,P2P,Travel,Android,Yes,suspicious
12416.94,7,1689,0,0,0.91,Merchant,Electronics,iOS,No,suspicious
558.3,3,4416,8,0,0.22,Merchant,Groceries,Android,No,suspicious
2223.95,7,4696,2,0,4.42,P2P,Groceries,iOS,No,suspicious
3487.67,14,668,1,0,5.34,P2P,Jewelry,iOS,No,suspicious
3536.4,9,3936,6,1,1.18,P2P,Groceries,iOS,Yes,fraud
1975.61,4,2486,5,0,1.56,P2P,Jewelry,Android,No,fraud
3104.1,15,3319,5,0,3.03,Merchant,Groceries,Android,No,suspicious
7697.41,13,1416,5,1,2.35,P2P,Groceries,Android,No,fraud
1689.87,10,2448,4,2,10.32,P2P,Fuel,iOS,No,fraud
1298.98,16,985,5,0,1.36,P2P,Jewelry,Android,Yes,fraud
77090.2,23,1036,4,0,7.14,P2P,Groceries,Android,No,suspicious
2124.0,18,200,5,1,4.0,P2P,Groceries,Android,No,fraud
247.26,10,355,2,1,3.07,P2P,Electronics,Android,No,suspicious
439.27,10,4515,1,0,8.02,P2P,Fuel,Android,Yes,suspicious
24595.82,13,4698,2,1,0.28,Merchant,Electronics,Android,No,fraud
17079.33,19,2162,1,0,0.94,P2P,Fuel,Android,No,suspicious
3721.58,4,347,2,0,3.56,BillPay,Jewelry,Android,No,fraud
31228.75,13,4605,3,0,1.23,Merchant,Fuel,Android,No,suspicious
3560.29,10,3341,3,0,3.97,P2P,Travel,Android,Yes,suspicious
2650.99,2,4608,3,1,11.11,P2P,Groceries,iOS,No,fraud
12761.57,11,4230,5,0,1.5,P2P,Fuel,Android,No,suspicious
16409.85,4,4734,3,1,0.63,P2P,Jewelry,Android,No,fraud
464.86,22,3973,3,1,0.89,Merchant,Fuel,iOS,No,suspicious
476.71,16,4854,3,0,2.9,P2P,Fuel,Android,No,safe
3876.76,23,4853,4,0,2.64,P2P,Fuel,Android,No,suspicious
609.93,12,2730,1,0,5.87,P2P,Fuel,Android,No,safe
8320.11,5,4282,3,1,0.63,P2P,Electronics,iOS,No,fraud
436.0,1,4336,3,0,3.98,P2P,Travel,iOS,No,suspicious
1372.17,11,1666,4,1,7.48,P2P,Fuel,Android,No,fraud
2413.85,16,2199,4,0,3.24,BillPay,Fuel,Android,No,suspicious
840.76,9,2756,4,0,9.31,P2P,Fuel,Android,Yes,suspicious
1077.75,14,4591,1,0,5.97,P2P,Jewelry,Android,No,suspicious
5399.76,11,266,7,0,1.4,BillPay,Jewelry,iOS,No,fraud
212.89,16,2242,3,0,1.05,P2P,Fuel,Android,No,safe
1584.02,21,2688,4,0,1.04,P2P,Travel,Android,No,suspicious
751.58,13,325,9,0,6.64,P2P,Travel,Android,No,suspicious
2781.91,8,892,3,0,3.29,P2P,Groceries,Android,Yes,suspicious
608.79,18,2829,2,0,0.81,P2P,Groceries,iOS,Yes,suspicious
2706.07,5,4261,4,0,2.93,P2P,Travel,iOS,No,suspicious
2035.83,21,638,4,0,6.23,P2P,Fuel,iOS,No,suspicious
2398.1,12,4453,4,0,0.16,Merchant,Fuel,Android,Yes,suspicious
1166.99,8,4142,7,0,2.83,P2P,Travel,Android,Yes,fraud
1621.07,19,3293,4,0,0.42,Merchant,Electronics,Android,No,suspicious
428.97,14,2776,1,1,4.81,P2P,Travel,Unknown,No,fraud
2900.34,2,2007,0,0,0.2,P2P,Jewelry,Android,No,suspicious
837.62,5,2083,3,0,0.81,P2P,Electronics,Android,Yes,suspicious
1250.57,10,1952,2,1,0.99,P2P,Groceries,Android,No,suspicious
624.28,10,1187,1,0,4.26,P2P,Groceries,iOS,No,safe
336.57,23,3644,1,1,3.49,P2P,Fuel,Unknown,No,fraud
8243.77,23,4305,3,0,1.34,P2P,Travel,iOS,No,suspicious
1613.28,11,159,2,3,3.96,P2P,Groceries,Android,No,fraud
622.29,9,1532,2,0,6.14,Merchant,Fuel,Android,No,safe
1079.02,17,4003,2,1,4.81,Merchant,Groceries,Android,No,suspicious
1303.83,5,4736,2,0,0.05,P2P,Groceries,Android,No,suspicious
1128.4,3,2514,2,1,0.08,P2P,Travel,Android,No,fraud
5105.89,2,2368,3,0,11.38,P2P,Electronics,Android,No,fraud
221.65,20,3070,6,0,3.29,Merchant,Fuel,Android,No,suspicious
18375.58,9,4112,3,1,2.16,P2P,Groceries,iOS,No,fraud
603.49,8,3902,4,0,2.74,P2P,Fuel,Android,Yes,suspicious
4721.76,23,3167,7,0,2.86,P2P,Travel,Android,Yes,fraud
161.73,8,1352,2,0,12.81,Merchant,Jewelry,Android,No,suspicious
623.35,23,2466,4,0,4.4,P2P,Electronics,Android,Yes,suspicious
517.38,12,1471,5,0,1.92,Merchant,Groceries,Android,Yes,suspicious
786.01,6,1923,3,1,5.82,Merchant,Groceries,iOS,Yes,fraud
2037.14,23,2396,2,0,1.82,P2P,Jewelry,iOS,No,suspicious
4727.99,15,1759,3,1,5.03,P2P,Electronics,iOS,No,fraud
3628.96,2,2534,1,0,9.22,P2P,Jewelry,Android,No,suspicious
2492.33,13,514,3,0,3.01,Merchant,Jewelry,Android,No,suspicious
3271.83,12,2523,3,0,16.15,Merchant,Groceries,Unknown,No,suspicious
6861.17,21,1874,6,0,5.22,P2P,Groceries,Android,No,suspicious
1189.34,6,4574,3,0,14.97,P2P,Groceries,iOS,No,suspicious
1430.42,2,4662,4,2,2.08,BillPay,Jewelry,Android,No,fraud
1638.64,23,3690,4,0,4.37,Merchant,Jewelry,Android,No,suspicious
2049.33,3,2934,1,0,2.09,Merchant,Groceries,Android,No,suspicious
2517.5,16,3032,2,0,1.04,P2P,Fuel,Android,Yes,suspicious
585.67,9,2035,4,1,17.7,P2P,Travel,Android,Yes,fraud
769.81,19,195,4,1,1.26,Merchant,Fuel,iOS,No,suspicious
2079.48,5,4451,3,0,0.9,P2P,Jewelry,iOS,No,suspicious
755.31,18,1791,3,0,15.67,Merchant,Jewelry,Android,Yes,suspicious
1185.22,11,4452,2,0,5.47,P2P,Electronics,iOS,No,suspicious
1420.09,8,1523,5,1,3.67,P2P,Jewelry,Android,Yes,fraud
691.56,7,2169,3,0,3.44,P2P,Jewelry,Android,No,suspicious
1412.06,3,710,4,1,0.27,P2P,Jewelry,Android,Yes,fraud
1723.75,20,2704,3,0,0.54,P2P,Electronics,iOS,No,suspicious
1450.44,12,624,3,0,0.68,Merchant,Travel,iOS,Yes,suspicious
2738.14,12,532,0,1,2.17,P2P,Travel,iOS,No,suspicious
4672.98,6,526,4,0,0.26,Merchant,Groceries,iOS,Yes,suspicious
344.2,16,4273,3,1,6.31,Merchant,Fuel,Android,No,suspicious
5889.58,6,1495,3,1,7.02,BillPay,Electronics,iOS,No,fraud
5202.18,19,2123,3,1,10.08,P2P,Fuel,Android,No,fraud
2883.04,16,4745,7,1,8.64,P2P,Groceries,Android,No,fraud
2420.42,17,4820,6,0,2.15,P2P,Fuel,Android,No,suspicious
1992.84,16,1618,2,0,2.6,P2P,Electronics,Android,Yes,suspicious
593.38,16,2438,6,0,11.19,Merchant,Jewelry,iOS,No,suspicious
3322.11,12,2440,0,0,0.19,BillPay,Electronics,iOS,Yes,suspicious
2053.83,4,2157,6,0,2.65,P2P,Fuel,Android,No,suspicious
473.88,0,3769,2,0,3.79,Merchant,Jewelry,iOS,No,suspicious
528.56,0,4687,4,0,1.33,BillPay,Travel,iOS,No,suspicious
1960.71,18,1277,5,0,7.22,P2P,Jewelry,Android,No,suspicious
228.76,19,3654,1,0,1.14,BillPay,Fuel,iOS,Yes,safe
2541.1,22,1575,4,1,5.47,Merchant,Electronics,Android,No,fraud
2859.31,20,3766,5,0,3.36,Merchant,Jewelry,Android,Yes,fraud
3321.64,21,665,6,0,2.59,Merchant,Travel,Android,No,suspicious
17818.06,17,4722,4,0,6.5,P2P,Fuel,Android,No,suspicious
1485.17,10,898,5,1,0.8,Merchant,Electronics,Android,No,fraud
2429.18,2,2296,3,1,0.56,P2P,Electronics,Android,No,fraud
870.57,14,4463,3,0,0.98,Merchant,Electronics,Android,No,suspicious
1353.99,1,2545,1,0,13.97,P2P,Jewelry,Android,Yes,fraud
7581.25,12,3960,4,1,10.0,BillPay,Travel,Android,No,fraud
4480.29,6,914,0,0,16.8,P2P,Jewelry,iOS,No,suspicious
599.24,3,772,6,1,4.98,P2P,Jewelry,Android,No,fraud
2184.56,0,481,5,2,2.14,P2P,Fuel,Android,No,fraud
717.71,0,1029,2,0,6.16,P2P,Groceries,Android,No,suspicious
2284.4,17,4045,6,0,3.01,P2P,Jewelry,Unknown,Yes,fraud
11070.13,6,3159,2,2,1.92,P2P,Electronics,Android,No,fraud
860.25,23,783,4,0,3.53,P2P,Fuel,Unknown,Yes,fraud
278.92,4,4102,7,1,5.56,Merchant,Travel,iOS,Yes,fraud
4790.23,4,1309,3,0,3.34,P2P,Fuel,Android,No,suspicious
615.88,10,4975,2,0,1.13,Merchant,Travel,Android,No,safe
2668.45,23,956,3,0,3.68,P2P,Electronics,Android,No,suspicious
6989.17,7,861,2,1,0.66,P2P,Fuel,Android,No,fraud
2294.99,22,2176,2,3,9.38,P2P,Jewelry,Android,No,fraud
10461.98,4,3799,5,0,3.48,P2P,Groceries,Android,No,fraud
1717.9,18,3827,3,0,0.15,Merchant,Groceries,Android,No,suspicious
2266.06,6,834,4,1,7.15,P2P,Electronics,Android,Yes,fraud
624.06,6,3707,0,0,5.75,P2P,Fuel,Android,Yes,suspicious
654.74,11,3444,5,1,5.84,Merchant,Jewelry,iOS,Yes,fraud
5530.09,5,2000,0,0,3.73,P2P,Jewelry,iOS,Yes,suspicious
1878.22,20,1228,3,1,18.4,P2P,Groceries,iOS,Yes,fraud
3446.63,10,2534,2,0,2.25,Merchant,Jewelry,Android,No,suspicious
366.44,17,894,2,2,13.24,Merchant,Fuel,Android,No,fraud
581.0,16,4662,3,1,1.53,P2P,Electronics,Android,Yes,fraud
1201.03,15,3071,4,0,5.16,P2P,Jewelry,Android,No,suspicious
6463.42,5,1356,4,0,1.05,Merchant,Fuel,Android,No,suspicious
961.99,2,1755,3,2,1.63,Merchant,Electronics,Android,No,fraud
1873.08,6,1717,3,0,6.69,Merchant,Fuel,Android,No,suspicious
948.53,12,11,6,0,4.56,Merchant,Groceries,Android,Yes,fraud
205.95,4,4571,1,2,1.86,P2P,Fuel,Android,No,fraud
11546.73,8,4117,4,0,11.78,BillPay,Fuel,Android,No,suspicious
222.8,17,4366,2,0,1.56,Merchant,Electronics,Android,No,suspicious
7652.65,14,4739,1,2,1.18,P2P,Fuel,Android,No,fraud
772.47,11,3412,1,0,0.31,Merchant,Electronics,Android,No,suspicious
2929.45,18,4823,9,0,1.36,P2P,Jewelry,iOS,No,fraud
4421.79,0,3770,2,0,3.92,P2P,Jewelry,Android,No,fraud
1463.64,13,2371,4,0,0.54,Merchant,Electronics,Android,No,suspicious
4219.67,6,422,5,1,1.03,Merchant,Groceries,Android,Yes,fraud
1149.21,0,1203,2,0,4.92,P2P,Jewelry,Android,No,suspicious
1866.7,11,3571,2,0,28.34,P2P,Travel,iOS,No,suspicious
6566.68,6,4722,3,1,1.91,P2P,Jewelry,iOS,No,fraud
967.16,4,1552,2,1,0.35,P2P,Electronics,Android,Yes,fraud
665.04,21,2526,6,2,2.53,P2P,Electronics,iOS,No,fraud
1000.34,7,1406,3,0,0.99,P2P,Electronics,iOS,No,suspicious
7453.17,13,1578,2,0,0.37,P2P,Fuel,iOS,No,suspicious
1408.19,12,1139,7,0,6.76,BillPay,Travel,Android,No,suspicious
1835.08,22,371,6,0,1.04,P2P,Electronics,Android,No,fraud
1338.96,4,134,5,0,23.43,P2P,Electronics,Android,Yes,fraud
4544.27,11,485,4,1,1.62,BillPay,Travel,iOS,Yes,fraud
3410.03,7,2504,5,0,7.27,Merchant,Jewelry,Android,No,suspicious
6577.82,9,4640,2,0,8.3,P2P,Jewelry,Android,No,suspicious
3812.8,12,186,3,0,1.44,Merchant,Groceries,Android,No,suspicious
2896.4,20,1564,2,0,6.0,BillPay,Travel,Android,No,suspicious
423.66,1,1469,2,2,2.35,P2P,Travel,iOS,No,fraud
3872.42,23,1285,3,0,0.06,Merchant,Groceries,Android,No,suspicious
1802.18,15,1569,8,1,0.71,P2P,Groceries,Android,No,fraud
1226.71,17,2188,5,1,3.94,P2P,Electronics,Unknown,Yes,fraud
1551.35,4,1684,2,0,0.17,P2P,Electronics,Android,No,suspicious
428.32,8,2570,5,0,2.85,Merchant,Fuel,Android,No,suspicious
1478.41,5,4008,5,0,0.65,Merchant,Groceries,Unknown,No,fraud
5823.25,14,4700,2,1,0.23,P2P,Electronics,iOS,No,fraud
431.33,11,3148,6,0,1.01,P2P,Electronics,Android,Yes,fraud
1936.53,3,1729,4,0,0.66,BillPay,Electronics,Android,No,fraud
2334.0,7,1130,5,0,0.08,P2P,Travel,iOS,Yes,suspicious
1033.71,18,3037,2,0,1.63,P2P,Fuel,Unknown,No,suspicious
4425.63,23,2585,4,0,12.47,P2P,Jewelry,iOS,No,suspicious
1369.19,16,853,0,1,2.49,Merchant,Electronics,iOS,No,suspicious
447.59,0,2209,2,0,3.27,Merchant,Groceries,Android,No,suspicious
1033.01,19,4430,1,0,6.76,P2P,Fuel,Android,No,safe
585.58,16,301,6,0,4.76,P2P,Groceries,Android,Yes,suspicious
1507.35,7,2268,2,0,3.69,P2P,Travel,Android,Yes,suspicious
613.42,11,3163,1,0,1.37,BillPay,Groceries,iOS,Yes,suspicious
459.41,0,3151,3,0,5.21,Merchant,Groceries,Android,Yes,suspicious
2087.36,11,990,5,2,1.13,Merchant,Jewelry,Android,No,fraud
4283.4,2,896,5,1,9.22,Merchant,Groceries,Android,Yes,fraud
1143.58,14,4072,6,0,7.45,Merchant,Fuel,iOS,Yes,suspicious
745.47,19,4924,4,1,1.12,P2P,Travel,Android,No,suspicious
986.15,18,3166,2,0,8.83,Merchant,Groceries,Android,No,safe
5936.43,17,374,3,1,1.63,BillPay,Travel,iOS,No,fraud
205.48,0,1531,2,0,2.72,P2P,Jewelry,Android,No,suspicious
1985.15,3,1148,3,0,0.52,P2P,Groceries,iOS,No,suspicious
1110.58,5,3748,4,1,0.65,Merchant,Jewelry,iOS,No,fraud
1080.2,17,2043,0,0,0.21,P2P,Fuel,iOS,No,safe
1901.54,14,3346,1,1,10.38,Merchant,Jewelry,Android,No,fraud
7990.57,14,4002,1,0,0.68,P2P,Jewelry,Android,No,suspicious
5289.31,8,4942,3,1,6.8,BillPay,Groceries,iOS,No,fraud
1744.99,23,4171,4,0,1.07,BillPay,Travel,Android,No,suspicious
622.87,4,2393,3,1,3.09,P2P,Groceries,Android,No,fraud
2362.06,15,3098,4,0,5.89,P2P,Travel,Android,No,suspicious
626.76,8,1334,0,0,5.71,P2P,Electronics,Android,Yes,suspicious
8682.54,2,3276,4,0,6.12,P2P,Travel,Android,Yes,fraud
400.69,14,3548,6,2,4.71,Merchant,Fuel,Android,Yes,fraud
4026.02,8,1128,5,0,6.58,BillPay,Groceries,Android,No,suspicious
1501.07,11,1945,4,0,7.14,Merchant,Travel,iOS,No,suspicious
355.25,8,1462,5,0,1.45,BillPay,Electronics,Android,No,suspicious
889.35,21,4058,4,0,1.51,BillPay,Jewelry,Android,No,suspicious
649.0,8,2520,1,0,3.24,Merchant,Fuel,Android,Yes,suspicious
702.28,12,4866,9,0,0.59,P2P,Electronics,Android,No,fraud
2336.13,17,2933,5,0,4.03,P2P,Electronics,iOS,Yes,fraud
1784.77,3,408,4,1,1.99,P2P,Travel,Android,No,fraud
1279.54,23,66,5,0,4.0,Merchant,Fuel,Android,Yes,fraud
417.01,18,4724,5,2,2.63,Merchant,Travel,Android,Yes,fraud
1437.24,0,2945,2,0,1.23,P2P,Travel,Android,No,suspicious
276.28,18,293,1,0,1.62,Merchant,Electronics,Android,No,suspicious
1920.98,10,1946,2,0,3.36,P2P,Travel,Android,No,suspicious
3769.7,13,4197,5,0,4.71,P2P,Travel,Android,No,suspicious
12609.15,12,1539,4,0,1.85,P2P,Groceries,Android,No,suspicious
274.28,10,323,4,0,4.46,P2P,Electronics,Android,Yes,suspicious
3753.09,6,1004,0,1,12.53,P2P,Travel,Android,No,suspicious
3136.82,0,4711,2,0,1.93,BillPay,Electronics,iOS,Yes,fraud
569.27,22,3607,3,0,4.6,P2P,Groceries,Android,No,safe
1419.76,1,3203,2,0,0.58,P2P,Jewelry,iOS,No,suspicious
3279.36,17,2816,0,0,8.33,P2P,Jewelry,iOS,No,suspicious
3446.12,5,1080,1,0,0.08,P2P,Electronics,Android,Yes,suspicious
607.05,20,4879,2,0,1.48,BillPay,Groceries,Android,No,safe
710.39,9,1628,4,2,0.61,Merchant,Travel,iOS,Yes,fraud
255.21,9,3625,3,0,4.68,P2P,Travel,Android,Yes,suspicious
809.83,4,4594,1,1,2.39,Merchant,Electronics,Unknown,No,fraud
426.23,12,1119,1,0,0.06,Merchant,Fuel,Android,No,safe
4636.54,4,3713,3,1,15.21,Merchant,Groceries,Unknown,Yes,fraud
6992.66,23,798,2,0,1.32,Merchant,Fuel,Android,No,suspicious
2809.91,12,190,4,0,15.74,Merchant,Electronics,Android,Yes,fraud
1697.28,4,1739,2,2,14.16,BillPay,Travel,Android,No,fraud
1960.63,19,787,3,0,2.06,P2P,Electronics,Android,No,suspicious
4349.74,4,4376,2,0,1.37,P2P,Groceries,Android,No,suspicious
7624.65,21,1495,1,1,1.59,Merchant,Electronics,iOS,Yes,fraud
1736.98,16,3028,1,0,1.69,Merchant,Groceries,iOS,No,safe
2067.84,11,3958,2,0,8.93,P2P,Groceries,Android,No,suspicious
1220.78,0,342,1,1,10.1,P2P,Travel,iOS,No,suspicious
3627.65,3,2606,4,0,0.59,P2P,Electronics,iOS,Yes,fraud
892.73,14,270,3,0,0.58,BillPay,Groceries,iOS,No,suspicious
221.81,6,3647,4,0,5.95,P2P,Travel,Android,Yes,suspicious
540.92,20,4343,3,1,12.05,Merchant,Fuel,Android,No,suspicious
5950.76,15,3727,0,0,3.11,P2P,Groceries,iOS,Yes,suspicious
1332.37,21,2596,4,1,5.14,Merchant,Electronics,Android,Yes,fraud
65.3,0,3048,0,0,1.32,Merchant,Travel,iOS,No,safe
5979.33,7,2332,1,0,0.7,P2P,Electronics,iOS,No,suspicious
1172.79,0,363,0,0,0.72,P2P,Fuel,Unknown,No,suspicious
797.86,3,539,6,1,3.15,BillPay,Groceries,Unknown,No,fraud
1714.68,21,4737,7,0,1.26,P2P,Fuel,iOS,No,suspicious
335.66,20,3440,1,2,4.63,P2P,Groceries,iOS,Yes,fraud
5374.77,4,2994,2,1,1.24,P2P,Fuel,Android,No,fraud
943.37,21,2849,3,0,0.51,P2P,Travel,iOS,No,suspicious
1771.49,4,4054,6,0,1.19,P2P,Groceries,Android,No,suspicious
2536.18,11,3490,1,0,0.91,Merchant,Fuel,Android,No,safe
5736.01,15,3723,1,0,3.83,Merchant,Groceries,iOS,No,suspicious
813.82,22,3104,2,0,9.61,Merchant,Jewelry,Android,No,suspicious
9911.29,2,4243,4,1,12.85,Merchant,Groceries,iOS,No,fraud
3394.03,22,1518,2,0,1.59,P2P,Groceries,iOS,No,suspicious
3285.38,0,1821,5,1,28.31,Merchant,Travel,Android,Yes,fraud
1814.45,5,1588,5,0,6.11,Merchant,Electronics,iOS,No,suspicious
2161.05,23,1892,5,0,4.17,Merchant,Groceries,Android,No,suspicious
4313.78,6,3331,1,0,0.85,Merchant,Fuel,iOS,No,suspicious
834.72,1,1643,2,1,2.67,P2P,Jewelry,iOS,No,fraud
79.88,0,3902,4,1,5.73,BillPay,Travel,Android,No,suspicious
2390.85,17,2552,3,0,3.1,P2P,Jewelry,Android,No,suspicious
1968.39,9,1919,2,1,17.93,P2P,Travel,Android,No,suspicious
1244.23,15,1879,6,1,9.01,P2P,Groceries,Android,No,fraud
698.42,11,3141,1,1,2.0,Merchant,Electronics,Android,No,suspicious
5244.79,10,4347,4,1,3.55,Merchant,Fuel,Android,No,fraud
1766.62,16,2245,1,0,2.25,P2P,Fuel,iOS,Yes,suspicious
2434.26,15,2995,3,0,0.51,P2P,Electronics,Android,No,suspicious
2199.39,9,296,3,2,6.41,P2P,Electronics,Android,No,fraud
2009.19,4,2434,4,0,2.34,Merchant,Jewelry,Android,No,fraud
243.49,23,859,1,0,12.1,Merchant,Fuel,Android,No,safe
1016.31,19,1059,3,0,2.74,Merchant,Electronics,iOS,No,suspicious
892.03,20,1126,1,0,11.28,P2P,Jewelry,Android,Yes,suspicious
1708.75,9,1054,2,1,0.49,BillPay,Fuel,iOS,Yes,fraud
900.11,6,4848,3,0,2.37,BillPay,Electronics,Android,Yes,suspicious
1358.52,13,3928,4,0,2.25,P2P,Fuel,Android,Yes,suspicious
1553.16,5,1257,2,0,7.65,BillPay,Travel,iOS,Yes,suspicious
586.86,7,3806,5,0,3.38,Merchant,Fuel,Android,Yes,suspicious
5497.94,21,4990,5,0,6.76,P2P,Travel,iOS,Yes,fraud
932.77,2,1751,4,0,2.59,P2P,Fuel,Android,No,suspicious
4791.17,18,4905,3,1,1.1,Merchant,Groceries,Android,No,fraud
1600.62,12,3288,2,0,3.17,P2P,Electronics,iOS,Yes,suspicious
2063.7,6,2161,2,1,0.15,BillPay,Jewelry,Android,No,fraud
2780.45,16,2091,4,1,3.44,P2P,Jewelry,Android,No,fraud
2627.09,0,2277,3,0,1.3,P2P,Electronics,iOS,No,fraud
1582.51,9,435,4,0,2.22,P2P,Groceries,Android,No,suspicious
2568.88,12,677,1,0,10.66,P2P,Jewelry,Android,No,suspicious
763.75,7,2022,2,1,4.96,P2P,Groceries,iOS,Yes,fraud
1003.4,11,3388,2,1,3.66,P2P,Groceries,Android,Yes,fraud
10687.13,20,3441,4,1,1.79,P2P,Electronics,Android,No,fraud
3865.45,22,406,8,1,4.62,BillPay,Travel,Android,No,fraud
493.8,8,2399,1,1,5.4,Merchant,Electronics,iOS,Yes,fraud
755.82,4,12,1,0,3.96,P2P,Electronics,Android,No,fraud
2060.31,10,1858,2,2,1.45,Merchant,Groceries,Android,No,fraud
5058.61,12,3199,3,2,7.8,P2P,Fuel,Android,No,fraud
6286.91,20,2951,4,0,10.45,P2P,Travel,iOS,Yes,suspicious
5984.9,7,996,2,0,0.56,P2P,Travel,iOS,No,suspicious
1393.59,11,4205,4,0,1.29,P2P,Fuel,Android,No,suspicious
4473.49,21,4351,2,0,4.73,P2P,Electronics,Android,Yes,fraud
1511.13,10,3888,4,0,3.63,P2P,Travel,Android,No,suspicious
356.97,21,1095,5,0,3.56,P2P,Travel,Android,No,suspicious
728.26,9,276,2,1,6.76,Merchant,Fuel,Android,Yes,fraud
1310.43,21,3346,2,0,0.59,P2P,Groceries,iOS,No,suspicious
1293.9,14,2288,8,1,6.34,P2P,Jewelry,Android,No,fraud
1821.05,17,36,5,0,14.89,Merchant,Fuel,Android,Yes,fraud
9571.18,16,2835,3,0,3.73,BillPay,Electronics,Android,No,suspicious
393.88,21,1541,4,0,10.88,P2P,Travel,iOS,No,suspicious
400.5,20,2875,5,0,12.37,BillPay,Travel,Android,No,suspicious
2417.2,20,1288,2,0,4.14,P2P,Fuel,Android,No,suspicious
4933.09,14,3213,5,1,0.84,P2P,Jewelry,Android,No,fraud
1637.96,11,2142,3,2,4.88,P2P,Travel,Android,Yes,fraud
1237.06,4,914,1,1,4.9,Merchant,Electronics,Android,Yes,fraud
5443.89,0,1758,4,0,7.37,Merchant,Electronics,Android,Yes,fraud
2934.85,23,2510,3,1,6.87,P2P,Travel,Android,No,fraud
4544.33,21,2261,2,0,3.32,P2P,Electronics,Android,Yes,fraud
928.24,13,1352,2,1,0.96,Merchant,Fuel,iOS,No,suspicious
357.85,4,2420,6,0,7.97,P2P,Electronics,Android,Yes,fraud
430.69,3,3096,2,2,3.09,P2P,Fuel,Android,No,fraud
2039.67,15,178,8,0,0.31,P2P,Fuel,iOS,No,suspicious
3744.56,19,2816,4,1,3.42,BillPay,Jewelry,Android,No,fraud
10094.76,0,1449,4,0,4.38,P2P,Travel,iOS,No,suspicious
854.6,13,2005,5,1,1.2,P2P,Travel,Android,No,fraud
1186.32,10,2365,1,2,10.07,P2P,Fuel,Android,No,fraud
2710.77,14,4011,4,0,0.06,P2P,Travel,Android,No,suspicious
2066.99,3,1410,2,1,8.58,BillPay,Fuel,Unknown,No,fraud
6140.76,12,2163,4,0,8.58,P2P,Jewelry,Android,Yes,fraud
3017.95,23,1607,5,0,1.39,BillPay,Fuel,Android,No,suspicious
1021.15,10,3233,3,1,4.24,P2P,Electronics,Android,No,fraud
3587.98,2,3286,2,0,3.19,Merchant,Fuel,iOS,No,suspicious
2056.98,0,3201,0,0,12.15,P2P,Fuel,iOS,Yes,suspicious
4666.68,6,2535,1,0,2.26,Merchant,Groceries,Android,Yes,suspicious
554.99,5,2941,4,1,1.87,BillPay,Fuel,iOS,Yes,fraud
1638.15,23,194,3,0,16.87,Merchant,Jewelry,Android,No,suspicious
11229.35,5,1815,1,0,0.91,Merchant,Travel,Android,No,suspicious
4570.96,8,2868,3,0,0.79,Merchant,Fuel,iOS,No,suspicious
1045.37,10,3423,5,0,5.55,P2P,Fuel,iOS,No,suspicious
440.44,3,1,2,0,17.21,Merchant,Groceries,Android,Yes,fraud
272.3,18,1345,3,1,3.48,P2P,Fuel,Android,Yes,fraud
2863.47,5,1420,4,1,14.55,P2P,Fuel,iOS,Yes,fraud
1751.75,0,91,2,1,7.01,P2P,Travel,iOS,Yes,fraud
615.08,7,518,3,1,8.37,Merchant,Electronics,Android,No,fraud
1416.07,18,15,4,0,4.14,P2P,Jewelry,Android,No,fraud
3804.12,1,3541,2,0,12.94,P2P,Jewelry,iOS,No,fraud
785.11,19,1262,1,0,0.53,Merchant,Electronics,Android,No,suspicious
2132.74,12,617,6,0,3.67,P2P,Fuel,Android,Yes,suspicious
1283.59,10,496,2,0,0.48,P2P,Travel,Android,Yes,suspicious
2544.43,13,4029,1,0,2.84,Merchant,Jewelry,iOS,No,suspicious
1460.32,7,1093,1,0,0.5,Merchant,Fuel,Android,No,safe
21164.58,23,66,3,2,0.12,P2P,Electronics,Android,No,fraud
5019.22,13,1057,3,0,1.21,P2P,Fuel,Android,Yes,suspicious
1544.74,2,4258,5,0,6.87,P2P,Electronics,Android,No,fraud
1412.25,18,4276,4,0,0.23,BillPay,Jewelry,Android,Yes,fraud
6761.74,16,3440,5,0,1.86,P2P,Electronics,Android,Yes,fraud
55773.56,6,4806,4,0,2.67,BillPay,Fuel,iOS,No,suspicious
2060.52,0,4381,2,0,0.06,Merchant,Groceries,iOS,No,suspicious
3222.68,16,445,1,1,5.54,P2P,Fuel,Android,No,suspicious
843.35,3,3201,3,0,1.29,P2P,Electronics,Android,Yes,fraud
1807.73,22,1067,2,0,2.05,P2P,Electronics,Android,No,suspicious
781.04,23,4828,2,0,2.51,P2P,Fuel,Android,Yes,suspicious
250.88,4,1920,6,0,0.7,P2P,Travel,iOS,No,suspicious
1103.75,23,3373,1,0,1.66,P2P,Fuel,Android,No,safe
663.38,8,4578,2,1,3.24,P2P,Electronics,iOS,No,fraud
3617.32,11,3724,2,0,1.28,Merchant,Electronics,Android,No,suspicious
2376.42,3,497,1,1,5.87,P2P,Groceries,iOS,No,fraud
2835.72,11,2010,2,0,3.57,P2P,Fuel,Android,No,suspicious
1173.96,15,4809,5,1,0.12,P2P,Electronics,Android,No,fraud
6827.82,2,4539,2,0,0.65,P2P,Fuel,Android,No,suspicious
2438.71,2,3385,6,0,1.7,Merchant,Fuel,Unknown,No,fraud
600.87,10,4222,1,0,15.27,P2P,Travel,iOS,No,safe
497.05,21,3268,3,0,5.52,P2P,Fuel,Android,No,safe
1856.25,13,2364,2,1,9.27,P2P,Groceries,Android,No,suspicious
6022.62,11,604,3,1,0.15,P2P,Jewelry,Android,No,fraud
2318.31,16,923,2,1,4.62,P2P,Jewelry,Android,Yes,fraud
3162.3,16,3254,1,0,8.56,P2P,Groceries,Android,No,suspicious
215.77,22,4863,2,0,4.28,P2P,Fuel,Android,Yes,suspicious
1320.72,9,175,3,0,2.03,P2P,Fuel,Android,No,suspicious
1968.37,15,2975,2,0,2.16,P2P,Electronics,iOS,No,suspicious
5164.11,4,1513,0,0,2.23,P2P,Groceries,Android,No,suspicious
533.18,1,3686,2,1,10.84,Merchant,Travel,Android,Yes,fraud
1875.44,0,4439,4,1,2.95,P2P,Jewelry,Unknown,No,fraud
4098.82,19,3936,3,1,4.08,P2P,Groceries,Android,No,fraud
2494.34,15,3561,3,0,0.3,Merchant,Jewelry,Android,Yes,fraud
5396.94,15,2622,6,0,8.55,Merchant,Groceries,Android,No,suspicious
489.79,2,4990,3,0,7.0,P2P,Groceries,Android,No,suspicious
251.39,0,159,3,2,2.73,Merchant,Jewelry,Android,No,fraud
1771.5,22,4340,4,0,1.91,Merchant,Travel,Android,Yes,suspicious
300.98,9,1865,5,0,0.15,Merchant,Fuel,Android,No,suspicious
32378.79,11,4629,4,0,9.26,Merchant,Groceries,Android,No,suspicious
738.25,19,1591,0,0,10.54,P2P,Electronics,Android,No,suspicious
2918.8,11,1008,4,2,1.76,Merchant,Electronics,Android,No,fraud
378.28,15,4488,5,0,4.48,P2P,Jewelry,Android,No,suspicious
4337.79,23,4585,1,0,2.51,Merchant,Fuel,Android,Yes,suspicious
603.52,21,1348,3,0,2.0,P2P,Fuel,Android,No,safe
2656.42,9,1761,1,1,2.89,Merchant,Groceries,Android,Yes,fraud
1046.88,17,3255,6,1,3.53,P2P,Fuel,Android,No,fraud
1042.95,23,705,4,1,2.95,P2P,Travel,Android,No,suspicious
3166.38,13,3226,3,1,3.18,P2P,Travel,Android,Yes,fraud
22063.57,23,2194,2,0,2.23,P2P,Jewelry,Android,Yes,fraud
6580.86,5,1081,2,0,1.19,Merchant,Groceries,Android,Yes,suspicious
630.6,13,4720,1,1,2.71,P2P,Travel,Android,Yes,suspicious
1111.06,13,1472,6,0,6.56,Merchant,Travel,Android,Yes,suspicious
2806.7,19,35,4,2,0.68,Merchant,Fuel,Android,No,fraud
2594.82,18,2154,3,0,1.52,P2P,Jewelry,Android,No,suspicious
1121.02,7,4992,5,0,1.0,P2P,Fuel,Android,No,suspicious
178.11,15,2142,2,0,4.05,Merchant,Jewelry,iOS,No,suspicious
1691.62,11,1344,1,0,2.16,P2P,Groceries,Android,No,safe
938.66,0,2769,6,0,6.21,P2P,Jewelry,iOS,No,fraud
1853.35,2,4867,3,0,2.37,P2P,Fuel,iOS,Yes,suspicious
425.87,15,2482,1,0,5.21,Merchant,Groceries,Android,No,safe
5638.87,18,3436,3,0,5.93,P2P,Jewelry,Android,Yes,fraud
8202.72,4,4298,2,1,0.68,Merchant,Electronics,iOS,No,fraud
1331.61,15,3488,3,0,0.85,BillPay,Groceries,Android,No,suspicious
1012.36,2,4766,1,0,1.94,P2P,Travel,Android,No,suspicious
4411.82,3,4196,5,0,14.11,P2P,Travel,iOS,No,suspicious
1215.02,16,1024,1,2,1.27,BillPay,Fuel,Android,No,fraud
4794.48,23,2897,4,0,4.57,BillPay,Fuel,Android,No,suspicious
1874.05,22,544,0,1,0.52,P2P,Fuel,Android,No,suspicious
282.75,6,2677,4,1,3.19,Merchant,Groceries,iOS,No,suspicious
1588.0,18,1715,4,3,5.03,BillPay,Fuel,Android,No,fraud
657.46,19,4170,5,1,3.93,P2P,Jewelry,Android,Yes,fraud
9366.19,16,824,2,0,5.37,P2P,Jewelry,Android,No,suspicious
5893.73,15,3196,0,0,7.07,BillPay,Fuel,Android,No,suspicious
668.74,0,4992,3,0,4.41,P2P,Electronics,Android,No,suspicious
7959.46,10,576,3,0,14.57,Merchant,Jewelry,iOS,Yes,fraud
355.79,1,4740,3,0,0.58,Merchant,Travel,Android,No,suspicious
342.74,8,4626,5,0,5.89,Merchant,Travel,Android,No,suspicious
762.58,0,2902,3,0,0.66,Merchant,Jewelry,Android,No,suspicious
651.03,21,3865,1,1,0.89,P2P,Travel,Android,No,suspicious
2751.5,19,2102,1,0,1.99,P2P,Travel,iOS,No,suspicious
732.81,12,2509,4,0,4.03,P2P,Jewelry,Android,No,suspicious
1547.24,11,3522,4,0,0.96,Merchant,Groceries,Android,No,suspicious
1583.36,14,4957,5,0,3.57,P2P,Fuel,Android,Yes,suspicious
4252.53,10,1033,4,1,3.83,P2P,Jewelry,Android,No,fraud
482.58,9,2566,2,1,5.96,Merchant,Travel,Android,No,suspicious
8812.51,13,4702,5,0,0.41,Merchant,Fuel,Android,Yes,fraud
2894.33,10,3589,3,0,7.36,Merchant,Electronics,Android,No,suspicious
1417.06,11,2087,4,0,1.96,P2P,Fuel,Android,No,suspicious
665.95,22,4931,4,0,9.96,Merchant,Groceries,Unknown,Yes,fraud
1637.22,0,839,4,0,2.6,P2P,Fuel,iOS,No,suspicious
4243.64,22,4919,3,2,5.68,Merchant,Fuel,Android,No,fraud
2829.17,11,354,2,2,5.97,Merchant,Travel,Android,No,fraud
5637.41,0,3329,2,1,3.07,P2P,Groceries,iOS,Yes,fraud
340.99,14,4474,4,1,4.82,BillPay,Electronics,iOS,No,fraud
327.84,20,293,5,0,2.82,BillPay,Electronics,iOS,Yes,suspicious
8791.08,15,3025,3,1,5.01,P2P,Fuel,iOS,No,fraud
624.7,15,1509,3,1,5.84,P2P,Electronics,Android,Yes,fraud
19211.07,9,3320,3,0,2.22,BillPay,Groceries,Android,No,suspicious
701.45,8,4823,3,0,1.79,P2P,Groceries,Android,Yes,suspicious
4382.61,19,1892,3,0,2.82,Merchant,Electronics,iOS,Yes,fraud
2852.14,20,3613,4,0,9.62,P2P,Fuel,Android,Yes,suspicious
1114.12,23,3407,6,0,6.26,P2P,Electronics,Android,Yes,fraud
797.03,5,52,3,1,4.71,P2P,Fuel,iOS,No,fraud
658.93,14,1421,3,0,4.27,Merchant,Groceries,Android,No,suspicious
1134.93,19,1374,2,0,6.73,Merchant,Jewelry,iOS,Yes,suspicious
908.92,19,4254,5,2,6.01,BillPay,Groceries,iOS,No,fraud
3984.06,16,389,2,1,1.53,P2P,Jewelry,Android,Yes,fraud
2498.66,15,4019,1,1,1.41,P2P,Fuel,Android,No,suspicious
13936.55,10,2294,1,0,2.58,Merchant,Fuel,Android,No,suspicious
1174.47,2,693,3,1,6.67,P2P,Fuel,iOS,Yes,fraud
5503.72,9,223,4,1,0.6,P2P,Groceries,iOS,No,fraud
2641.24,3,918,3,2,1.87,P2P,Fuel,Android,No,fraud
4162.25,17,2141,3,1,11.2,P2P,Travel,Android,No,fraud
2293.78,11,1285,3,0,5.84,P2P,Fuel,Android,No,suspicious
511.94,1,4400,2,0,1.5,P2P,Fuel,Android,No,suspicious
1970.1,10,1663,2,0,2.19,BillPay,Travel,Android,No,suspicious
1321.55,0,2310,1,0,1.88,BillPay,Travel,Android,No,suspicious
252.83,3,3562,4,0,3.58,P2P,Electronics,iOS,No,suspicious
1994.37,2,1056,5,1,0.64,P2P,Jewelry,Android,No,fraud
5252.03,11,1592,0,0,1.21,P2P,Groceries,iOS,No,safe
1294.0,11,2924,3,0,9.38,Merchant,Fuel,Android,No,suspicious
675.03,16,1066,5,0,0.08,P2P,Travel,Android,No,suspicious
1764.63,13,4107,3,0,11.81,P2P,Groceries,Android,No,suspicious
1073.46,20,3783,2,0,2.07,P2P,Travel,Android,No,safe
1854.83,16,3475,5,0,7.84,P2P,Electronics,iOS,No,suspicious
14354.27,5,661,4,0,0.16,P2P,Jewelry,Android,No,fraud
8983.75,21,4373,2,1,17.44,P2P,Groceries,Android,No,fraud
2275.86,6,7,5,0,14.4,P2P,Jewelry,Android,No,fraud
1971.24,21,2220,4,0,0.18,P2P,Electronics,Android,Yes,fraud
4550.79,10,3062,4,0,8.72,P2P,Groceries,Unknown,Yes,fraud
1672.96,11,1595,5,0,1.0,Merchant,Fuel,Android,Yes,suspicious
1209.43,1,3599,5,0,2.7,P2P,Travel,Android,Yes,fraud
1458.33,13,4095,2,0,1.2,P2P,Jewelry,iOS,No,suspicious
557.86,22,872,4,2,6.94,P2P,Jewelry,Android,No,fraud
2642.18,10,3512,5,1,1.14,P2P,Fuel,Android,No,fraud
243.55,21,225,4,1,7.38,P2P,Travel,iOS,No,suspicious
8840.88,13,2960,5,0,6.22,P2P,Electronics,Unknown,No,fraud
559.09,23,1531,2,1,4.57,Merchant,Jewelry,Android,Yes,fraud
899.94,5,3535,1,1,15.0,BillPay,Fuel,Android,No,suspicious
2468.48,4,3596,0,0,9.76,Merchant,Jewelry,Android,No,suspicious
365.97,20,4233,3,0,1.52,P2P,Fuel,Android,No,safe
550.92,10,838,1,2,6.17,Merchant,Groceries,Unknown,Yes,fraud
1721.92,7,3611,3,0,11.02,Merchant,Fuel,iOS,No,suspicious
886.06,1,1828,4,0,2.19,Merchant,Electronics,Android,Yes,fraud
3715.78,13,4439,1,0,7.26,P2P,Fuel,Android,No,suspicious
1308.36,23,2807,3,0,13.25,Merchant,Electronics,iOS,No,suspicious
1563.8,1,991,2,2,3.3,P2P,Travel,Android,Yes,fraud
912.58,5,2654,3,3,7.66,P2P,Fuel,Android,Yes,fraud
1168.07,8,3942,2,1,0.61,P2P,Groceries,Unknown,Yes,fraud
2602.56,10,175,4,0,4.68,Merchant,Jewelry,Android,Yes,fraud
2170.21,11,3642,3,0,0.08,Merchant,Travel,iOS,No,suspicious
756.86,21,240,1,1,0.12,P2P,Groceries,Android,Yes,suspicious
1570.88,14,1089,5,0,2.28,Merchant,Travel,iOS,No,suspicious
1754.09,15,70,1,0,10.82,P2P,Travel,Unknown,No,fraud
6966.16,12,3704,5,0,0.16,P2P,Electronics,Android,No,fraud
3941.9,1,3959,6,0,0.31,P2P,Travel,Android,Yes,fraud
930.49,5,2055,3,1,9.14,Merchant,Jewelry,Android,No,fraud
1212.34,16,3363,2,0,3.8,P2P,Travel,iOS,No,safe
9209.25,11,12,6,1,0.81,Merchant,Electronics,Android,No,fraud
1810.99,11,1019,2,0,8.98,Merchant,Travel,Android,No,suspicious
1096.74,3,4119,5,0,5.51,BillPay,Fuel,Android,No,suspicious
318.49,16,798,1,0,4.7,Merchant,Groceries,Android,No,safe
2313.03,8,889,2,1,0.23,Merchant,Travel,Android,No,suspicious
927.56,4,2940,3,0,3.31,P2P,Jewelry,Android,No,suspicious
2990.65,6,1061,4,0,3.36,Merchant,Travel,Android,No,suspicious
1965.19,18,573,5,0,4.82,Merchant,Fuel,Android,No,suspicious
7468.3,20,166,1,0,2.41,P2P,Groceries,Android,No,suspicious
1423.11,4,1628,6,0,11.37,BillPay,Travel,Android,No,suspicious
3004.42,20,1365,3,0,3.73,Merchant,Fuel,iOS,No,suspicious
788.11,19,2823,2,0,6.38,Merchant,Jewelry,iOS,Yes,suspicious
2293.78,12,1778,5,0,3.9,P2P,Groceries,Android,No,suspicious
3915.99,6,1206,3,1,1.69,P2P,Electronics,iOS,No,fraud
924.1,5,412,5,0,8.53,Merchant,Travel,Android,No,suspicious
3680.52,8,3779,1,1,12.77,Merchant,Fuel,iOS,No,suspicious
993.28,2,4255,3,0,8.02,P2P,Travel,Android,No,suspicious
2144.06,23,254,0,0,5.13,P2P,Groceries,Android,Yes,suspicious
3855.12,22,3433,4,1,7.6,P2P,Groceries,Android,No,fraud
1360.64,0,898,4,1,1.09,P2P,Jewelry,iOS,No,fraud
2887.38,13,88,0,1,5.87,P2P,Groceries,iOS,Yes,fraud
853.51,15,2074,2,0,3.92,P2P,Electronics,Unknown,No,fraud
714.67,15,70,0,0,3.72,P2P,Groceries,Android,Yes,suspicious
5280.68,2,1805,3,0,16.65,P2P,Groceries,Android,No,suspicious
1017.0,12,2359,4,2,3.0,Merchant,Groceries,Unknown,No,fraud
1576.21,15,4491,2,2,2.02,Merchant,Travel,iOS,No,fraud
3778.16,11,4387,3,1,0.89,BillPay,Electronics,Android,No,fraud
5851.35,1,454,2,0,4.24,P2P,Jewelry,Android,No,fraud
550.76,14,4857,0,1,0.62,Merchant,Groceries,iOS,No,suspicious
700.34,18,1412,4,0,1.02,P2P,Jewelry,iOS,No,suspicious
533.96,15,4409,1,0,4.66,Merchant,Groceries,iOS,Yes,suspicious
1929.01,23,3172,4,0,2.45,Merchant,Electronics,Android,Yes,fraud
1395.43,0,1640,2,0,0.07,Merchant,Jewelry,iOS,No,suspicious
597.0,19,1316,4,0,3.39,P2P,Fuel,Android,No,suspicious
2162.5,9,2401,2,0,0.43,P2P,Electronics,Android,Yes,suspicious
1879.68,13,2181,1,1,1.68,Merchant,Travel,Android,Yes,fraud
2586.78,19,3173,2,0,13.08,Merchant,Jewelry,Android,No,suspicious
532.43,15,206,3,0,1.61,P2P,Groceries,iOS,No,safe
2334.64,3,4486,1,0,5.2,P2P,Travel,iOS,Yes,suspicious
848.19,5,3838,6,1,2.2,Merchant,Fuel,iOS,No,fraud
390.46,8,3813,1,0,7.59,P2P,Fuel,iOS,No,safe
3424.84,21,846,3,1,1.96,Merchant,Groceries,Android,No,fraud
838.7,1,291,6,2,3.15,BillPay,Fuel,Android,No,fraud
829.66,7,2035,2,1,1.4,P2P,Fuel,Android,No,suspicious
68.69,16,900,1,0,6.01,BillPay,Jewelry,iOS,No,safe
2408.62,4,1886,1,0,7.02,P2P,Electronics,Android,No,suspicious
2485.92,6,3851,3,0,6.06,Merchant,Fuel,Android,No,suspicious
4159.15,21,3398,3,0,16.32,Merchant,Jewelry,iOS,No,suspicious
2157.27,11,196,6,3,4.23,BillPay,Fuel,iOS,No,fraud
899.39,20,2035,2,0,4.52,P2P,Jewelry,iOS,Yes,suspicious
961.14,12,491,1,1,6.1,P2P,Fuel,Android,Yes,suspicious
2816.81,2,3664,1,0,3.8,P2P,Fuel,Android,No,suspicious
1544.05,1,283,3,0,5.73,P2P,Fuel,Android,No,suspicious
3608.44,0,239,1,0,6.29,P2P,Fuel,Android,No,suspicious
1092.64,23,2324,8,0,0.09,BillPay,Groceries,iOS,No,suspicious
5334.18,23,596,2,0,2.09,P2P,Electronics,Android,No,suspicious
269.11,20,167,3,1,0.43,P2P,Travel,iOS,Yes,fraud
2992.28,8,1949,3,0,1.86,P2P,Jewelry,Android,No,suspicious
1092.93,4,1564,7,1,1.37,P2P,Groceries,iOS,No,fraud
3035.31,15,3999,1,0,3.37,P2P,Jewelry,Android,No,suspicious
371.58,7,1568,1,0,7.22,P2P,Travel,Android,No,safe
6073.52,6,4195,6,1,1.78,P2P,Fuel,Android,No,fraud
316.34,10,1624,8,0,3.01,P2P,Electronics,Android,No,suspicious
1141.81,14,1512,6,0,3.76,Merchant,Electronics,iOS,No,suspicious
2596.87,12,3455,3,0,4.24,BillPay,Jewelry,Android,No,suspicious
1360.99,9,4735,2,0,1.75,P2P,Electronics,Android,No,suspicious
2124.41,13,4344,5,0,2.05,P2P,Travel,Android,No,suspicious
2169.03,5,2796,0,0,5.23,Merchant,Travel,Unknown,Yes,suspicious
1277.71,9,1217,2,1,0.09,Merchant,Groceries,Android,No,suspicious
2012.51,14,4888,3,0,2.7,Merchant,Jewelry,Android,Yes,fraud
3809.58,22,2782,3,0,6.04,P2P,Fuel,Android,Yes,suspicious
3953.41,13,1476,3,0,3.63,Merchant,Electronics,Android,Yes,fraud
3212.15,19,3802,4,0,3.4,P2P,Travel,Android,No,suspicious
1215.15,22,4419,3,0,5.3,P2P,Fuel,Unknown,No,suspicious
1190.16,23,1694,2,2,1.94,P2P,Electronics,Android,Yes,fraud
839.79,19,2472,0,0,1.24,P2P,Fuel,iOS,No,safe
1533.51,23,1856,3,0,6.19,P2P,Jewelry,Android,Yes,fraud
2490.57,2,255,2,0,13.9,Merchant,Electronics,Android,No,suspicious
1237.83,11,3496,4,0,21.46,P2P,Electronics,iOS,No,suspicious
1971.93,23,3013,6,1,6.47,P2P,Groceries,Android,No,fraud
2209.4,17,103,3,0,1.25,Merchant,Groceries,Android,Yes,suspicious
3879.41,13,3129,3,0,2.16,Merchant,Travel,Android,No,suspicious
300.59,23,4685,5,1,0.12,P2P,Groceries,iOS,Yes,fraud
5228.49,18,3098,3,0,0.5,P2P,Travel,Android,Yes,suspicious
356.67,10,3033,4,0,0.03,P2P,Fuel,Android,No,suspicious
407.66,7,2011,2,0,0.5,Merchant,Travel,Android,No,safe
190.01,3,2728,5,0,3.64,P2P,Jewelry,Android,No,suspicious
5672.74,8,4846,1,0,8.61,BillPay,Travel,Unknown,No,suspicious
1758.18,13,3428,2,2,13.44,P2P,Fuel,Android,No,fraud
8564.72,4,2279,2,1,9.8,P2P,Fuel,Android,Yes,fraud
2169.03,19,135,7,0,8.33,Merchant,Jewelry,Android,No,fraud
1495.57,23,1575,2,0,8.25,Merchant,Travel,iOS,Yes,suspicious
611.16,7,1239,1,1,0.87,P2P,Travel,iOS,No,suspicious
5788.95,16,2537,3,0,6.51,P2P,Fuel,Android,No,suspicious
934.91,11,4643,6,2,1.66,P2P,Groceries,Android,No,fraud
919.19,21,4988,3,0,1.45,P2P,Electronics,Android,No,suspicious
415.02,15,1777,1,0,0.51,P2P,Jewelry,Android,Yes,suspicious
1040.75,3,4809,3,1,1.69,P2P,Fuel,Android,Yes,fraud
422.9,12,2865,4,1,5.02,P2P,Fuel,Android,Yes,fraud
5305.68,15,3956,5,0,0.93,Merchant,Travel,Android,No,suspicious
4243.47,18,2711,3,0,1.55,P2P,Electronics,Android,Yes,fraud
1506.96,8,2164,4,0,4.78,P2P,Fuel,Android,No,suspicious
1126.34,18,4123,2,0,0.12,P2P,Groceries,Android,Yes,suspicious
1173.12,1,2627,4,1,6.76,P2P,Jewelry,Android,No,fraud
181.98,19,2978,2,0,4.08,P2P,Electronics,iOS,No,suspicious
407.77,3,2866,2,0,0.86,P2P,Travel,iOS,No,suspicious
2859.29,5,1876,3,1,0.81,P2P,Fuel,Android,No,fraud
715.35,23,394,4,0,4.41,P2P,Fuel,iOS,No,suspicious
1919.57,8,1793,3,0,0.21,Merchant,Groceries,Android,Yes,suspicious
5327.52,6,2919,3,0,5.79,P2P,Travel,Android,No,suspicious
2597.96,15,351,5,1,1.41,BillPay,Fuel,Android,Yes,fraud
1268.42,0,2971,3,0,4.83,P2P,Jewelry,Android,No,suspicious
3147.58,10,930,2,0,4.34,P2P,Electronics,iOS,No,suspicious
1165.25,12,4120,3,4,0.25,Merchant,Electronics,Android,Yes,fraud
6264.92,20,1640,3,0,3.52,BillPay,Travel,Android,No,suspicious
4489.39,18,346,2,0,4.41,BillPay,Jewelry,iOS,No,suspicious
2406.6,12,4016,4,0,5.88,P2P,Electronics,iOS,Yes,fraud
999.12,8,3574,5,1,5.5,P2P,Jewelry,Android,Yes,fraud
2510.37,4,1975,6,2,2.04,Merchant,Jewelry,Unknown,Yes,fraud
2702.1,9,4073,2,1,0.5,P2P,Electronics,Android,Yes,fraud
868.91,3,439,3,1,0.58,P2P,Electronics,Android,No,fraud
1517.89,4,934,2,0,7.14,P2P,Groceries,Android,Yes,suspicious
1627.65,22,3494,5,0,5.06,Merchant,Fuel,Android,No,suspicious
4786.87,8,4968,3,0,13.05,BillPay,Electronics,iOS,Yes,fraud
8419.95,4,4365,6,0,4.63,Merchant,Travel,iOS,Yes,fraud
458.73,22,1651,4,0,9.59,P2P,Groceries,Android,No,suspicious
623.78,14,258,1,0,0.48,P2P,Jewelry,Android,Yes,suspicious
998.49,8,3025,5,0,0.69,Merchant,Travel,Android,Yes,suspicious
1311.54,15,747,5,0,6.34,P2P,Electronics,Android,Yes,fraud
1006.96,17,3145,4,0,6.37,P2P,Groceries,Android,No,suspicious
673.33,22,3353,2,0,3.42,P2P,Groceries,Android,No,safe
6590.96,20,1064,4,1,6.21,P2P,Electronics,Android,No,fraud
870.06,12,3714,3,0,15.78,P2P,Fuel,Android,Yes,suspicious
2098.32,1,2331,6,0,5.21,Merchant,Groceries,Android,Yes,fraud
321.4,6,369,3,1,7.18,Merchant,Groceries,Android,No,suspicious
1382.63,12,4964,3,1,2.03,Merchant,Jewelry,iOS,No,fraud
2504.5,21,3553,3,0,4.36,Merchant,Jewelry,Android,No,suspicious
5041.38,8,2158,1,0,1.73,P2P,Fuel,iOS,Yes,suspicious
2151.48,12,1030,5,1,0.8,Merchant,Jewelry,iOS,No,fraud
1662.58,19,853,6,0,2.88,Merchant,Electronics,Android,No,suspicious
2509.44,11,1885,2,0,1.92,Merchant,Jewelry,iOS,No,suspicious
3080.76,1,4838,2,0,3.7,BillPay,Jewelry,Android,No,suspicious
808.26,17,2593,1,0,20.35,BillPay,Jewelry,Android,Yes,suspicious
2626.99,13,2496,1,0,4.16,P2P,Electronics,Unknown,No,fraud
440.61,10,4897,5,1,5.19,BillPay,Travel,Android,No,suspicious
709.57,3,1536,4,0,2.59,P2P,Travel,Android,Yes,suspicious
1563.2,5,3107,2,1,4.2,Merchant,Jewelry,iOS,No,fraud
18877.99,1,4080,3,0,0.31,P2P,Groceries,Android,No,suspicious
554.98,17,3058,6,1,7.05,Merchant,Electronics,Unknown,Yes,fraud
387.23,8,3518,1,0,2.02,P2P,Fuel,iOS,No,safe
36787.38,17,3290,5,0,5.01,P2P,Jewelry,Unknown,Yes,fraud
2621.27,1,1695,2,0,4.89,P2P,Jewelry,Android,Yes,fraud
283.77,7,4236,2,1,0.38,P2P,Fuel,Android,Yes,suspicious
3014.14,6,3952,4,0,14.19,P2P,Jewelry,Android,Yes,fraud
1187.51,10,4125,5,0,0.67,P2P,Travel,iOS,No,suspicious
823.42,10,742,2,1,0.46,P2P,Fuel,Android,No,suspicious
3007.11,14,1828,4,0,1.96,Merchant,Electronics,iOS,Yes,fraud
1508.88,20,2205,3,1,1.14,P2P,Travel,Android,No,suspicious
4354.03,3,2275,4,0,1.81,P2P,Groceries,Android,No,suspicious
759.86,0,4508,2,0,20.21,P2P,Fuel,Android,No,suspicious
410.75,10,4792,2,0,6.25,P2P,Fuel,Android,Yes,suspicious
1868.65,23,34,2,0,3.13,Merchant,Groceries,Android,No,suspicious
731.04,14,1599,1,0,4.96,Merchant,Groceries,Android,Yes,suspicious
297.86,19,4865,2,0,3.89,P2P,Fuel,iOS,Yes,suspicious
1593.17,18,4176,5,0,6.31,BillPay,Jewelry,iOS,Yes,fraud
2926.97,11,2255,2,0,1.56,Merchant,Groceries,iOS,Yes,suspicious
13304.31,5,737,3,0,5.36,Merchant,Groceries,iOS,No,suspicious
1389.82,3,4862,2,2,5.29,Merchant,Travel,Android,No,fraud
1257.97,9,4729,2,0,0.43,P2P,Fuel,Android,Yes,suspicious
95.82,23,2985,2,1,4.3,P2P,Electronics,Android,No,suspicious
856.68,7,353,2,0,2.34,P2P,Jewelry,iOS,Yes,suspicious
1582.68,13,3024,6,2,0.16,Merchant,Travel,iOS,No,fraud
2503.53,3,947,2,2,0.68,BillPay,Fuel,Android,No,fraud
7264.29,18,3601,6,0,6.06,P2P,Groceries,iOS,No,suspicious
486.55,16,1471,4,0,3.65,P2P,Groceries,iOS,No,suspicious
6335.17,19,3447,0,0,3.23,P2P,Fuel,iOS,No,suspicious
4005.23,8,3703,3,1,6.23,P2P,Jewelry,Android,No,fraud
4870.64,2,4369,3,0,7.97,P2P,Electronics,Android,No,fraud
5610.13,22,1606,1,0,9.82,BillPay,Electronics,iOS,No,suspicious
1569.88,12,3994,1,0,1.57,P2P,Travel,Android,Yes,suspicious
8616.81,12,3200,0,1,9.39,Merchant,Jewelry,iOS,No,fraud
588.01,1,4139,4,1,1.38,P2P,Groceries,iOS,No,fraud
1613.08,3,4307,5,0,5.4,P2P,Electronics,Android,Yes,fraud
1253.98,20,1733,4,0,15.09,P2P,Fuel,Android,No,suspicious
2053.71,9,304,3,0,3.58,P2P,Jewelry,Android,No,suspicious
4706.62,22,4343,5,1,4.65,P2P,Travel,Android,Yes,fraud
1981.19,20,3109,0,0,1.19,P2P,Electronics,iOS,Yes,suspicious
2233.87,8,2976,2,1,0.11,P2P,Groceries,Android,No,suspicious
2355.63,11,513,2,0,1.87,Merchant,Travel,Android,Yes,suspicious
1137.84,18,1647,4,1,1.79,BillPay,Groceries,Android,Yes,fraud
2136.27,3,1784,3,0,1.39,P2P,Groceries,Android,Yes,suspicious
3538.3,13,4517,2,1,0.69,P2P,Electronics,iOS,Yes,fraud
995.72,0,2154,1,0,8.77,P2P,Fuel,iOS,Yes,suspicious
1632.11,23,2655,1,1,5.59,Merchant,Groceries,Android,No,suspicious
388.28,1,270,2,0,4.98,P2P,Electronics,iOS,Yes,fraud
22000.55,19,1855,3,1,1.31,P2P,Jewelry,iOS,No,fraud
1550.13,15,618,2,1,3.26,P2P,Travel,iOS,No,suspicious
623.57,12,1839,3,0,0.25,Merchant,Fuel,Android,Yes,suspicious
417.54,8,3578,2,0,1.66,P2P,Travel,Android,No,safe
627.17,9,4267,3,1,0.8,P2P,Jewelry,iOS,No,fraud
709.04,15,221,10,0,2.37,Merchant,Travel,iOS,No,suspicious
2233.02,16,2547,5,2,6.08,P2P,Groceries,Android,No,fraud
1566.38,16,2791,1,0,2.77,P2P,Fuel,Android,No,safe
1427.35,7,1894,3,1,0.29,P2P,Electronics,iOS,No,fraud
130.38,2,2405,2,1,0.27,Merchant,Fuel,Android,Yes,fraud
1738.51,18,3247,2,2,2.5,P2P,Fuel,Android,No,fraud
1266.26,4,2799,3,0,4.58,P2P,Electronics,Android,No,suspicious
4594.69,7,1238,5,0,0.33,Merchant,Groceries,Android,No,suspicious
906.97,9,1215,8,0,1.91,Merchant,Jewelry,Android,No,fraud
10551.77,2,815,0,1,14.86,Merchant,Fuel,iOS,Yes,fraud
2268.62,11,2071,2,1,7.42,Merchant,Travel,Android,No,suspicious
275.31,15,2803,2,0,0.21,P2P,Fuel,Android,Yes,suspicious
331.09,12,4015,1,0,1.91,P2P,Groceries,Android,No,safe
8746.9,20,892,2,1,4.36,Merchant,Fuel,Unknown,No,fraud
5232.13,20,4780,3,0,0.25,P2P,Travel,iOS,No,suspicious
3788.27,12,3349,1,0,8.87,P2P,Electronics,Android,No,suspicious
1453.79,5,1362,1,0,7.27,P2P,Travel,Android,Yes,suspicious
1356.88,3,175,1,0,1.6,Merchant,Fuel,Android,No,suspicious
876.11,20,1933,1,0,0.11,P2P,Electronics,Android,No,suspicious
559.29,22,2245,2,0,3.35,P2P,Fuel,iOS,No,safe
431.48,1,4680,3,0,0.55,P2P,Fuel,iOS,No,suspicious
2078.97,15,2683,6,0,2.61,Merchant,Groceries,Android,Yes,suspicious
724.38,13,3368,3,1,1.78,P2P,Travel,Android,No,suspicious
5800.55,19,3513,4,0,1.48,Merchant,Fuel,iOS,Yes,suspicious
1915.96,0,1240,3,0,0.34,P2P,Fuel,Android,Yes,suspicious
7361.31,13,3080,4,0,8.53,Merchant,Fuel,Android,No,suspicious
601.24,11,40,2,1,11.4,P2P,Travel,Android,No,fraud
3355.71,9,2926,3,1,7.73,P2P,Fuel,iOS,No,fraud
3309.35,19,1893,2,0,0.22,Merchant,Fuel,Android,No,suspicious
781.31,15,3730,5,1,0.3,Merchant,Electronics,iOS,No,fraud
883.47,3,558,3,1,6.3,P2P,Travel,iOS,No,fraud
3043.22,4,420,0,0,3.15,Merchant,Groceries,Android,No,suspicious
2851.9,0,1838,0,0,3.92,P2P,Jewelry,Android,No,suspicious
2007.81,3,2108,0,0,3.99,P2P,Travel,Android,No,suspicious
1967.82,8,488,3,0,3.25,P2P,Fuel,Android,No,suspicious
366.05,18,4027,2,1,1.49,P2P,Travel,Android,No,suspicious
2800.29,9,4697,1,0,1.37,BillPay,Fuel,Android,No,suspicious
990.51,1,4745,3,0,1.46,P2P,Travel,iOS,No,suspicious
516.1,10,2673,0,1,11.55,P2P,Travel,Android,No,suspicious
7126.57,16,364,2,0,1.36,BillPay,Travel,Android,No,suspicious
767.57,18,4859,5,0,0.18,P2P,Fuel,Android,No,suspicious
643.38,11,300,1,0,1.58,BillPay,Groceries,Android,No,safe
1003.78,19,524,5,0,0.37,P2P,Fuel,Android,Yes,suspicious
1226.55,20,205,3,0,2.0,P2P,Groceries,Android,Yes,suspicious
1813.69,22,2014,1,3,6.35,Merchant,Fuel,Android,No,fraud
386.37,15,3346,3,0,13.36,P2P,Groceries,iOS,No,safe
1376.3,0,4702,8,0,8.84,P2P,Groceries,Android,No,fraud
1004.34,19,2564,3,1,12.05,P2P,Jewelry,Unknown,No,fraud
151.65,19,4155,6,0,8.86,P2P,Electronics,iOS,No,suspicious
2935.18,18,1582,3,0,5.4,P2P,Electronics,Unknown,No,fraud
1648.4,3,2130,5,0,3.19,Merchant,Fuel,Android,No,suspicious
3234.87,3,3487,2,0,4.11,BillPay,Travel,Android,No,suspicious
178.43,6,4891,2,0,1.67,P2P,Groceries,iOS,No,safe
1691.76,6,4866,0,1,0.3,P2P,Groceries,iOS,No,suspicious
590.59,18,1772,0,0,9.41,P2P,Travel,Android,No,safe
691.11,23,2128,3,0,30.86,P2P,Groceries,Android,Yes,suspicious
2882.87,20,3567,2,0,0.05,P2P,Fuel,iOS,No,suspicious
4006.99,18,2286,1,0,1.83,Merchant,Travel,iOS,No,suspicious
4240.68,20,111,2,0,0.73,Merchant,Travel,Android,No,suspicious
1563.6,9,1523,2,0,0.85,P2P,Electronics,Android,Yes,suspicious
8682.12,12,2358,5,0,1.14,Merchant,Jewelry,iOS,Yes,fraud
654.37,14,4468,4,0,4.4,Merchant,Jewelry,Android,No,suspicious
4632.97,15,4676,1,0,7.65,Merchant,Travel,Android,No,suspicious
468.08,14,2221,3,1,2.24,P2P,Electronics,Android,No,fraud
317.97,1,2155,4,2,8.63,P2P,Groceries,Android,No,fraud
2036.45,20,2468,4,1,16.42,P2P,Fuel,Android,No,fraud
3206.26,11,2032,2,1,3.24,P2P,Travel,iOS,No,suspicious
5285.68,7,835,2,1,1.83,Merchant,Jewelry,iOS,Yes,fraud
4872.25,7,2900,3,2,3.75,P2P,Groceries,Android,Yes,fraud
1779.04,2,4675,4,1,9.49,P2P,Jewelry,Android,No,fraud
10224.7,21,276,4,1,8.58,P2P,Electronics,Android,No,fraud
1305.31,19,4699,3,0,1.56,Merchant,Electronics,Android,No,suspicious
2004.05,8,3610,1,3,3.5,P2P,Electronics,iOS,Yes,fraud
1781.69,10,4547,1,0,1.99,P2P,Travel,Android,Yes,suspicious
425.33,15,3082,1,0,6.55,P2P,Fuel,iOS,No,safe
1639.22,22,1730,2,0,5.64,Merchant,Groceries,Android,No,suspicious
1490.89,0,1905,3,1,3.17,P2P,Groceries,Unknown,No,fraud
6729.04,20,998,3,0,0.54,BillPay,Jewelry,Unknown,No,fraud
371.3,19,2281,2,0,14.99,BillPay,Travel,Android,Yes,suspicious
4074.98,6,1243,1,0,2.98,P2P,Groceries,Android,Yes,suspicious
297.09,19,3045,1,0,3.94,Merchant,Travel,Android,No,safe
8010.01,20,4112,2,1,1.36,P2P,Travel,Android,No,fraud
1096.82,14,411,2,0,6.85,BillPay,Travel,iOS,No,safe
1541.61,6,233,4,0,1.44,P2P,Fuel,Android,Yes,suspicious
2296.99,13,1083,4,0,8.76,P2P,Groceries,Android,No,suspicious
1199.54,6,2220,3,0,3.43,Merchant,Groceries,Android,No,suspicious
2591.45,1,810,2,0,2.76,P2P,Travel,Android,No,suspicious
3172.16,20,517,2,0,2.98,P2P,Electronics,Android,Yes,fraud
1524.0,13,3200,9,0,5.48,P2P,Electronics,Android,No,fraud
596.78,11,905,3,0,6.63,P2P,Jewelry,Android,No,suspicious
1089.95,11,4383,2,1,3.65,Merchant,Electronics,Android,No,fraud
4177.54,5,1844,2,0,2.51,P2P,Electronics,Android,No,suspicious
1752.09,20,3479,2,0,1.23,P2P,Groceries,Android,No,suspicious
4684.19,23,2511,3,1,4.79,P2P,Travel,Android,No,fraud
2713.42,23,871,3,0,1.43,Merchant,Travel,Android,No,suspicious
1485.92,9,1828,3,0,1.95,P2P,Jewelry,iOS,Yes,fraud
623.41,7,1714,5,1,2.25,P2P,Travel,Android,No,fraud
1293.46,9,3573,1,0,0.08,Merchant,Fuel,Android,No,safe
3286.53,18,3086,4,0,8.62,P2P,Fuel,Android,No,suspicious
2557.29,11,4958,2,0,0.68,Merchant,Travel,Android,Yes,suspicious
4254.38,16,4197,2,0,0.64,P2P,Electronics,Android,Yes,fraud
783.08,4,4070,6,2,2.48,P2P,Fuel,Android,Yes,fraud
1595.55,20,3970,1,0,3.71,BillPay,Jewelry,Android,No,suspicious
1352.29,23,757,2,0,5.73,P2P,Groceries,iOS,No,suspicious
1962.74,21,686,2,2,2.93,P2P,Electronics,iOS,No,fraud
1852.49,6,3598,3,0,0.01,BillPay,Electronics,Android,No,suspicious
2134.27,7,1856,4,0,4.63,Merchant,Jewelry,Android,No,suspicious
1304.37,7,524,2,0,8.78,P2P,Travel,Android,Yes,suspicious
398.33,14,2084,3,0,3.06,Merchant,Travel,Android,No,safe
1049.12,20,1335,3,1,3.58,Merchant,Jewelry,Android,No,fraud
713.32,13,3322,3,2,3.15,P2P,Groceries,Android,No,fraud
4177.08,21,1602,2,2,5.2,P2P,Fuel,Android,No,fraud
800.83,2,719,1,0,4.46,BillPay,Groceries,Android,No,suspicious
6474.31,6,2054,4,0,2.42,P2P,Fuel,Android,No,suspicious
2988.66,16,1206,8,1,8.03,P2P,Travel,Android,No,fraud
2753.67,11,3983,2,0,1.6,Merchant,Fuel,iOS,Yes,suspicious
3197.26,9,1384,2,0,5.54,Merchant,Fuel,Android,No,suspicious
2026.56,6,4822,4,0,2.63,P2P,Jewelry,Android,Yes,fraud
639.08,15,4845,3,0,7.42,P2P,Fuel,Android,Yes,suspicious
8746.36,2,3521,1,0,4.02,Merchant,Electronics,Android,Yes,fraud
1668.0,16,4973,3,1,0.82,P2P,Travel,Android,No,suspicious
1789.3,21,4660,2,2,1.92,P2P,Travel,iOS,No,fraud
2446.14,21,3159,3,0,2.8,P2P,Groceries,Android,Yes,suspicious
414.85,11,4293,1,0,0.39,P2P,Travel,Android,No,safe
2234.23,0,2366,3,1,8.03,P2P,Groceries,iOS,Yes,fraud
3511.72,11,3042,4,0,14.86,P2P,Fuel,Android,No,suspicious
3282.38,11,1007,2,0,2.79,P2P,Electronics,Android,Yes,fraud
618.83,9,2259,2,0,4.17,P2P,Jewelry,Android,No,suspicious
30804.2,1,3924,4,1,0.96,P2P,Groceries,iOS,No,fraud
4734.62,18,460,1,0,1.69,BillPay,Electronics,Android,Yes,suspicious
1211.81,18,2989,3,0,11.5,Merchant,Jewelry,iOS,Yes,suspicious
1572.93,10,2766,0,1,12.95,P2P,Groceries,iOS,No,suspicious
1774.16,5,1111,2,0,2.69,P2P,Jewelry,Android,No,suspicious
533.99,21,4714,7,1,0.48,Merchant,Jewelry,iOS,Yes,fraud
3019.33,5,1441,3,0,1.51,P2P,Fuel,Android,No,suspicious
572.14,20,4591,2,0,5.88,P2P,Travel,Unknown,No,suspicious
1949.27,20,2403,5,0,6.81,P2P,Fuel,Android,No,suspicious
1311.95,7,3370,6,0,6.1,P2P,Jewelry,Android,No,suspicious
1012.6,15,4683,6,0,0.64,P2P,Jewelry,Android,Yes,fraud
613.29,14,1307,5,0,4.84,P2P,Groceries,Android,Yes,suspicious
434.21,10,2476,0,0,1.34,Merchant,Fuel,Unknown,No,suspicious
6174.57,2,4398,3,1,0.11,P2P,Jewelry,Android,No,fraud
2679.97,22,3619,2,1,22.12,Merchant,Electronics,Android,Yes,fraud
1174.56,13,3241,4,0,10.15,P2P,Electronics,Android,No,suspicious
3281.87,15,4340,4,0,0.36,BillPay,Jewelry,Android,No,suspicious
618.46,0,2424,0,0,6.96,P2P,Travel,Android,No,suspicious
1705.01,1,29,2,0,0.98,P2P,Travel,Android,No,suspicious
1464.6,17,3710,1,0,6.91,P2P,Fuel,iOS,No,safe
5018.75,22,1723,2,0,1.15,P2P,Travel,Android,No,suspicious
417.45,12,2399,0,0,0.15,P2P,Groceries,Android,No,safe
612.59,10,4493,0,0,10.07,P2P,Electronics,Android,No,suspicious
338.19,19,4872,4,0,2.77,Merchant,Fuel,iOS,Yes,suspicious
1728.83,19,1501,2,0,3.55,P2P,Electronics,Android,Yes,suspicious
336.15,15,1673,3,1,11.11,P2P,Travel,Android,No,suspicious
887.87,13,979,8,1,22.8,BillPay,Jewelry,iOS,No,fraud
5726.4,0,4005,1,0,2.15,P2P,Fuel,Android,No,suspicious
1594.8,16,4671,3,2,6.95,P2P,Electronics,Android,No,fraud
1688.54,12,2092,3,1,5.24,Merchant,Jewelry,iOS,No,fraud
1537.34,6,3560,4,2,4.32,P2P,Groceries,iOS,No,fraud
6955.62,0,288,0,1,3.03,Merchant,Jewelry,Android,No,fraud
7081.28,21,599,1,1,1.21,P2P,Groceries,iOS,No,suspicious
2193.57,22,666,3,0,3.1,BillPay,Electronics,Android,No,suspicious
1426.0,1,4151,4,1,5.77,Merchant,Jewelry,Android,No,fraud
403.74,5,2086,3,1,0.17,P2P,Fuel,iOS,No,suspicious
592.36,12,1081,5,0,2.52,P2P,Jewelry,Android,No,suspicious
2587.34,9,2202,0,1,5.39,BillPay,Electronics,Android,No,fraud
370.49,5,1261,3,1,6.32,Merchant,Fuel,Android,No,suspicious
6281.85,13,3168,2,0,3.64,P2P,Jewelry,Android,Yes,fraud
11163.08,17,4569,1,0,2.88,Merchant,Groceries,Android,No,suspicious
1207.65,9,55,1,1,2.84,Merchant,Fuel,Android,No,fraud
1712.93,4,489,6,0,4.32,Merchant,Travel,Android,No,suspicious
413.38,5,105,4,0,4.13,P2P,Jewelry,Android,No,suspicious
31040.51,17,2536,2,0,2.94,Merchant,Electronics,Android,No,fraud
866.65,14,678,3,0,4.26,Merchant,Electronics,Android,Yes,suspicious
659.51,13,4582,3,0,3.32,P2P,Travel,Android,No,suspicious
1573.81,7,1156,2,0,5.91,Merchant,Fuel,Android,Yes,suspicious
906.95,6,3783,2,0,0.07,Merchant,Jewelry,Android,No,suspicious
983.29,15,2311,3,0,5.36,Merchant,Jewelry,Android,No,suspicious
2626.05,12,2655,3,0,17.32,P2P,Fuel,Android,Yes,suspicious
1193.6,21,4302,4,0,1.91,P2P,Jewelry,Android,No,suspicious
412.54,7,1366,0,0,10.2,P2P,Jewelry,Android,No,suspicious
2256.55,13,4645,3,1,7.01,BillPay,Jewelry,Android,No,fraud
10649.81,22,1458,4,0,1.07,P2P,Groceries,iOS,No,suspicious
246.47,5,403,3,0,3.81,Merchant,Travel,iOS,No,safe
975.93,5,4302,7,2,2.01,BillPay,Groceries,Android,No,fraud
1518.63,12,1723,5,1,2.35,BillPay,Fuel,Android,No,fraud
2546.1,22,3422,1,1,4.67,P2P,Electronics,Android,Yes,fraud
1614.05,11,1264,1,1,3.66,P2P,Fuel,Android,No,suspicious
1901.32,5,775,2,0,4.42,P2P,Groceries,iOS,Yes,suspicious
1611.13,16,3223,3,1,0.17,Merchant,Fuel,Android,No,suspicious
3949.75,11,4307,3,1,2.57,P2P,Travel,Android,Yes,fraud
589.2,13,1257,2,1,1.75,P2P,Electronics,Android,No,fraud
1257.79,17,2614,6,2,4.35,P2P,Travel,iOS,No,fraud
3147.51,17,4168,4,0,7.54,P2P,Fuel,iOS,No,suspicious
1085.94,9,4347,2,2,3.78,Merchant,Fuel,Android,No,fraud
821.3,15,2911,1,0,1.89,P2P,Electronics,Android,Yes,suspicious
667.59,0,1264,3,1,0.75,P2P,Fuel,Unknown,No,fraud
1135.52,4,782,2,1,1.09,Merchant,Jewelry,iOS,No,fraud
548.88,4,3497,4,0,2.1,BillPay,Fuel,Android,No,suspicious
621.2,6,384,3,0,1.17,Merchant,Fuel,Android,No,suspicious
868.81,22,3175,2,0,3.1,P2P,Groceries,iOS,Yes,suspicious
545.29,7,4943,7,1,14.19,P2P,Jewelry,Android,No,fraud
479.33,1,42,8,0,0.67,Merchant,Jewelry,Unknown,No,fraud
708.11,16,4847,3,0,7.33,P2P,Groceries,iOS,No,suspicious
1172.57,10,3305,2,0,7.2,P2P,Fuel,Android,No,safe
109.58,5,3673,4,1,0.66,BillPay,Fuel,iOS,Yes,suspicious
844.26,8,1891,6,0,3.62,P2P,Fuel,Android,No,suspicious
1009.46,12,4907,2,2,0.34,P2P,Travel,Android,No,fraud
3272.2,8,4064,2,1,9.93,P2P,Electronics,iOS,No,fraud
8230.34,4,2147,2,0,11.02,Merchant,Groceries,iOS,No,suspicious
2428.33,6,4554,1,0,0.6,P2P,Travel,Android,Yes,suspicious
14860.6,2,3925,5,0,4.48,Merchant,Electronics,iOS,No,fraud
353.29,19,1756,5,0,3.56,P2P,Electronics,Android,Yes,fraud
3317.72,20,3789,2,1,6.35,P2P,Groceries,iOS,Yes,fraud
2530.08,16,3384,4,0,2.3,Merchant,Fuel,Android,No,suspicious
2960.46,17,2725,2,0,5.95,P2P,Electronics,Android,No,suspicious
641.24,6,2575,6,0,3.56,Merchant,Jewelry,iOS,No,suspicious
8089.5,2,934,4,0,14.58,P2P,Fuel,Android,Yes,fraud
937.56,2,618,4,0,1.58,BillPay,Electronics,Unknown,No,fraud
3183.95,14,2095,2,1,9.68,Merchant,Jewelry,iOS,No,fraud
935.62,11,1686,3,1,3.73,P2P,Travel,Android,No,suspicious
4667.98,14,4763,1,1,1.59,P2P,Electronics,Android,Yes,fraud
904.42,23,4414,5,0,2.49,BillPay,Fuel,Android,No,suspicious
5405.53,14,2054,1,0,1.9,BillPay,Fuel,Android,No,suspicious
953.76,8,1443,1,1,3.41,P2P,Fuel,iOS,No,suspicious
6159.78,8,3973,4,0,2.62,Merchant,Groceries,Android,No,suspicious
6963.93,9,215,2,0,11.84,P2P,Electronics,Android,Yes,fraud
1436.34,14,694,2,0,3.31,P2P,Groceries,Android,Yes,suspicious
1941.8,14,3065,2,1,0.21,P2P,Fuel,iOS,No,suspicious
1465.77,19,662,2,1,9.98,P2P,Travel,Android,No,suspicious
581.38,1,809,2,0,7.09,Merchant,Travel,Android,No,suspicious
982.51,7,2079,6,1,5.08,P2P,Fuel,Android,Yes,fraud
1996.1,20,1498,2,0,13.93,P2P,Jewelry,iOS,No,suspicious
1282.56,20,572,2,1,8.82,Merchant,Jewelry,Android,No,fraud
1916.18,20,4841,0,0,1.3,P2P,Fuel,Android,Yes,suspicious
721.07,0,1891,3,1,30.22,Merchant,Travel,Android,No,fraud
799.48,9,895,3,1,1.96,P2P,Electronics,Android,No,fraud
2362.51,22,296,0,0,0.49,P2P,Jewelry,Android,No,suspicious
4667.6,16,4782,3,0,3.94,Merchant,Travel,iOS,Yes,suspicious
3450.43,7,3460,3,0,10.38,P2P,Travel,iOS,No,suspicious
437.36,6,2585,4,0,6.07,P2P,Groceries,iOS,No,suspicious
2071.9,0,2922,2,1,8.7,Merchant,Travel,Android,No,fraud
2958.76,3,3388,4,0,2.34,P2P,Fuel,iOS,Yes,fraud
16299.64,8,1647,6,0,4.67,P2P,Fuel,Android,No,suspicious
1017.45,17,1655,1,0,3.33,Merchant,Electronics,iOS,Yes,suspicious
1822.54,1,4342,1,0,5.16,P2P,Electronics,Android,Yes,fraud
772.22,6,4682,2,0,16.65,P2P,Travel,Android,No,safe
2582.09,11,1527,0,0,3.43,P2P,Fuel,Android,No,safe
870.91,5,1496,1,1,2.92,P2P,Fuel,Android,No,suspicious
861.21,13,4262,3,0,2.59,P2P,Groceries,iOS,No,suspicious
1362.98,2,1418,2,0,6.04,P2P,Jewelry,Android,No,suspicious
530.78,3,2527,5,0,4.05,Merchant,Electronics,Android,No,fraud
1372.82,6,3052,3,0,5.43,Merchant,Travel,iOS,No,suspicious
1421.47,2,3482,3,2,7.7,P2P,Fuel,Android,No,fraud
4832.63,2,2051,0,2,5.41,P2P,Travel,iOS,No,fraud
1354.08,9,956,6,0,1.36,Merchant,Jewelry,Android,Yes,fraud
7059.97,2,3911,2,0,0.74,P2P,Fuel,Android,Yes,fraud
236.49,2,516,1,1,5.96,BillPay,Groceries,Android,No,suspicious
1323.13,16,1515,2,0,5.72,P2P,Electronics,Android,Yes,suspicious
6045.94,4,1262,1,1,5.99,P2P,Electronics,Android,No,fraud
518.91,6,849,3,0,3.55,BillPay,Jewelry,Android,No,suspicious
1639.73,0,1799,5,0,10.13,Merchant,Fuel,Android,No,suspicious
2819.91,7,4097,4,0,0.07,BillPay,Groceries,Android,Yes,suspicious
1370.67,16,3710,1,0,0.77,BillPay,Groceries,Android,No,safe
1500.66,5,3985,5,1,1.2,P2P,Groceries,Android,Yes,fraud
2109.33,11,2041,4,1,14.0,Merchant,Electronics,Android,No,fraud
1318.17,4,1433,2,0,0.64,P2P,Electronics,Android,Yes,fraud
763.88,14,4988,5,1,4.67,Merchant,Jewelry,Android,No,fraud
831.31,19,1284,1,0,1.81,P2P,Electronics,Android,No,suspicious
1968.11,7,1779,3,0,1.04,Merchant,Travel,iOS,No,suspicious
2177.22,23,1018,1,0,3.09,Merchant,Electronics,Android,No,suspicious
2785.01,15,883,6,0,1.23,BillPay,Groceries,iOS,No,suspicious
285.78,10,907,2,0,4.3,P2P,Jewelry,Android,No,suspicious
2687.59,18,3536,3,0,4.17,BillPay,Jewelry,iOS,No,suspicious
2644.04,23,2975,4,0,1.94,P2P,Fuel,Android,No,suspicious
637.75,22,4139,6,0,6.36,Merchant,Travel,Android,No,suspicious
5900.52,0,1794,2,1,4.15,P2P,Jewelry,Android,No,fraud
3824.19,17,2185,3,0,0.02,P2P,Jewelry,Android,Yes,fraud
804.49,2,4331,1,0,9.35,P2P,Travel,Android,Yes,suspicious
3115.43,7,4872,3,1,1.28,P2P,Jewelry,iOS,No,fraud
905.95,4,2579,4,0,0.67,Merchant,Travel,Android,Yes,suspicious
2045.26,12,993,2,0,0.55,Merchant,Travel,iOS,No,suspicious
1044.51,12,1582,3,1,0.77,P2P,Travel,Android,No,suspicious
5592.69,15,2777,1,1,5.19,Merchant,Fuel,Unknown,No,fraud
1713.75,18,2902,3,0,7.81,Merchant,Groceries,iOS,No,suspicious
4735.55,14,1951,3,0,4.1,P2P,Groceries,Android,Yes,suspicious
741.83,4,989,2,1,0.7,P2P,Travel,iOS,Yes,fraud
3020.77,10,2594,3,1,1.27,P2P,Travel,Android,No,fraud
514.34,22,2701,4,0,6.3,P2P,Travel,iOS,No,suspicious
1369.92,12,2420,4,1,7.37,P2P,Fuel,Android,No,fraud
6913.79,18,2509,3,1,3.9,Merchant,Electronics,Android,Yes,fraud
1743.04,3,543,2,0,19.15,P2P,Fuel,Android,No,suspicious
1744.82,6,4458,5,0,5.7,P2P,Jewelry,Android,No,suspicious
3736.57,2,3748,0,0,8.98,P2P,Groceries,Android,No,suspicious
1787.65,19,514,3,0,5.5,P2P,Groceries,Android,No,suspicious
3704.51,11,169,3,0,3.51,Merchant,Travel,iOS,Yes,suspicious
2378.11,17,3015,4,1,2.82,P2P,Travel,Android,Yes,fraud
2244.32,8,3803,6,0,0.53,P2P,Fuel,iOS,No,suspicious
1027.3,19,918,4,0,2.96,BillPay,Travel,Android,Yes,suspicious
1448.45,22,2132,3,0,4.25,BillPay,Fuel,Android,No,suspicious
1133.16,15,3263,2,0,0.3,Merchant,Groceries,iOS,No,safe
12653.06,11,2590,4,1,6.52,P2P,Travel,Android,No,fraud
3884.79,0,831,4,0,0.47,P2P,Jewelry,Android,No,fraud
2047.66,3,4478,2,0,9.0,P2P,Groceries,Unknown,No,fraud
689.53,19,774,3,1,3.28,P2P,Travel,Android,Yes,fraud
3914.56,12,3303,5,0,3.99,P2P,Electronics,Android,No,fraud
487.27,15,4492,9,0,4.86,P2P,Fuel,Android,No,suspicious
8666.53,0,1117,3,0,2.04,P2P,Electronics,Android,No,fraud
2840.52,15,316,3,0,1.61,P2P,Travel,iOS,No,suspicious
1145.86,4,3969,2,0,2.48,Merchant,Fuel,Android,No,suspicious
6141.01,21,1247,4,0,4.71,P2P,Jewelry,Android,Yes,fraud
10885.08,18,207,4,0,13.49,P2P,Groceries,iOS,Yes,fraud
1188.08,3,3138,3,3,2.37,P2P,Electronics,Android,Yes,fraud
181.05,4,2611,1,0,1.02,BillPay,Jewelry,Android,Yes,suspicious
3184.1,0,4627,3,0,0.79,P2P,Groceries,iOS,Yes,fraud
3494.58,5,4016,3,0,6.21,P2P,Jewelry,Android,Yes,fraud
1638.9,3,636,4,1,3.57,Merchant,Fuel,Android,No,fraud
1898.48,16,2125,4,1,1.1,P2P,Jewelry,iOS,No,fraud
3973.06,9,1125,2,0,13.53,P2P,Groceries,Android,Yes,suspicious
1811.4,12,913,3,1,24.48,Merchant,Groceries,Android,No,suspicious
1512.88,19,3245,3,1,1.67,P2P,Jewelry,Android,No,fraud
1210.05,1,3944,4,0,13.19,P2P,Travel,Android,No,suspicious
215.93,11,3728,2,0,4.4,Merchant,Travel,iOS,Yes,suspicious
786.06,23,3638,1,0,0.52,Merchant,Electronics,Android,No,suspicious
2225.37,4,3422,3,0,5.65,P2P,Fuel,iOS,No,suspicious
1785.39,4,4928,7,0,5.48,P2P,Groceries,Android,No,fraud
1690.53,15,3470,1,0,3.09,Merchant,Jewelry,Android,No,suspicious
2762.69,6,1726,3,1,1.53,BillPay,Travel,iOS,No,fraud
2523.9,7,4329,6,0,0.03,Merchant,Fuel,iOS,No,suspicious
552.39,17,3688,2,0,0.97,P2P,Jewelry,Android,No,suspicious
2043.24,13,4721,4,1,2.35,Merchant,Jewelry,Android,No,fraud
1245.13,18,4047,1,1,1.9,Merchant,Fuel,Android,Yes,fraud
2049.32,22,3148,3,0,1.13,Merchant,Electronics,iOS,No,suspicious
1374.23,14,836,4,0,1.2,P2P,Jewelry,iOS,Yes,fraud
599.36,5,1584,3,0,1.11,Merchant,Groceries,Android,Yes,suspicious
1407.65,5,438,1,0,0.94,Merchant,Travel,Android,Yes,suspicious
2811.07,1,2684,6,0,5.26,Merchant,Jewelry,Android,No,fraud
4359.03,23,4421,3,0,2.36,Merchant,Groceries,Android,No,suspicious
3839.76,10,3297,3,0,1.52,BillPay,Electronics,Android,Yes,fraud
3047.48,9,167,1,1,9.07,Merchant,Jewelry,iOS,No,fraud
890.49,23,2368,3,1,5.72,Merchant,Travel,Android,Yes,fraud
1084.84,18,617,2,0,0.93,Merchant,Jewelry,Android,No,suspicious
3519.52,15,1947,4,1,9.59,P2P,Fuel,Android,No,fraud
2554.67,15,1100,1,1,0.85,BillPay,Fuel,Android,No,suspicious
3544.81,5,3802,0,0,5.4,Merchant,Groceries,Android,No,safe
1323.89,1,160,4,1,3.0,P2P,Fuel,Android,No,fraud
4630.55,11,3473,1,0,2.06,P2P,Electronics,Android,Yes,suspicious
5258.02,23,1636,3,0,0.08,P2P,Travel,Android,No,suspicious
1656.02,1,3444,3,1,0.24,P2P,Groceries,Android,No,fraud
112.78,12,2255,3,1,4.02,P2P,Jewelry,iOS,Yes,fraud
1593.18,16,127,8,1,0.74,Merchant,Travel,Android,No,fraud
683.35,15,592,0,0,1.64,Merchant,Jewelry,iOS,No,suspicious
962.47,20,1311,5,2,0.99,P2P,Travel,Android,No,fraud
423.05,9,4946,5,0,0.74,P2P,Groceries,Android,No,suspicious
3901.65,15,1249,4,0,1.6,P2P,Travel,iOS,Yes,suspicious
267.2,1,3190,4,0,5.8,Merchant,Groceries,Android,No,suspicious
561.11,0,1833,2,0,0.89,P2P,Fuel,Android,No,suspicious
1321.54,14,4477,1,0,4.69,Merchant,Fuel,Unknown,No,suspicious
405.66,12,4797,2,1,2.85,P2P,Electronics,iOS,No,fraud
3364.84,15,29,2,1,2.95,P2P,Fuel,iOS,Yes,fraud
10626.16,5,3183,2,1,5.43,P2P,Jewelry,iOS,No,fraud
4689.84,0,12,4,0,5.27,Merchant,Travel,iOS,Yes,fraud
348.72,8,4717,2,3,0.59,P2P,Groceries,iOS,No,fraud
2979.32,14,4642,3,1,0.1,P2P,Jewelry,Android,No,fraud
2409.97,0,3294,3,0,0.8,P2P,Groceries,Unknown,No,fraud
2704.7,8,1675,4,0,4.45,BillPay,Jewelry,Android,No,suspicious
251.28,0,2747,0,1,0.87,Merchant,Jewelry,Android,No,fraud
349.0,0,4583,6,0,0.21,P2P,Electronics,Android,No,fraud
1283.46,2,1466,1,0,2.87,P2P,Travel,Android,Yes,suspicious
679.07,10,2426,4,0,1.05,P2P,Fuel,Android,Yes,suspicious
241.71,1,1293,4,1,1.5,P2P,Electronics,Unknown,No,fraud
4478.9,3,3200,4,0,0.72,Merchant,Groceries,Unknown,Yes,fraud
872.47,10,1517,3,0,3.27,BillPay,Electronics,Android,Yes,suspicious
2510.68,17,4854,4,1,1.34,P2P,Groceries,Android,No,fraud
85.26,12,1151,3,1,4.64,BillPay,Travel,Android,Yes,suspicious
502.59,21,3755,2,0,1.44,P2P,Groceries,Android,Yes,suspicious
789.76,11,3278,2,0,15.75,P2P,Electronics,Android,No,suspicious
406.37,4,4746,3,0,1.32,P2P,Groceries,iOS,No,suspicious
2420.74,17,3561,3,0,2.93,Merchant,Jewelry,Android,No,suspicious
7912.29,5,931,1,0,3.68,P2P,Fuel,iOS,Yes,suspicious
677.31,14,4543,2,0,2.95,P2P,Fuel,iOS,No,safe
1198.15,17,2957,3,1,7.57,Merchant,Electronics,iOS,No,fraud
1154.98,22,4248,1,0,2.03,P2P,Electronics,Android,No,suspicious
747.14,1,2521,1,0,1.15,Merchant,Jewelry,iOS,Yes,fraud
4817.68,4,630,1,0,1.87,P2P,Travel,Android,No,suspicious
2024.94,7,1566,8,0,4.93,Merchant,Electronics,Android,No,fraud
675.87,12,332,5,0,0.82,P2P,Travel,Android,Yes,suspicious
1802.62,1,1377,1,0,5.91,P2P,Fuel,Android,No,suspicious
1943.52,5,1309,4,1,2.44,P2P,Fuel,Android,No,fraud
3970.23,5,4081,2,0,14.88,BillPay,Electronics,Android,No,suspicious
838.7,15,2653,3,1,6.6,P2P,Electronics,Android,Yes,fraud
471.23,23,13,3,0,3.5,P2P,Travel,Android,No,suspicious
2398.63,9,842,5,0,3.91,P2P,Jewelry,iOS,No,suspicious
1463.77,1,408,4,0,4.3,BillPay,Fuel,Android,Yes,fraud
5647.38,9,67,4,0,0.43,Merchant,Electronics,iOS,Yes,fraud
478.4,17,1679,2,0,1.5,BillPay,Groceries,iOS,No,safe
13033.27,16,3631,5,0,1.0,P2P,Jewelry,Android,Yes,fraud
3398.2,15,2935,2,1,2.11,Merchant,Fuel,Android,No,suspicious
806.0,0,4095,2,0,14.1,P2P,Fuel,iOS,No,suspicious
1357.39,5,294,2,0,5.16,Merchant,Travel,Android,No,suspicious
3391.21,17,2857,3,0,9.56,Merchant,Fuel,iOS,No,suspicious
1596.73,7,3939,5,0,1.08,Merchant,Electronics,Android,No,suspicious
2348.74,16,2029,1,0,1.02,Merchant,Groceries,Android,Yes,suspicious
2045.0,5,1805,5,0,14.19,BillPay,Travel,iOS,Yes,suspicious
358.82,0,4170,1,0,4.48,Merchant,Fuel,Android,No,suspicious
5323.8,19,3192,3,0,7.94,BillPay,Electronics,Android,Yes,fraud
2199.8,1,4561,3,0,0.32,P2P,Travel,Android,No,suspicious
3130.29,22,2014,1,2,2.16,P2P,Fuel,iOS,No,fraud
1901.89,0,3054,1,0,2.57,P2P,Jewelry,iOS,No,suspicious
1208.98,23,1381,2,0,0.83,P2P,Groceries,Android,No,safe
410.92,12,3410,3,0,3.31,P2P,Fuel,Android,No,safe
18792.66,18,3751,4,0,4.9,BillPay,Electronics,Android,Yes,fraud
6227.05,17,3849,6,0,13.42,P2P,Groceries,Android,No,suspicious
471.0,13,734,1,0,2.64,P2P,Travel,Android,No,safe
20544.93,13,1475,0,0,8.45,Merchant,Fuel,Android,No,suspicious
532.34,9,2114,2,0,1.41,P2P,Fuel,iOS,No,safe
1991.32,18,1025,4,0,11.03,P2P,Jewelry,Android,Yes,fraud
1813.32,5,2634,3,1,1.67,P2P,Electronics,Android,No,fraud
6784.32,22,611,2,0,2.26,P2P,Travel,iOS,No,suspicious
6467.11,19,3533,2,0,1.37,P2P,Fuel,iOS,Yes,suspicious
629.47,10,3562,2,0,9.35,P2P,Groceries,iOS,Yes,suspicious
5267.42,5,1940,6,0,2.29,P2P,Travel,Android,Yes,fraud
1133.19,14,3690,1,0,0.89,Merchant,Electronics,Android,No,suspicious
1200.45,23,2259,3,1,7.91,P2P,Jewelry,iOS,No,fraud
1162.33,21,3609,5,0,9.99,P2P,Electronics,Android,Yes,fraud
1994.64,15,239,1,1,2.77,BillPay,Fuel,Android,Yes,fraud
13269.16,1,973,3,0,0.75,Merchant,Travel,Android,No,suspicious
331.09,4,2220,6,1,1.89,P2P,Travel,Android,No,fraud
418.56,15,748,4,1,1.93,P2P,Jewelry,Android,Yes,fraud
1784.72,0,2162,4,0,1.09,Merchant,Jewelry,Android,No,fraud
474.87,11,1060,4,1,6.15,Merchant,Travel,Android,No,suspicious
1045.28,6,516,3,0,2.18,Merchant,Travel,Android,Yes,suspicious
5309.14,20,54,0,0,1.94,P2P,Groceries,Android,No,suspicious
1616.43,14,2614,3,0,5.59,P2P,Groceries,Android,Yes,suspicious
340.19,17,4503,1,0,5.13,BillPay,Groceries,Android,No,safe
232.9,16,2077,4,0,0.4,Merchant,Electronics,Android,Yes,suspicious
814.55,15,1351,3,0,4.57,P2P,Fuel,iOS,No,suspicious
2427.41,14,2435,2,0,16.53,Merchant,Jewelry,iOS,Yes,suspicious
1985.06,15,1238,2,0,1.87,Merchant,Travel,iOS,No,suspicious
794.94,14,4847,3,0,1.09,Merchant,Groceries,iOS,No,suspicious
5877.38,1,3727,3,0,0.73,BillPay,Groceries,Android,Yes,fraud
3163.81,6,4393,1,0,10.87,P2P,Travel,Unknown,No,suspicious
806.38,15,3218,3,0,5.69,BillPay,Electronics,Android,Yes,suspicious
511.8,18,793,2,0,0.25,P2P,Electronics,Android,No,suspicious
3642.44,13,2436,0,0,7.91,Merchant,Groceries,Android,No,safe
368.97,9,2829,4,1,5.39,P2P,Travel,iOS,No,suspicious
730.42,19,4427,3,0,7.51,P2P,Electronics,Android,No,suspicious
8571.59,10,4145,5,1,3.99,P2P,Travel,iOS,No,fraud
2834.68,1,1932,6,0,5.84,P2P,Electronics,iOS,No,fraud
5697.27,1,1577,3,0,0.52,P2P,Groceries,Android,No,suspicious
2436.08,1,1638,0,0,3.46,Merchant,Groceries,Android,No,suspicious
10282.35,10,2344,6,1,2.94,P2P,Travel,Android,No,fraud
1079.26,16,3344,1,0,8.67,P2P,Groceries,Android,No,safe
774.94,4,2037,5,2,9.0,P2P,Groceries,iOS,No,fraud
3028.94,3,2853,3,1,0.49,BillPay,Groceries,Android,No,fraud
5477.29,8,2416,2,0,7.45,Merchant,Travel,Android,Yes,suspicious
4854.74,0,1339,3,1,4.78,P2P,Electronics,Android,Yes,fraud
3046.69,21,3282,4,0,4.49,BillPay,Electronics,Android,Yes,fraud
2097.13,12,3081,6,0,18.16,Merchant,Travel,Unknown,No,fraud
1367.73,10,293,3,0,3.96,Merchant,Electronics,iOS,No,suspicious
1305.9,14,1945,4,1,3.9,P2P,Groceries,iOS,No,fraud
2065.68,2,1247,3,0,2.39,Merchant,Groceries,Android,Yes,suspicious
289.96,22,4649,4,0,5.38,P2P,Jewelry,Android,No,suspicious
2266.82,22,3863,2,0,1.77,P2P,Groceries,Android,No,suspicious
1073.86,15,3188,3,0,5.94,P2P,Jewelry,Android,Yes,suspicious
2048.13,11,4992,1,0,4.49,Merchant,Travel,Android,No,safe
2696.43,14,3308,1,0,10.0,Merchant,Travel,Android,Yes,suspicious
7939.23,5,727,4,0,0.21,Merchant,Jewelry,iOS,No,fraud
1559.76,23,1199,6,0,6.8,P2P,Jewelry,iOS,Yes,fraud
283.08,20,3769,4,0,2.5,P2P,Groceries,Android,No,safe
1180.85,1,4351,2,0,0.36,BillPay,Fuel,Android,No,suspicious
1080.08,18,354,2,0,2.79,Merchant,Travel,Android,No,safe
1289.34,18,2530,4,0,0.19,Merchant,Jewelry,Android,Yes,fraud
8746.75,4,519,4,0,10.37,P2P,Electronics,Android,Yes,fraud
479.3,17,1788,2,0,2.8,P2P,Jewelry,Android,No,suspicious
4078.91,13,3878,2,0,2.03,P2P,Fuel,iOS,No,suspicious
1782.04,8,1914,2,1,3.88,Merchant,Travel,Android,No,suspicious
1883.68,12,4221,4,0,4.75,Merchant,Travel,Android,Yes,suspicious
459.27,17,4393,3,0,4.43,P2P,Fuel,iOS,No,safe
921.42,12,3496,4,0,0.81,P2P,Groceries,Android,Yes,suspicious
631.95,17,4356,4,0,0.73,Merchant,Groceries,Android,Yes,suspicious
1335.36,0,3391,2,1,0.81,P2P,Electronics,Android,Yes,fraud
259.33,1,1902,1,2,17.04,Merchant,Fuel,Android,No,fraud
6930.12,15,3475,2,0,0.42,Merchant,Fuel,Android,No,suspicious
2093.32,11,3961,1,0,0.86,P2P,Fuel,Android,Yes,suspicious
6328.39,12,2163,8,0,4.89,P2P,Electronics,Android,No,fraud
1925.22,19,504,1,0,1.34,P2P,Travel,Android,No,safe
2285.47,0,593,4,0,6.53,P2P,Jewelry,Android,No,fraud
2186.18,2,4982,4,1,7.61,Merchant,Jewelry,Android,No,fraud
1637.1,16,1687,2,1,2.31,Merchant,Jewelry,Android,No,fraud
3931.26,14,1312,0,0,1.62,P2P,Electronics,Android,Yes,suspicious
1178.9,1,45,0,0,7.76,P2P,Groceries,Android,Yes,fraud
1667.11,7,489,4,0,0.14,P2P,Travel,iOS,No,suspicious
36963.31,1,2180,5,0,2.87,Merchant,Jewelry,Android,No,fraud
15858.32,1,2974,4,0,2.4,P2P,Groceries,Android,Yes,fraud
1288.71,22,714,5,0,6.19,P2P,Jewelry,iOS,No,suspicious
10680.46,20,2575,2,1,1.19,P2P,Jewelry,iOS,No,fraud
3378.19,18,306,2,0,4.49,P2P,Travel,iOS,Yes,suspicious
3155.49,6,2114,4,1,0.86,BillPay,Travel,Android,No,fraud
8025.7,9,3899,1,0,2.04,P2P,Electronics,Android,No,suspicious
775.93,10,3181,3,0,0.96,P2P,Electronics,Android,No,suspicious
567.42,13,879,5,1,4.15,BillPay,Fuel,Android,Yes,fraud
872.93,18,1448,2,0,13.62,BillPay,Travel,Android,No,safe
2716.28,17,763,5,0,1.92,BillPay,Jewelry,Unknown,No,fraud
1851.12,4,1744,4,1,11.04,P2P,Electronics,iOS,No,fraud
714.09,23,1921,2,0,5.28,BillPay,Travel,iOS,Yes,suspicious
2422.16,13,4555,6,0,2.08,P2P,Groceries,Android,No,suspicious
698.08,9,2027,3,1,4.74,P2P,Electronics,Android,No,fraud
7122.65,22,1209,5,0,1.22,P2P,Travel,Android,Yes,fraud
3444.68,6,1862,2,2,19.65,P2P,Fuel,Android,No,fraud
1058.83,1,1900,4,0,2.63,P2P,Fuel,iOS,Yes,suspicious
7474.73,15,2417,3,1,5.57,P2P,Jewelry,iOS,Yes,fraud
1646.73,14,2357,5,0,0.38,P2P,Fuel,Android,No,suspicious
3749.3,15,2701,7,0,7.41,P2P,Electronics,Android,No,fraud
238.42,9,562,2,0,0.32,BillPay,Groceries,iOS,Yes,suspicious
2083.5,12,4198,2,0,2.33,Merchant,Jewelry,Android,No,suspicious
818.73,13,476,6,0,0.64,Merchant,Jewelry,Android,No,suspicious
10743.16,14,3502,2,0,2.53,Merchant,Groceries,iOS,No,suspicious
5018.9,12,1515,3,1,1.68,Merchant,Travel,iOS,No,fraud
973.92,18,3039,0,1,0.38,BillPay,Jewelry,Android,Yes,fraud
1273.05,10,4070,1,0,4.29,P2P,Travel,Android,No,safe
3726.3,2,2250,2,0,3.38,P2P,Jewelry,iOS,No,fraud
1838.73,0,603,0,1,3.19,P2P,Fuel,iOS,Yes,fraud
924.6,0,4300,1,2,0.1,P2P,Fuel,Android,No,fraud
3557.92,7,1964,3,0,0.72,P2P,Jewelry,iOS,Yes,fraud
330.21,12,1278,6,1,1.77,P2P,Fuel,Unknown,No,fraud
447.98,3,400,1,0,2.13,P2P,Jewelry,iOS,Yes,suspicious
2260.29,10,4010,3,0,0.04,P2P,Electronics,Android,No,suspicious
12162.26,12,2884,3,0,1.9,BillPay,Groceries,Android,No,suspicious
6257.12,8,2298,2,1,3.79,Merchant,Jewelry,Unknown,No,fraud
656.25,19,2797,4,2,1.37,P2P,Travel,Android,No,fraud
2863.58,6,4131,1,0,0.06,P2P,Jewelry,iOS,No,suspicious
3225.78,22,3866,1,0,3.88,Merchant,Jewelry,Unknown,No,fraud
3426.11,21,3658,1,0,1.03,Merchant,Fuel,iOS,No,suspicious
1130.93,12,4476,2,0,2.76,Merchant,Fuel,iOS,No,safe
482.84,2,415,5,1,1.45,P2P,Travel,iOS,No,fraud
723.32,0,1731,4,0,7.96,Merchant,Groceries,Unknown,Yes,fraud
2105.36,12,101,1,0,4.62,P2P,Jewelry,Unknown,Yes,fraud
770.9,15,1536,3,0,1.6,BillPay,Groceries,Android,No,suspicious
4258.63,16,3364,2,0,0.82,P2P,Electronics,Android,Yes,fraud
1105.43,10,2099,1,0,3.92,P2P,Jewelry,Android,No,suspicious
680.2,4,320,4,0,2.35,Merchant,Groceries,Unknown,No,fraud
298.68,18,3778,2,0,2.41,P2P,Jewelry,Android,No,suspicious
555.72,20,1255,3,0,0.24,BillPay,Jewelry,Android,No,suspicious
2759.58,5,3649,1,2,0.78,Merchant,Fuel,iOS,No,fraud
6387.72,17,2253,4,1,2.9,Merchant,Fuel,Android,No,fraud
352.47,19,2516,5,0,7.83,P2P,Jewelry,Android,No,suspicious
937.17,7,3446,3,1,1.28,P2P,Jewelry,iOS,Yes,fraud
1364.82,23,2005,3,0,0.34,P2P,Electronics,Unknown,Yes,fraud
2369.28,7,3686,3,0,0.51,P2P,Jewelry,Android,Yes,fraud
10021.1,12,3510,6,0,4.74,P2P,Electronics,Android,No,fraud
692.55,4,3778,4,0,6.99,Merchant,Fuel,iOS,No,suspicious
397.21,0,3827,0,0,2.44,Merchant,Electronics,Android,Yes,suspicious
548.77,1,1836,2,2,2.74,Merchant,Fuel,iOS,No,fraud
3410.58,9,4576,2,1,9.62,BillPay,Jewelry,Android,No,fraud
7860.68,21,1162,4,0,1.87,P2P,Fuel,iOS,No,suspicious
6581.64,3,2066,2,0,4.61,P2P,Fuel,Android,No,suspicious
6492.92,21,335,1,0,1.07,P2P,Fuel,Android,No,suspicious
1718.71,2,707,7,0,3.91,P2P,Electronics,Android,No,fraud
4708.49,15,1071,5,0,9.13,P2P,Groceries,Android,No,suspicious
5434.55,2,4562,4,0,0.72,P2P,Electronics,iOS,Yes,fraud
3176.85,12,1170,2,0,2.61,P2P,Electronics,iOS,No,suspicious
678.7,22,1270,3,2,2.86,Merchant,Jewelry,Android,No,fraud
1087.79,17,1706,4,1,9.77,P2P,Jewelry,Android,No,fraud
694.52,3,4415,2,1,0.52,P2P,Fuel,iOS,No,fraud
1110.01,15,3466,2,0,4.06,P2P,Fuel,Android,No,safe
2219.75,16,3874,3,1,0.17,P2P,Fuel,Android,Yes,fraud
324.03,3,4283,4,0,0.17,P2P,Travel,Android,No,suspicious
508.02,13,2205,3,0,17.47,Merchant,Electronics,Unknown,No,fraud
2631.37,18,2405,5,0,1.39,P2P,Travel,Android,No,suspicious
500.68,6,3555,3,1,2.95,P2P,Travel,Android,No,suspicious
608.13,2,3857,2,0,3.39,P2P,Travel,Android,Yes,suspicious
213.12,10,1660,3,0,10.44,Merchant,Fuel,iOS,No,safe
2290.63,20,4397,3,2,6.26,BillPay,Fuel,Android,No,fraud
1733.44,21,1378,5,1,0.16,Merchant,Fuel,Android,No,fraud
370.9,1,3288,7,0,0.19,P2P,Groceries,Android,No,suspicious
2195.63,1,3548,1,0,7.16,Merchant,Jewelry,Android,No,suspicious
12668.35,6,1820,3,0,1.44,P2P,Travel,Android,Yes,suspicious
812.82,9,303,5,0,5.52,P2P,Jewelry,Android,No,suspicious
1160.57,11,4483,4,3,0.03,Merchant,Travel,Android,No,fraud
5464.32,23,1904,2,0,2.45,Merchant,Fuel,Android,Yes,suspicious
1141.65,7,3073,0,0,9.9,P2P,Electronics,Android,No,suspicious
2581.82,14,511,4,1,4.82,Merchant,Electronics,iOS,No,fraud
1952.41,7,1896,4,1,3.94,P2P,Electronics,Android,No,fraud
900.64,12,4068,5,1,3.27,P2P,Electronics,iOS,No,fraud
632.1,20,140,5,1,2.43,Merchant,Travel,Android,No,fraud
2827.36,13,3322,1,2,2.99,P2P,Electronics,Android,No,fraud
7213.75,13,3046,3,1,4.86,Merchant,Groceries,iOS,No,fraud
780.73,19,3370,3,1,1.03,Merchant,Fuel,Android,No,suspicious
3083.37,12,1655,6,1,6.24,P2P,Electronics,Android,No,fraud
1525.04,8,2918,2,0,0.3,P2P,Groceries,Android,No,suspicious
963.18,10,3335,3,0,1.43,P2P,Electronics,Android,No,suspicious
3193.4,23,4048,2,2,3.24,BillPay,Electronics,iOS,Yes,fraud
27300.34,16,3160,1,0,0.79,P2P,Travel,Android,Yes,suspicious
266.23,15,2975,1,1,2.67,P2P,Fuel,Android,No,suspicious
1851.51,18,3207,6,0,1.26,P2P,Electronics,Android,No,fraud
605.86,21,3023,4,0,1.28,P2P,Groceries,Android,Yes,suspicious
1076.03,1,746,3,0,21.14,P2P,Jewelry,Android,Yes,fraud
2394.14,11,3020,2,0,18.45,BillPay,Fuel,Android,No,suspicious
3723.97,21,2748,5,1,15.08,P2P,Fuel,Android,No,fraud
1248.42,10,3726,1,1,3.87,P2P,Jewelry,iOS,Yes,fraud
785.66,2,2546,2,0,2.1,P2P,Jewelry,Android,Yes,fraud
2611.53,5,4714,3,1,2.91,P2P,Jewelry,Android,No,fraud
16607.95,18,3261,4,0,8.5,Merchant,Travel,iOS,No,suspicious
854.26,15,2140,4,0,1.57,P2P,Groceries,Android,Yes,suspicious
1514.41,23,462,6,1,5.79,P2P,Electronics,Android,No,fraud
1393.31,23,1020,5,0,18.22,Merchant,Groceries,iOS,No,suspicious
121.0,23,4713,2,0,2.06,P2P,Travel,Android,No,safe
4289.42,19,1461,5,0,1.74,Merchant,Jewelry,Android,No,fraud
8715.59,6,2370,1,0,1.79,P2P,Jewelry,Android,Yes,fraud
1648.68,7,4208,3,0,6.4,Merchant,Electronics,Android,No,suspicious
10224.65,19,1076,7,0,3.99,P2P,Fuel,Android,No,suspicious
8689.79,14,4674,6,0,3.86,P2P,Fuel,iOS,No,suspicious
1161.76,20,3972,6,1,1.34,P2P,Travel,Android,Yes,fraud
1468.3,20,4982,2,0,8.1,Merchant,Fuel,iOS,No,suspicious
637.43,9,977,4,0,14.54,Merchant,Travel,Android,Yes,suspicious
7015.11,6,2055,2,0,1.9,Merchant,Groceries,iOS,No,suspicious
435.96,3,1114,4,0,3.8,P2P,Electronics,Android,No,suspicious
1391.63,0,4673,4,1,5.71,Merchant,Groceries,Android,No,fraud
10940.96,21,1011,4,1,0.07,P2P,Jewelry,Android,No,fraud
3953.66,6,534,6,2,2.49,Merchant,Electronics,Android,No,fraud
7226.26,19,345,4,1,0.1,Merchant,Groceries,Android,No,fraud
617.28,17,64,3,0,5.29,P2P,Fuel,Android,No,suspicious
8475.78,19,89,1,0,2.7,Merchant,Groceries,iOS,No,suspicious
1202.83,17,2282,3,0,3.2,P2P,Electronics,Android,Yes,suspicious
3527.02,8,4199,1,0,9.15,P2P,Electronics,Android,No,suspicious
1439.05,6,2986,4,0,2.38,P2P,Fuel,Android,No,suspicious
35484.82,8,2066,2,1,6.65,P2P,Groceries,Android,No,fraud
6177.36,17,2693,5,0,4.55,BillPay,Electronics,iOS,No,fraud
793.8,6,2373,6,0,2.18,P2P,Travel,Unknown,No,fraud
3907.87,1,2772,7,0,3.21,Merchant,Electronics,Android,No,fraud
1604.78,18,4926,3,1,5.01,P2P,Fuel,iOS,No,suspicious
968.66,5,3844,3,0,1.32,P2P,Groceries,Android,No,suspicious
954.2,4,73,4,1,4.05,P2P,Electronics,Android,No,fraud
2725.85,2,2341,5,0,0.14,P2P,Groceries,Android,No,suspicious
3989.03,21,2528,3,0,6.6,P2P,Electronics,Android,No,suspicious
10157.93,5,256,2,1,0.9,P2P,Travel,Android,Yes,fraud
425.48,18,2528,4,0,8.18,BillPay,Electronics,Android,No,suspicious
344.83,4,3381,2,0,0.67,BillPay,Travel,Android,No,suspicious
687.54,6,3694,2,0,1.58,P2P,Groceries,Android,No,safe
756.57,4,4740,2,2,18.62,P2P,Electronics,Android,Yes,fraud
2345.94,10,1734,4,1,4.82,Merchant,Electronics,Android,Yes,fraud
1682.98,14,1432,3,2,6.84,P2P,Jewelry,Android,No,fraud
4569.05,16,2533,2,0,3.77,P2P,Fuel,Android,No,suspicious
433.11,9,2330,3,0,5.1,P2P,Fuel,Android,No,safe
1077.3,11,2401,3,0,0.8,P2P,Groceries,Android,No,suspicious
2018.89,20,4908,2,1,6.16,Merchant,Groceries,iOS,No,suspicious
4096.39,11,3493,4,0,21.24,P2P,Travel,iOS,Yes,suspicious
349.63,21,1367,3,0,22.03,P2P,Electronics,Android,Yes,suspicious
442.4,14,4845,3,0,7.4,P2P,Groceries,Android,Yes,suspicious
3105.23,2,387,2,2,6.91,Merchant,Jewelry,iOS,No,fraud
3235.92,19,3820,2,1,9.92,Merchant,Fuel,Android,Yes,fraud
1734.32,17,2548,2,0,0.12,P2P,Travel,Android,No,suspicious
1775.57,17,4150,5,1,2.68,Merchant,Groceries,Android,No,fraud
1095.3,9,4691,2,0,0.12,P2P,Groceries,Android,No,safe
1885.68,7,3185,6,0,0.17,Merchant,Jewelry,Android,Yes,fraud
1205.16,1,3797,7,1,1.34,P2P,Jewelry,iOS,No,fraud
1021.34,15,1367,5,0,6.19,Merchant,Electronics,Android,Yes,fraud
1157.59,11,200,4,0,4.1,P2P,Travel,iOS,No,suspicious
2558.0,5,4861,3,0,0.41,P2P,Fuel,Android,No,suspicious
10393.71,19,718,1,2,0.42,P2P,Groceries,Android,No,fraud
1513.99,17,2054,2,2,1.66,P2P,Jewelry,iOS,No,fraud
1692.61,1,3691,3,0,5.3,P2P,Groceries,iOS,No,suspicious
945.5,8,3949,1,1,1.12,Merchant,Electronics,Android,Yes,fraud
411.15,21,752,0,0,20.34,P2P,Fuel,Android,No,safe
302.32,15,1501,3,0,0.17,Merchant,Travel,Android,No,safe
2076.74,23,1191,3,0,3.31,BillPay,Jewelry,Android,Yes,fraud
970.56,18,1262,1,0,2.38,Merchant,Fuel,iOS,No,safe
392.82,19,2749,1,1,1.77,P2P,Travel,Unknown,Yes,fraud
622.79,16,1586,3,0,1.38,BillPay,Electronics,iOS,No,suspicious
892.4,17,1731,4,0,2.77,P2P,Jewelry,iOS,No,suspicious
455.61,11,1328,1,2,1.25,P2P,Electronics,Android,Yes,fraud
4503.62,1,1979,3,1,1.04,BillPay,Travel,Android,No,fraud
409.72,16,1628,3,0,4.48,Merchant,Fuel,Android,No,safe
5839.23,23,405,6,0,4.21,Merchant,Fuel,Android,No,suspicious
142.76,8,1221,4,1,0.29,P2P,Electronics,Android,No,fraud
587.72,14,826,4,0,6.13,P2P,Travel,Android,No,suspicious
2191.12,6,1820,5,1,1.54,Merchant,Fuel,Android,No,fraud
697.58,11,1386,6,0,7.1,Merchant,Electronics,iOS,Yes,fraud
3683.82,19,2853,5,0,0.14,Merchant,Fuel,Android,No,suspicious
5000.51,7,4920,3,0,3.77,Merchant,Fuel,Android,No,suspicious
998.06,17,1686,4,0,3.13,P2P,Fuel,Android,No,suspicious
711.9,19,443,2,1,0.45,Merchant,Jewelry,Android,No,fraud
1665.78,6,2647,2,0,0.88,P2P,Jewelry,iOS,No,suspicious
3524.45,3,3043,2,1,1.37,P2P,Groceries,Android,No,fraud
3436.22,22,200,5,0,1.75,Merchant,Fuel,iOS,No,suspicious
1041.42,17,1929,4,0,1.27,Merchant,Electronics,iOS,Yes,fraud
1008.1,21,245,4,0,1.89,P2P,Electronics,Android,No,suspicious
9021.17,14,2535,1,1,4.71,P2P,Groceries,iOS,Yes,fraud
3343.41,13,1252,5,0,0.29,Merchant,Jewelry,Unknown,No,fraud
11595.21,7,3568,3,0,0.24,P2P,Travel,Android,No,suspicious
1061.78,14,3581,2,0,4.43,Merchant,Groceries,iOS,No,safe
708.33,21,383,5,1,3.14,P2P,Electronics,Android,No,fraud
380.61,0,3467,2,0,2.02,P2P,Jewelry,Android,No,suspicious
1612.8,23,1945,2,1,5.51,Merchant,Jewelry,Android,Yes,fraud
310.77,10,4417,4,0,0.67,P2P,Jewelry,Android,Yes,suspicious
3050.58,2,4606,4,0,0.13,P2P,Electronics,Android,No,fraud
4997.44,17,2618,1,0,8.51,P2P,Groceries,Android,No,suspicious
1183.15,18,1889,1,1,9.8,Merchant,Groceries,Android,No,suspicious
1287.55,19,2702,3,1,2.01,P2P,Jewelry,Android,Yes,fraud
698.87,17,814,2,1,2.95,BillPay,Jewelry,Android,No,fraud
873.46,4,3696,1,0,3.91,P2P,Travel,Android,No,suspicious
988.14,10,2985,4,2,3.61,Merchant,Fuel,iOS,No,fraud
1864.39,6,532,3,0,2.92,Merchant,Travel,iOS,No,suspicious
786.93,15,630,3,0,2.28,Merchant,Electronics,iOS,Yes,suspicious
2066.86,8,4156,2,0,4.34,Merchant,Jewelry,Android,No,suspicious
2260.11,13,642,2,0,5.33,P2P,Jewelry,Android,Yes,suspicious
3305.21,15,4538,3,2,2.24,P2P,Fuel,Android,Yes,fraud
5707.97,12,2039,3,2,5.1,Merchant,Jewelry,iOS,Yes,fraud
1337.43,2,2787,1,0,2.13,P2P,Travel,Android,Yes,suspicious
1057.69,21,419,5,0,1.46,Merchant,Travel,Android,Yes,suspicious
1839.64,20,3331,3,0,8.68,P2P,Jewelry,Android,No,suspicious
2464.23,13,997,1,1,11.92,P2P,Travel,Android,No,suspicious
4675.3,18,2751,2,1,1.17,P2P,Jewelry,Unknown,Yes,fraud
1279.22,6,3974,1,0,7.02,P2P,Groceries,Android,No,safe
481.85,3,4339,4,0,2.5,P2P,Fuel,Android,Yes,suspicious
936.9,0,3356,0,1,0.08,Merchant,Groceries,iOS,Yes,fraud
9906.44,16,1604,3,2,8.44,Merchant,Groceries,Android,Yes,fraud
5274.62,12,3483,7,0,4.06,P2P,Fuel,iOS,Yes,fraud
1563.08,17,4994,0,0,1.27,P2P,Jewelry,iOS,No,suspicious
666.7,10,684,1,0,2.2,P2P,Fuel,Android,No,safe
1009.23,7,1613,2,0,10.11,Merchant,Fuel,iOS,Yes,suspicious
540.84,14,3931,3,1,16.79,P2P,Electronics,iOS,No,fraud
1200.25,13,4527,2,1,4.06,Merchant,Travel,Android,Yes,fraud
3017.76,10,2547,4,0,0.28,BillPay,Electronics,iOS,Yes,fraud
383.28,2,4457,2,1,1.54,BillPay,Jewelry,Android,No,fraud
921.66,0,4021,1,0,3.83,P2P,Fuel,iOS,Yes,suspicious
771.4,10,553,2,0,5.45,P2P,Groceries,iOS,Yes,suspicious
1692.71,21,637,1,1,4.98,Merchant,Travel,Android,Yes,fraud
1667.94,5,4793,4,1,1.65,P2P,Fuel,Android,No,fraud
1262.81,9,1507,7,0,1.63,P2P,Jewelry,Android,No,fraud
859.59,19,4709,3,0,5.27,P2P,Groceries,Android,No,suspicious
5707.32,1,4735,4,0,14.31,Merchant,Travel,Android,No,suspicious
1580.17,13,2122,5,0,1.77,P2P,Jewelry,Android,Yes,fraud
3968.69,13,1756,3,0,0.74,Merchant,Electronics,Android,Yes,fraud
964.88,17,2306,4,0,0.59,BillPay,Electronics,iOS,No,suspicious
487.35,4,2044,2,0,4.65,P2P,Electronics,Android,No,suspicious
815.03,11,4,3,0,5.41,P2P,Fuel,Android,No,suspicious
887.46,17,867,4,0,11.37,P2P,Fuel,Android,No,suspicious
894.28,0,3294,6,0,2.18,P2P,Groceries,Android,No,suspicious
896.62,12,886,0,1,3.87,P2P,Electronics,Android,Yes,fraud
1124.92,15,1418,3,1,5.33,P2P,Electronics,iOS,No,fraud
2899.78,10,2469,4,2,1.19,P2P,Electronics,Unknown,No,fraud
117.83,23,1610,1,0,7.27,P2P,Jewelry,iOS,No,safe
1023.03,1,2201,0,1,1.82,Merchant,Fuel,Android,No,suspicious
2580.93,22,493,6,1,0.61,P2P,Groceries,iOS,No,fraud
3403.27,12,1295,2,0,5.78,P2P,Groceries,Android,No,suspicious
381.82,21,3663,3,0,0.69,P2P,Electronics,Android,No,suspicious
1157.57,22,2129,2,0,1.97,BillPay,Jewelry,Android,Yes,suspicious
2438.49,7,606,0,0,2.27,P2P,Jewelry,Android,No,suspicious
614.05,1,4015,4,0,1.4,P2P,Groceries,iOS,No,suspicious
818.19,21,3292,5,0,2.69,BillPay,Groceries,Android,No,suspicious
567.48,13,3968,1,0,2.79,Merchant,Jewelry,Android,No,suspicious
617.62,12,2692,4,1,3.08,Merchant,Groceries,Android,No,suspicious
725.73,4,1592,3,0,3.42,P2P,Travel,Android,No,suspicious
753.99,0,1837,3,2,0.83,P2P,Jewelry,Android,No,fraud
1323.18,16,637,2,0,4.47,P2P,Electronics,Android,No,suspicious
6220.28,19,2585,8,0,0.43,P2P,Electronics,iOS,Yes,fraud
1441.35,7,3918,2,1,0.24,P2P,Jewelry,Android,No,fraud
2714.17,10,3635,4,1,1.34,P2P,Groceries,iOS,No,fraud
602.99,10,3398,2,1,5.85,BillPay,Jewelry,Android,Yes,fraud
3062.16,15,1282,5,0,3.05,P2P,Electronics,Android,No,suspicious
3792.32,20,1498,5,0,1.88,Merchant,Electronics,Android,Yes,fraud
1338.57,14,4275,3,0,0.84,P2P,Electronics,iOS,No,suspicious
992.08,4,3831,1,1,11.53,P2P,Groceries,Android,Yes,fraud
1298.72,15,1957,2,1,0.29,BillPay,Jewelry,Android,No,fraud
782.87,3,3656,2,0,7.1,Merchant,Travel,Android,No,suspicious
549.15,9,3430,2,2,6.37,P2P,Electronics,Android,Yes,fraud
866.48,2,3825,3,0,0.65,Merchant,Travel,iOS,Yes,suspicious
3716.56,6,4782,2,0,2.21,P2P,Electronics,Android,No,suspicious
2176.68,4,2818,3,0,1.18,P2P,Jewelry,iOS,Yes,fraud
424.28,14,4790,3,1,0.92,P2P,Electronics,iOS,Yes,fraud
226.1,9,4467,2,0,1.97,P2P,Groceries,Android,Yes,suspicious
4022.26,23,720,5,1,0.43,P2P,Travel,iOS,No,fraud
549.51,1,4604,5,0,2.59,P2P,Fuel,Android,No,suspicious
978.58,19,4654,2,1,8.49,P2P,Groceries,Android,Yes,fraud
1294.63,4,3095,3,2,3.21,P2P,Jewelry,Android,No,fraud
679.72,11,3388,2,1,2.7,Merchant,Fuel,iOS,No,suspicious
1586.39,11,377,3,1,5.63,P2P,Groceries,iOS,No,suspicious
1117.51,16,2441,6,0,0.31,Merchant,Jewelry,iOS,No,suspicious
4798.25,0,1779,2,0,32.16,BillPay,Jewelry,Android,No,fraud
1923.11,7,850,4,0,5.36,P2P,Groceries,Android,Yes,suspicious
452.87,21,1402,3,0,2.13,P2P,Travel,Android,Yes,suspicious
1254.43,14,1088,3,0,10.34,Merchant,Groceries,iOS,Yes,suspicious
1547.12,16,4446,2,0,2.9,Merchant,Fuel,iOS,Yes,suspicious
769.49,0,1709,0,0,1.91,Merchant,Electronics,Android,Yes,suspicious
1202.27,18,2622,1,0,2.58,P2P,Electronics,Android,No,suspicious
552.22,13,4953,6,0,3.49,P2P,Fuel,iOS,No,suspicious
833.03,17,3433,7,0,4.88,P2P,Electronics,Android,No,fraud
296.12,17,1181,3,0,3.37,Merchant,Fuel,Android,No,safe
9381.46,20,4381,5,0,4.51,Merchant,Jewelry,Unknown,No,fraud
2188.48,18,3494,5,1,0.87,P2P,Groceries,iOS,Yes,fraud
2735.06,16,4941,3,0,2.1,BillPay,Fuel,Android,Yes,suspicious
4537.07,1,4782,0,0,2.55,P2P,Jewelry,Unknown,Yes,fraud
626.38,11,4760,2,0,1.47,P2P,Jewelry,Android,No,suspicious
1591.79,4,2674,3,1,0.48,Merchant,Travel,Android,No,fraud
7220.23,18,3567,3,0,7.54,Merchant,Jewelry,Android,Yes,fraud
4839.18,6,2185,2,1,5.5,P2P,Fuel,Android,No,suspicious
469.76,14,1760,1,0,15.43,Merchant,Groceries,Android,No,safe
1331.91,17,4548,4,0,6.28,P2P,Groceries,iOS,No,suspicious
607.57,22,1487,4,0,9.36,P2P,Groceries,Android,No,suspicious
3138.16,5,1077,5,0,17.5,P2P,Jewelry,Android,No,suspicious
1062.5,12,324,3,1,1.16,Merchant,Electronics,Android,No,fraud
1101.82,15,1660,5,1,0.61,BillPay,Fuel,Android,Yes,fraud
1559.17,20,110,5,0,1.29,Merchant,Electronics,iOS,No,suspicious
12845.49,1,1296,1,0,10.12,P2P,Fuel,iOS,No,suspicious
1852.29,1,3115,3,0,2.38,BillPay,Groceries,iOS,No,suspicious
2614.89,17,3818,5,0,0.15,P2P,Travel,Android,No,suspicious
877.31,9,1249,3,0,0.65,Merchant,Fuel,iOS,No,suspicious
2374.75,9,187,2,2,0.8,Merchant,Electronics,Unknown,No,fraud
1475.23,13,85,3,0,1.97,Merchant,Fuel,Android,No,suspicious
363.89,15,2074,1,0,1.95,P2P,Fuel,Android,No,safe
2844.81,18,2583,3,1,4.7,P2P,Fuel,Android,Yes,fraud
149.86,14,814,2,0,4.69,Merchant,Fuel,Android,No,safe
1023.34,19,3460,4,0,1.33,P2P,Groceries,Android,No,suspicious
2344.29,7,4545,3,0,6.03,Merchant,Fuel,Android,Yes,suspicious
4331.75,13,460,3,0,11.85,BillPay,Groceries,Android,No,suspicious
1000.29,18,3255,3,0,11.69,P2P,Electronics,Android,No,suspicious
812.73,5,1187,2,1,9.19,Merchant,Groceries,iOS,No,suspicious
937.5,16,122,7,1,12.22,Merchant,Travel,Unknown,No,fraud
2017.59,14,3035,3,0,5.23,P2P,Travel,Android,Yes,suspicious
429.85,16,3224,4,0,1.36,Merchant,Travel,Android,Yes,suspicious
1687.6,21,2759,4,0,0.67,P2P,Jewelry,Android,No,suspicious
1679.42,16,4604,1,0,0.28,Merchant,Fuel,Android,Yes,suspicious
538.37,3,64,1,1,3.65,BillPay,Fuel,Android,Yes,fraud
1704.33,5,3811,3,0,5.17,P2P,Groceries,iOS,No,suspicious
11612.5,5,3008,4,2,3.34,Merchant,Groceries,Android,Yes,fraud
938.92,21,780,2,0,7.49,Merchant,Groceries,Android,No,safe
1221.93,2,1975,6,0,0.19,P2P,Groceries,iOS,Yes,fraud
4781.49,0,1395,2,0,1.92,BillPay,Electronics,Unknown,No,fraud
2608.28,4,99,5,0,1.41,P2P,Fuel,iOS,No,suspicious
4225.16,1,114,4,1,1.39,Merchant,Groceries,Android,No,fraud
4716.06,0,2277,1,1,5.51,Merchant,Jewelry,iOS,No,fraud
11337.39,10,4163,3,0,1.64,P2P,Travel,Android,No,suspicious
3709.92,9,4954,1,0,1.13,Merchant,Fuel,iOS,No,suspicious
525.51,10,802,2,1,10.98,P2P,Groceries,Android,No,suspicious
831.37,9,2635,2,0,14.81,P2P,Travel,Android,Yes,suspicious
2079.45,15,3687,7,0,5.36,P2P,Fuel,Android,No,suspicious
3201.39,20,1124,2,0,0.72,P2P,Travel,Android,No,suspicious
4998.2,2,3898,9,0,5.33,P2P,Groceries,iOS,No,fraud
1013.58,14,119,3,1,5.37,P2P,Travel,Android,No,suspicious
681.56,9,227,4,2,4.16,Merchant,Groceries,iOS,Yes,fraud
2814.17,22,1668,3,0,5.09,P2P,Groceries,Android,No,suspicious
2746.87,8,2703,4,0,8.71,P2P,Travel,Android,Yes,suspicious
707.33,12,2669,4,0,4.89,Merchant,Jewelry,Android,Yes,suspicious
599.41,8,2018,1,0,4.84,P2P,Groceries,Unknown,No,suspicious
2540.36,4,1027,8,0,5.84,Merchant,Groceries,Android,No,fraud
1319.23,16,3835,1,3,2.72,P2P,Fuel,Android,No,fraud
430.37,21,3865,2,0,23.11,P2P,Travel,Android,No,safe
1543.85,14,953,3,0,6.21,P2P,Electronics,iOS,Yes,fraud
772.23,7,3040,6,0,10.86,P2P,Groceries,Android,Yes,suspicious
272.08,0,3552,3,2,4.27,P2P,Jewelry,Android,No,fraud
2457.87,23,1107,2,0,1.47,P2P,Groceries,Android,Yes,suspicious
394.55,11,3102,3,0,0.78,P2P,Jewelry,iOS,No,suspicious
1492.63,7,261,1,0,3.26,P2P,Fuel,Android,No,safe
602.82,23,36,2,0,0.16,Merchant,Fuel,Android,No,suspicious
930.04,17,161,2,1,6.15,P2P,Jewelry,Android,No,fraud
701.37,17,4761,4,0,5.03,P2P,Groceries,iOS,Yes,suspicious
10213.43,18,4569,2,0,0.09,P2P,Groceries,Unknown,No,suspicious
5723.2,23,2347,8,0,5.8,Merchant,Electronics,iOS,Yes,fraud
1123.68,13,4029,1,1,5.45,P2P,Fuel,iOS,No,suspicious
522.69,21,643,2,0,2.87,P2P,Jewelry,Android,Yes,suspicious
1345.62,12,4630,3,1,9.94,P2P,Travel,Android,No,suspicious
1555.83,21,1570,1,1,1.26,P2P,Jewelry,Android,No,fraud
393.56,19,1155,2,0,0.64,P2P,Fuel,Android,Yes,suspicious
155.95,7,1480,4,0,2.34,P2P,Electronics,Unknown,No,suspicious
1434.75,21,551,7,1,9.6,Merchant,Jewelry,iOS,No,fraud
959.98,21,2161,1,0,2.08,Merchant,Groceries,iOS,No,safe
897.54,9,4211,1,0,12.01,P2P,Electronics,Android,No,suspicious
1936.53,20,2806,5,0,0.08,Merchant,Fuel,iOS,No,suspicious
331.66,18,1579,3,1,10.3,P2P,Groceries,Android,No,suspicious
203.96,20,3239,5,0,2.94,P2P,Electronics,iOS,Yes,suspicious
1078.55,17,1266,1,0,1.17,Merchant,Travel,Android,Yes,suspicious
6892.36,3,653,4,2,9.53,Merchant,Jewelry,Unknown,No,fraud
1535.68,14,3572,2,0,5.0,BillPay,Travel,Android,No,suspicious
4568.71,11,4073,4,0,1.79,P2P,Travel,Android,No,suspicious
666.59,3,4818,1,0,12.43,P2P,Travel,iOS,No,suspicious
1021.43,17,248,5,0,1.92,P2P,Jewelry,Android,No,suspicious
1355.33,11,2746,2,1,1.85,Merchant,Travel,Android,No,suspicious
3688.08,18,3770,5,0,6.58,Merchant,Fuel,Android,Yes,suspicious
541.47,7,4516,1,0,3.84,P2P,Electronics,Android,Yes,suspicious
4122.73,18,4833,4,0,2.61,P2P,Fuel,Android,No,suspicious
14907.29,1,2125,2,0,0.73,P2P,Fuel,Android,Yes,fraud
2274.48,7,3968,4,0,2.0,P2P,Fuel,Android,No,suspicious
2026.33,20,4728,2,0,7.05,Merchant,Jewelry,Android,No,suspicious
1172.58,22,863,1,1,3.93,P2P,Jewelry,iOS,Yes,fraud
2158.95,12,3319,0,0,0.72,P2P,Jewelry,Android,No,suspicious
22751.4,9,2608,7,0,5.19,P2P,Fuel,Android,No,fraud
4282.73,12,3248,3,1,9.62,Merchant,Travel,Android,No,fraud
2013.85,16,4253,4,2,9.95,BillPay,Fuel,Android,No,fraud
1547.59,5,1485,1,1,2.78,Merchant,Fuel,Android,No,suspicious
4511.43,23,4265,1,0,5.97,P2P,Groceries,Unknown,No,suspicious
874.53,17,3398,1,0,3.15,Merchant,Jewelry,Android,No,suspicious
574.26,11,528,4,0,3.07,P2P,Groceries,iOS,No,suspicious
1950.04,3,3437,3,1,10.11,Merchant,Electronics,Android,No,fraud
9902.19,8,1784,1,0,2.55,P2P,Electronics,iOS,No,suspicious
4263.47,4,3612,5,0,4.29,Merchant,Electronics,Android,Yes,fraud
1661.87,11,236,5,1,1.26,Merchant,Jewelry,Android,No,fraud
232.27,2,1466,2,0,3.78,Merchant,Fuel,Android,Yes,suspicious
2693.75,3,2712,5,1,8.64,P2P,Travel,Android,No,fraud
411.33,23,3672,4,0,7.65,BillPay,Travel,Android,Yes,suspicious
3201.17,9,3895,2,1,1.63,P2P,Travel,Android,Yes,fraud
339.97,15,1914,0,0,0.49,P2P,Electronics,Android,No,safe
5051.04,4,1897,1,0,0.96,P2P,Fuel,Android,No,suspicious
130.03,13,424,2,0,2.41,Merchant,Travel,iOS,Yes,suspicious
546.04,12,332,3,0,1.2,Merchant,Electronics,Android,Yes,suspicious
4137.47,0,398,2,0,6.7,P2P,Electronics,Android,Yes,fraud
980.67,3,381,5,0,6.66,BillPay,Groceries,Android,No,suspicious
1445.59,3,4451,1,0,0.71,Merchant,Fuel,Android,No,suspicious
671.61,6,3032,5,0,5.46,P2P,Travel,Android,No,suspicious
177.61,17,4460,3,1,5.7,P2P,Electronics,Android,Yes,fraud
157.11,8,1467,3,0,1.3,P2P,Fuel,Android,No,safe
1346.83,1,1086,1,0,1.21,BillPay,Jewelry,Android,Yes,fraud
1597.9,13,924,2,0,8.91,P2P,Groceries,Android,No,suspicious
2706.02,17,4524,5,0,5.33,Merchant,Jewelry,Android,Yes,fraud
859.61,5,2066,5,0,0.72,P2P,Jewelry,Unknown,Yes,fraud
1919.88,18,1395,2,0,13.59,P2P,Travel,Unknown,No,suspicious
1057.05,3,2425,5,0,0.18,P2P,Fuel,Android,Yes,fraud
1774.51,9,4042,2,1,2.58,P2P,Fuel,iOS,No,suspicious
1013.59,19,1956,2,0,1.98,P2P,Groceries,iOS,No,safe
3235.55,19,775,1,1,11.55,P2P,Jewelry,iOS,Yes,fraud
607.92,6,1777,0,1,24.31,P2P,Travel,iOS,Yes,suspicious
1512.03,12,1349,3,1,1.3,Merchant,Groceries,iOS,No,suspicious
1150.45,9,3253,3,1,0.22,P2P,Travel,Android,No,suspicious
3580.86,23,2917,3,0,3.48,Merchant,Electronics,Android,Yes,fraud
3125.02,12,4607,0,0,1.66,P2P,Fuel,Android,Yes,suspicious
2414.29,22,1618,6,0,0.3,P2P,Fuel,iOS,No,suspicious
1034.18,5,3928,4,0,5.97,Merchant,Fuel,Android,No,suspicious
414.53,6,638,3,2,2.97,BillPay,Jewelry,Android,No,fraud
3287.57,19,2461,2,1,9.82,BillPay,Jewelry,Android,Yes,fraud
1457.93,6,2915,4,0,4.06,BillPay,Groceries,iOS,No,suspicious
3905.21,11,718,2,0,9.47,BillPay,Groceries,iOS,Yes,suspicious
3008.63,13,1946,0,0,9.42,P2P,Groceries,Android,Yes,suspicious
1698.63,5,1535,5,0,4.12,P2P,Groceries,Android,No,suspicious
3180.21,1,2425,1,0,0.14,P2P,Fuel,iOS,Yes,suspicious
818.64,6,322,8,0,5.44,P2P,Jewelry,Android,No,fraud
1139.53,9,2589,0,0,5.12,P2P,Jewelry,Unknown,Yes,fraud
13130.07,20,3455,0,0,12.03,P2P,Fuel,Android,No,suspicious
548.86,4,4251,4,1,4.7,Merchant,Travel,Android,Yes,fraud
734.85,7,4481,4,0,7.87,P2P,Groceries,Android,No,suspicious
569.58,2,4920,2,1,2.49,P2P,Travel,Android,No,suspicious
4580.01,13,4877,4,0,1.29,P2P,Electronics,Android,No,suspicious
1856.16,17,2020,2,0,10.65,Merchant,Groceries,iOS,No,suspicious
6369.64,9,2450,5,2,4.39,BillPay,Jewelry,Unknown,No,fraud
834.23,11,2085,1,1,1.11,P2P,Fuel,Android,Yes,suspicious
5360.08,13,3963,4,0,2.29,Merchant,Travel,Android,No,suspicious
2511.95,19,2548,2,1,1.43,Merchant,Groceries,iOS,Yes,fraud
895.32,22,3657,3,0,0.95,Merchant,Electronics,iOS,No,suspicious
1302.59,17,338,1,0,1.6,P2P,Groceries,Android,No,safe
3881.86,19,2584,0,0,4.67,Merchant,Groceries,Unknown,No,suspicious
278.93,22,4271,1,0,7.55,P2P,Electronics,Unknown,Yes,fraud
7503.49,0,2479,3,1,7.8,P2P,Travel,Android,Yes,fraud
725.59,21,85,1,0,0.21,P2P,Fuel,iOS,No,suspicious
253.02,11,2374,3,1,11.33,P2P,Fuel,Android,No,suspicious
658.73,11,3187,3,1,1.49,BillPay,Travel,Android,No,suspicious
261.46,0,467,3,1,2.83,P2P,Fuel,iOS,No,suspicious
7445.86,8,755,4,0,0.57,P2P,Groceries,iOS,No,suspicious
4251.99,22,4357,1,0,0.12,Merchant,Jewelry,Android,No,suspicious
767.89,19,3927,3,2,0.23,Merchant,Fuel,iOS,No,fraud
4475.14,13,1691,7,0,23.28,Merchant,Travel,Android,No,suspicious
2454.86,12,3910,6,0,0.51,P2P,Groceries,Android,No,suspicious
517.49,17,1823,7,0,18.42,P2P,Fuel,Android,No,suspicious
1558.12,15,3586,7,0,6.77,P2P,Travel,iOS,Yes,fraud
4066.01,21,1562,4,0,5.46,P2P,Fuel,iOS,No,suspicious
856.16,5,3280,4,1,0.45,BillPay,Jewelry,Android,Yes,fraud
2131.29,15,3893,4,0,1.78,P2P,Groceries,Android,No,suspicious
2285.77,3,3621,3,0,3.74,P2P,Groceries,Android,Yes,fraud
836.63,2,1317,3,0,0.87,P2P,Groceries,Android,No,suspicious
994.94,12,3145,6,1,9.88,Merchant,Groceries,Android,No,fraud
1406.31,3,4045,1,0,0.67,P2P,Travel,Android,No,suspicious
295.84,19,2695,2,0,2.56,P2P,Travel,iOS,No,safe
2193.1,16,4950,6,1,1.24,Merchant,Jewelry,iOS,Yes,fraud
1203.45,23,1130,3,0,4.32,Merchant,Electronics,iOS,No,suspicious
217.6,23,364,2,0,5.25,P2P,Fuel,Android,No,safe
3614.51,23,4936,4,0,1.2,Merchant,Groceries,iOS,Yes,suspicious
1269.43,12,2217,1,0,2.52,Merchant,Jewelry,iOS,Yes,suspicious
365.34,23,3659,0,1,0.53,P2P,Fuel,Android,No,suspicious
748.0,10,4971,6,0,2.6,Merchant,Fuel,Android,Yes,suspicious
1793.73,19,1646,4,0,5.44,P2P,Electronics,iOS,No,suspicious
5272.18,16,1861,1,2,0.48,P2P,Fuel,Android,No,fraud
1181.32,0,47,2,1,1.75,P2P,Travel,Android,No,fraud
1424.37,21,2499,0,1,8.19,Merchant,Groceries,Android,Yes,suspicious
979.92,8,2560,3,0,8.42,P2P,Jewelry,Android,No,suspicious
330.92,1,3369,1,0,2.39,Merchant,Fuel,Android,No,suspicious
1635.47,0,433,3,1,11.31,P2P,Jewelry,iOS,No,fraud
4261.19,11,2482,2,0,2.23,BillPay,Jewelry,Android,No,suspicious
1534.28,23,2765,6,1,1.46,Merchant,Travel,Android,No,fraud
6174.39,8,3344,3,1,0.31,Merchant,Travel,iOS,No,fraud
12745.99,0,2621,1,0,2.77,Merchant,Fuel,Android,No,suspicious
641.3,15,2428,2,0,0.72,Merchant,Jewelry,Android,Yes,suspicious
1606.58,21,2686,1,0,6.44,P2P,Groceries,Android,Yes,suspicious
8754.97,16,4898,2,0,3.03,P2P,Electronics,iOS,No,suspicious
1832.65,15,729,4,0,6.84,BillPay,Electronics,iOS,Yes,fraud
894.41,21,1713,1,1,2.47,Merchant,Jewelry,Android,No,fraud
462.68,5,1978,4,0,4.68,BillPay,Travel,Android,No,suspicious
1475.49,18,1618,1,0,3.0,Merchant,Electronics,Android,No,suspicious
1976.99,3,4065,5,0,1.15,P2P,Jewelry,Android,No,fraud
2108.52,18,4052,6,0,3.62,P2P,Travel,Unknown,No,fraud
11424.65,4,3014,4,0,5.46,P2P,Electronics,Android,Yes,fraud
2303.85,21,2092,1,0,2.77,P2P,Electronics,iOS,No,suspicious
5129.8,5,2821,2,0,7.12,P2P,Electronics,iOS,No,suspicious
205.51,5,3573,5,0,13.25,Merchant,Travel,Android,Yes,suspicious
6931.04,13,3214,2,1,1.98,P2P,Fuel,Android,Yes,fraud
594.28,2,925,6,0,4.88,Merchant,Jewelry,Android,No,fraud
6532.42,7,4497,6,1,3.4,Merchant,Fuel,iOS,Yes,fraud
349.0,18,2522,3,1,0.55,Merchant,Jewelry,Android,No,fraud
1656.72,21,4232,4,1,5.06,BillPay,Travel,Android,Yes,fraud
4578.75,21,4593,1,0,4.8,P2P,Groceries,Android,No,suspicious
1377.91,17,799,1,0,18.39,P2P,Fuel,iOS,Yes,suspicious
4295.51,20,115,4,1,13.81,P2P,Groceries,Android,No,fraud
4783.74,17,3659,3,1,1.33,P2P,Electronics,Android,No,fraud
4340.84,21,4547,2,0,3.01,P2P,Travel,Android,No,suspicious
2075.03,14,4689,1,0,1.24,Merchant,Fuel,Android,Yes,suspicious
719.05,13,3354,4,1,12.7,Merchant,Fuel,Android,Yes,fraud
12237.62,15,900,2,0,1.27,Merchant,Groceries,iOS,No,suspicious
716.59,16,1708,3,1,6.1,P2P,Groceries,Android,Yes,fraud
3815.71,22,398,3,1,0.17,BillPay,Travel,iOS,No,fraud
498.08,13,4990,3,0,3.79,P2P,Fuel,Android,No,safe
1541.44,17,40,3,0,1.86,BillPay,Electronics,Android,No,fraud
622.05,0,3474,3,0,0.62,P2P,Fuel,Android,No,suspicious
367.41,5,3916,2,1,6.73,Merchant,Electronics,Android,No,suspicious
3540.14,17,855,1,0,11.49,P2P,Travel,Android,Yes,suspicious
3262.16,23,3971,2,0,3.27,Merchant,Fuel,Android,No,suspicious
2466.08,13,855,7,1,9.56,Merchant,Groceries,iOS,No,fraud
821.24,0,3810,2,0,5.04,BillPay,Jewelry,Android,No,suspicious
295.72,19,4926,3,1,11.91,Merchant,Groceries,Android,No,suspicious
10903.0,20,932,6,1,0.49,P2P,Electronics,iOS,No,fraud
1580.4,18,1117,4,0,24.14,Merchant,Travel,Unknown,Yes,fraud
1379.69,5,4295,0,0,18.5,P2P,Electronics,Android,Yes,suspicious
1403.52,20,342,2,0,3.32,P2P,Travel,Android,Yes,suspicious
2677.0,18,1003,1,0,1.27,P2P,Groceries,Unknown,No,suspicious
302.12,18,2560,4,0,1.91,P2P,Groceries,iOS,Yes,suspicious
326.5,16,3908,3,1,0.6,Merchant,Travel,Android,Yes,fraud
3217.49,2,3239,4,0,0.94,P2P,Jewelry,Android,No,fraud
1367.51,22,1029,2,0,3.13,Merchant,Groceries,iOS,No,suspicious
1496.37,19,3236,3,0,5.84,P2P,Fuel,Android,No,suspicious
2788.36,16,2775,1,0,6.87,P2P,Jewelry,Android,No,suspicious
796.33,7,3674,6,0,11.02,BillPay,Jewelry,Android,No,suspicious
1225.94,16,881,2,0,0.98,P2P,Electronics,iOS,No,suspicious
3913.37,19,4421,4,0,4.11,P2P,Jewelry,iOS,No,suspicious
856.99,2,2097,7,0,6.18,P2P,Electronics,iOS,Yes,fraud
11536.36,3,2965,3,0,0.01,P2P,Groceries,iOS,No,suspicious
5851.42,19,1903,8,0,0.68,BillPay,Jewelry,Android,No,fraud
252.19,9,129,5,1,2.43,P2P,Groceries,Unknown,No,fraud
1113.18,17,3740,1,0,9.98,P2P,Groceries,Android,No,safe
1819.71,13,1950,3,0,3.48,P2P,Fuel,Android,No,suspicious
918.95,10,3237,2,0,0.17,P2P,Jewelry,Android,Yes,suspicious
594.17,20,3418,1,1,12.77,P2P,Fuel,iOS,No,suspicious
1347.89,10,774,4,2,10.34,P2P,Groceries,Android,No,fraud
1949.42,4,1366,5,0,0.27,P2P,Travel,Android,No,suspicious
1102.08,22,2022,1,0,0.63,P2P,Jewelry,Android,Yes,suspicious
1357.1,22,993,2,1,5.93,BillPay,Jewelry,Android,Yes,fraud
5010.27,12,2317,4,0,2.42,P2P,Jewelry,Android,No,suspicious
4859.78,13,4645,0,0,3.64,P2P,Fuel,Android,No,safe
2941.56,23,1522,4,0,1.33,P2P,Groceries,iOS,No,suspicious
199.39,17,825,2,0,7.98,P2P,Jewelry,Android,No,suspicious
1779.51,22,957,4,1,14.3,Merchant,Groceries,Android,No,fraud
135.26,18,3857,3,1,4.65,BillPay,Jewelry,Android,No,suspicious
1286.06,0,1997,3,0,2.95,Merchant,Travel,Android,Yes,suspicious
278.36,15,1801,4,0,8.31,Merchant,Fuel,iOS,No,safe
2071.74,15,3656,4,1,0.75,P2P,Groceries,iOS,Yes,fraud
3914.02,2,2622,1,0,3.44,Merchant,Fuel,Android,No,suspicious
5384.4,4,753,5,0,4.02,Merchant,Jewelry,iOS,No,fraud
10604.85,3,479,8,0,0.2,P2P,Fuel,Android,No,fraud
2626.5,11,3298,1,0,6.75,P2P,Electronics,Android,Yes,suspicious
5148.4,10,3885,1,0,4.33,Merchant,Jewelry,Android,Yes,suspicious
3756.38,19,2334,2,0,3.43,P2P,Fuel,Android,No,suspicious
4256.89,4,2317,3,2,3.67,P2P,Jewelry,iOS,Yes,fraud
1987.92,1,4675,3,0,5.65,Merchant,Groceries,Android,Yes,suspicious
1523.67,9,1724,0,0,7.07,Merchant,Travel,Android,No,safe
968.31,1,688,6,0,4.15,P2P,Fuel,Android,No,suspicious
3081.98,3,2987,2,1,9.79,Merchant,Jewelry,Android,No,fraud
1704.32,20,4869,1,1,0.53,P2P,Jewelry,Android,No,fraud
4439.56,17,17,3,0,8.55,P2P,Electronics,iOS,Yes,fraud
3666.7,14,4086,5,1,3.33,Merchant,Travel,Android,No,fraud
8923.61,12,2356,2,0,26.06,Merchant,Electronics,Unknown,Yes,fraud
5126.65,19,2007,2,0,6.58,Merchant,Groceries,Android,No,suspicious
179.26,17,2554,4,1,2.42,P2P,Electronics,iOS,No,fraud
2572.82,22,1266,1,0,7.86,Merchant,Travel,Android,No,safe
849.99,8,3526,4,0,5.14,P2P,Jewelry,Android,No,suspicious
5234.37,10,3969,1,0,10.16,P2P,Groceries,Android,Yes,suspicious
5451.13,2,657,1,0,9.1,P2P,Electronics,Android,No,suspicious
4179.37,22,356,5,1,2.92,Merchant,Electronics,Android,Yes,fraud
1813.62,15,4512,4,0,0.61,Merchant,Electronics,iOS,No,suspicious
26065.65,20,3412,3,0,0.13,Merchant,Electronics,Android,No,fraud
851.11,4,1664,4,0,4.7,P2P,Jewelry,iOS,No,fraud
2889.92,5,4815,2,0,2.21,P2P,Jewelry,Android,Yes,suspicious
197.41,17,599,3,0,0.6,BillPay,Travel,Unknown,Yes,suspicious
988.66,16,2969,3,1,0.85,P2P,Fuel,Android,No,suspicious
5368.98,6,3386,4,1,1.64,P2P,Groceries,Android,Yes,fraud
3261.93,1,4182,6,0,5.29,P2P,Electronics,iOS,No,fraud
976.41,2,1992,1,0,1.5,P2P,Fuel,Android,No,suspicious
1085.16,19,577,5,0,1.42,P2P,Groceries,Android,Yes,suspicious
614.43,16,3739,4,0,2.32,BillPay,Travel,Android,No,suspicious
3397.39,18,4303,4,2,0.35,P2P,Travel,iOS,No,fraud
1392.3,10,2408,6,1,1.69,Merchant,Jewelry,Android,Yes,fraud
373.56,15,2897,3,0,0.64,P2P,Electronics,Android,Yes,suspicious
3435.17,9,4037,3,0,0.22,P2P,Groceries,Android,No,suspicious
5268.97,12,786,2,3,1.33,P2P,Groceries,Android,No,fraud
769.47,12,3063,2,0,6.12,P2P,Jewelry,Android,No,suspicious
2631.65,17,3993,4,1,2.12,Merchant,Travel,Android,No,fraud
2608.05,17,2892,4,0,6.56,BillPay,Electronics,Android,No,suspicious
377.79,1,2043,2,0,2.5,Merchant,Electronics,Android,No,suspicious
262.13,23,1809,3,0,15.64,P2P,Fuel,Android,No,safe
1750.82,23,4775,5,1,5.63,P2P,Jewelry,Android,No,fraud
915.97,1,1918,1,2,8.76,P2P,Electronics,Android,Yes,fraud
1443.86,16,2854,2,1,2.08,Merchant,Electronics,Android,Yes,fraud
1713.0,22,4302,4,0,0.03,P2P,Jewelry,Android,Yes,fraud
3826.14,21,2196,1,1,5.27,P2P,Groceries,Android,Yes,fraud
993.63,12,4684,3,1,3.23,Merchant,Travel,iOS,Yes,fraud
1298.15,13,2665,5,2,5.72,Merchant,Travel,Android,No,fraud
596.02,15,4152,3,0,5.69,P2P,Fuel,Android,No,safe
5146.27,11,1659,3,0,7.47,Merchant,Fuel,Android,No,suspicious
6726.23,16,2937,4,0,2.98,P2P,Groceries,iOS,No,suspicious
3188.31,2,1066,3,0,5.13,P2P,Fuel,Android,No,suspicious
744.58,15,1275,1,0,2.18,P2P,Groceries,Android,No,safe
1314.4,16,842,3,0,2.46,Merchant,Groceries,iOS,No,suspicious
1972.37,0,3663,6,1,5.62,P2P,Fuel,iOS,Yes,fraud
605.72,22,1983,4,0,5.94,P2P,Groceries,Android,Yes,suspicious
1641.14,15,2222,2,0,4.03,P2P,Fuel,iOS,No,suspicious
1175.22,21,3352,3,3,3.59,P2P,Electronics,Android,No,fraud
2063.37,0,3500,5,2,1.58,Merchant,Fuel,Android,No,fraud
478.58,21,1666,5,0,0.78,BillPay,Electronics,Android,No,suspicious
96.34,4,2028,3,1,7.5,P2P,Jewelry,Android,No,fraud
2692.49,15,2813,3,1,0.22,P2P,Fuel,Unknown,Yes,fraud
2094.16,8,573,2,0,2.94,Merchant,Groceries,Android,Yes,suspicious
1070.37,14,3087,2,0,7.08,BillPay,Fuel,Android,Yes,suspicious
339.34,16,1172,0,0,3.9,Merchant,Electronics,iOS,No,safe
17420.58,16,2092,2,0,3.99,P2P,Electronics,Android,Yes,fraud
488.0,19,894,5,1,4.22,Merchant,Groceries,Android,No,suspicious
879.32,17,580,5,0,0.79,P2P,Jewelry,iOS,No,suspicious
4660.86,20,2091,8,0,2.34,Merchant,Electronics,Android,No,fraud
1190.06,3,2982,2,0,2.82,P2P,Groceries,Android,No,suspicious
422.98,8,2243,2,0,2.84,BillPay,Travel,Android,No,safe
706.47,5,1293,3,0,8.07,P2P,Jewelry,Android,Yes,suspicious
3573.7,14,3568,3,0,13.67,P2P,Jewelry,Android,Yes,fraud
2510.7,20,1429,2,0,7.98,Merchant,Jewelry,Android,Yes,suspicious
2197.76,11,3772,5,0,0.28,P2P,Jewelry,Android,No,suspicious
2567.31,1,2499,2,1,1.69,P2P,Electronics,Android,No,fraud
1899.49,9,1154,2,1,5.64,Merchant,Jewelry,Android,No,fraud
3079.15,13,2783,2,0,11.4,P2P,Groceries,Unknown,No,suspicious
104.85,14,2597,5,1,2.02,Merchant,Groceries,Android,No,suspicious
3554.71,3,816,2,0,18.34,P2P,Electronics,iOS,No,fraud
1165.47,7,868,4,0,1.23,P2P,Electronics,Android,Yes,fraud
2140.62,6,3345,7,0,2.96,Merchant,Groceries,iOS,No,suspicious
1099.57,4,4723,5,0,1.56,P2P,Fuel,iOS,Yes,fraud
6418.08,18,2075,3,0,23.64,P2P,Groceries,Android,No,suspicious
2708.83,10,641,2,1,7.03,P2P,Electronics,iOS,Yes,fraud
1804.09,21,4930,4,0,11.07,P2P,Fuel,iOS,No,suspicious
5631.29,8,2398,2,0,6.28,P2P,Groceries,Android,No,suspicious
1864.49,14,597,2,0,2.32,Merchant,Jewelry,iOS,No,suspicious
1602.69,9,388,3,0,16.24,P2P,Fuel,Android,No,suspicious
13258.41,3,1753,2,2,14.83,P2P,Groceries,Android,No,fraud
2472.53,3,125,4,0,10.8,BillPay,Jewelry,Android,Yes,fraud
1818.73,8,805,4,0,2.31,P2P,Travel,Android,No,suspicious
898.17,13,1536,2,0,0.06,Merchant,Groceries,Android,No,safe
1962.29,18,4970,3,0,0.65,P2P,Travel,iOS,Yes,suspicious
320.11,19,1600,2,1,10.94,Merchant,Travel,Unknown,No,fraud
2250.28,22,3166,6,0,2.89,Merchant,Electronics,Android,Yes,fraud
2820.37,12,399,6,0,5.59,P2P,Fuel,Android,No,suspicious
4364.02,2,3490,1,0,7.77,Merchant,Fuel,Android,No,suspicious
3882.55,17,2390,5,1,26.63,P2P,Groceries,Android,No,fraud
3290.61,18,2100,4,0,2.19,P2P,Electronics,Android,No,suspicious
1099.8,16,3269,2,0,7.56,Merchant,Travel,Unknown,No,suspicious
495.89,1,1848,3,0,5.0,Merchant,Fuel,iOS,No,suspicious
1391.14,23,3747,2,0,4.37,P2P,Travel,iOS,Yes,suspicious
3980.46,21,3439,2,0,0.74,P2P,Groceries,Android,Yes,suspicious
1485.1,16,3424,2,1,1.39,P2P,Groceries,Android,Yes,fraud
1200.85,2,2430,8,0,0.95,Merchant,Travel,Android,No,fraud
1541.24,6,3621,5,2,0.01,P2P,Jewelry,Android,No,fraud
1135.42,23,179,3,0,9.53,P2P,Travel,Android,Yes,suspicious
204.97,16,3404,4,0,0.84,P2P,Travel,iOS,No,safe
2322.43,4,4113,4,0,1.05,P2P,Travel,Android,No,suspicious
733.02,21,3985,4,1,4.84,Merchant,Electronics,Android,No,fraud
795.07,1,1944,1,1,1.16,Merchant,Fuel,Android,No,suspicious
1133.98,21,3935,3,0,2.25,P2P,Electronics,Android,No,suspicious
2758.7,9,2028,1,0,5.63,Merchant,Groceries,iOS,No,suspicious
1880.06,5,571,4,1,2.22,P2P,Jewelry,iOS,No,fraud
543.87,17,1644,2,4,1.88,P2P,Electronics,Android,Yes,fraud
719.91,9,2958,3,0,15.83,Merchant,Electronics,iOS,No,suspicious
287.23,5,2529,3,1,6.36,P2P,Groceries,Android,Yes,fraud
716.74,18,2553,5,0,0.75,BillPay,Electronics,Android,No,suspicious
9410.46,13,540,1,0,3.11,P2P,Fuel,iOS,No,suspicious
370.7,0,2108,3,0,0.62,P2P,Jewelry,Android,No,suspicious
526.28,23,3759,4,0,0.07,Merchant,Groceries,Android,Yes,suspicious
3208.22,8,3097,0,0,0.91,P2P,Fuel,Android,No,safe
3633.66,19,2803,4,0,7.38,P2P,Electronics,Android,No,suspicious
804.66,18,3684,4,0,0.73,P2P,Jewelry,Android,Yes,fraud
1526.1,4,3840,5,2,5.48,BillPay,Electronics,Unknown,No,fraud
3108.5,17,4446,3,0,2.19,P2P,Electronics,iOS,No,suspicious
3279.8,11,4978,1,2,9.02,Merchant,Travel,Android,No,fraud
2368.3,16,3047,4,0,13.26,Merchant,Jewelry,Android,Yes,fraud
308.41,7,2174,5,2,3.47,P2P,Jewelry,Android,Yes,fraud
722.41,22,388,2,1,0.43,P2P,Electronics,iOS,Yes,fraud
4593.46,1,808,3,0,2.51,P2P,Jewelry,Android,No,fraud
1045.95,12,475,5,1,2.15,Merchant,Fuel,Android,No,fraud
569.81,7,1087,3,1,4.11,P2P,Groceries,Android,No,suspicious
1138.54,18,1738,3,0,3.46,P2P,Fuel,Android,No,suspicious
1668.13,6,1542,4,1,0.08,P2P,Travel,Android,Yes,fraud
2755.76,16,3763,5,0,0.44,P2P,Jewelry,iOS,Yes,fraud
1035.16,12,1392,4,1,9.61,P2P,Jewelry,Android,Yes,fraud
1535.22,7,4178,3,0,0.51,P2P,Travel,iOS,No,suspicious
5316.19,15,3313,2,0,1.34,P2P,Fuel,Android,No,suspicious
2728.48,4,614,3,1,0.7,P2P,Jewelry,iOS,Yes,fraud
829.46,15,2570,4,1,5.23,Merchant,Jewelry,Android,No,fraud
530.57,16,2608,3,0,0.39,Merchant,Groceries,iOS,No,safe
1569.81,23,2447,7,0,2.36,Merchant,Travel,Android,No,suspicious
3580.13,14,345,2,1,3.1,P2P,Fuel,Android,Yes,fraud
2842.64,22,1784,3,1,0.27,Merchant,Electronics,Android,No,fraud
1802.91,10,3473,1,0,15.38,Merchant,Groceries,Android,Yes,suspicious
2277.39,13,3386,4,0,0.72,BillPay,Travel,Android,No,suspicious
2685.66,14,970,3,0,3.01,P2P,Travel,Android,No,suspicious
5763.11,4,540,2,1,0.12,P2P,Fuel,Android,No,fraud
2782.14,23,8,6,0,7.13,P2P,Fuel,Android,Yes,fraud
5591.37,8,505,1,0,0.46,P2P,Fuel,Android,Yes,suspicious
256.76,16,2415,3,0,3.09,Merchant,Travel,Android,No,safe
822.09,13,4053,0,2,1.41,P2P,Jewelry,Android,No,fraud
3470.08,3,2372,6,0,3.83,Merchant,Jewelry,Android,Yes,fraud
1783.16,7,2281,4,0,3.67,P2P,Electronics,Android,No,suspicious
803.15,12,499,6,0,10.92,P2P,Groceries,iOS,Yes,suspicious
5521.73,9,2895,6,0,0.24,P2P,Jewelry,iOS,No,fraud
12791.59,22,1635,4,1,1.68,Merchant,Groceries,iOS,Yes,fraud
1291.01,7,4841,0,0,2.41,P2P,Groceries,iOS,Yes,suspicious
1477.33,16,3845,2,0,3.06,P2P,Fuel,Android,Yes,suspicious
962.7,13,4756,3,1,6.64,Merchant,Fuel,iOS,No,suspicious
973.21,7,4500,3,1,6.68,BillPay,Electronics,iOS,Yes,fraud
2225.71,18,3076,2,2,6.6,P2P,Jewelry,iOS,No,fraud
276.99,23,3629,0,0,17.87,P2P,Travel,iOS,No,safe
891.35,20,3405,0,0,2.78,BillPay,Groceries,Android,No,safe
1009.38,17,898,2,0,0.24,Merchant,Jewelry,Android,Yes,suspicious
285.3,17,1480,6,1,1.42,BillPay,Jewelry,Android,No,fraud
3820.64,9,287,4,1,12.08,P2P,Electronics,Unknown,No,fraud
681.42,0,4869,1,0,0.84,P2P,Groceries,Android,Yes,suspicious
417.02,0,4484,2,0,2.74,P2P,Jewelry,iOS,Yes,fraud
2556.86,23,1178,7,0,0.39,P2P,Groceries,iOS,Yes,fraud
666.16,18,3121,2,1,2.61,P2P,Groceries,iOS,No,suspicious
6317.46,2,111,1,1,4.49,P2P,Travel,Android,Yes,fraud
1531.37,19,1430,5,0,5.2,BillPay,Fuel,Android,Yes,suspicious
9950.89,1,4000,4,2,9.24,BillPay,Groceries,iOS,No,fraud
6059.87,19,4922,1,0,1.94,Merchant,Groceries,Android,No,suspicious
2330.34,2,3902,8,0,5.99,P2P,Groceries,iOS,No,fraud
5007.2,19,3261,1,0,0.38,Merchant,Jewelry,Unknown,No,fraud
478.93,16,4990,0,1,1.19,BillPay,Jewelry,Android,No,suspicious
3253.31,15,4481,5,0,0.13,P2P,Groceries,iOS,No,suspicious
578.3,9,450,1,1,2.21,P2P,Electronics,iOS,No,suspicious
1039.59,12,1618,0,1,0.15,P2P,Groceries,Unknown,Yes,fraud
4262.18,17,4118,1,0,2.19,Merchant,Groceries,Android,No,suspicious
668.24,10,2197,9,0,5.66,Merchant,Travel,Android,Yes,fraud
503.24,22,4435,7,0,7.25,Merchant,Groceries,Android,Yes,suspicious
4830.43,4,2499,8,0,3.05,P2P,Fuel,Android,No,fraud
600.32,22,295,4,0,2.96,P2P,Travel,Android,No,suspicious
2683.04,12,3506,2,0,4.02,P2P,Jewelry,Android,Yes,suspicious
2214.18,18,4053,1,1,0.78,Merchant,Groceries,Android,No,suspicious
1467.39,6,4168,3,0,12.17,P2P,Fuel,Android,No,suspicious
1487.03,17,1469,4,1,5.04,Merchant,Fuel,iOS,No,fraud
2184.59,9,299,4,0,17.57,BillPay,Jewelry,Android,No,suspicious
521.64,3,2714,2,0,6.33,BillPay,Groceries,Android,No,suspicious
95.67,3,2176,3,1,2.87,P2P,Jewelry,Android,No,fraud
2530.66,7,42,6,0,4.26,P2P,Fuel,iOS,No,fraud
1573.18,13,4443,3,1,3.18,P2P,Travel,Android,No,suspicious
3278.7,16,204,4,0,15.4,P2P,Groceries,Android,Yes,suspicious
331.0,11,4870,2,0,0.74,Merchant,Groceries,Android,No,safe
9188.37,17,113,4,0,1.38,P2P,Groceries,Android,Yes,suspicious
3643.51,4,4322,0,0,0.83,P2P,Electronics,iOS,Yes,fraud
3135.21,3,179,4,1,2.73,P2P,Fuel,Android,Yes,fraud
624.75,13,4662,2,0,4.69,P2P,Electronics,iOS,Yes,suspicious
435.31,12,2062,2,0,7.89,Merchant,Travel,Android,No,safe
640.04,23,10,3,0,1.02,P2P,Travel,iOS,No,suspicious
1354.23,0,4769,4,1,3.04,P2P,Travel,Android,No,fraud
1189.46,12,1763,3,1,2.32,P2P,Electronics,Android,No,fraud
5184.88,7,3020,4,0,6.01,P2P,Jewelry,Android,No,suspicious
498.22,6,1502,1,0,6.96,P2P,Electronics,Android,Yes,suspicious
354.33,5,4478,2,0,1.46,Merchant,Jewelry,Unknown,No,suspicious
9423.16,12,3482,2,1,0.95,P2P,Travel,Unknown,Yes,fraud
1999.11,13,1706,6,1,5.79,Merchant,Electronics,Android,No,fraud
2486.82,9,1935,4,1,12.69,P2P,Travel,Android,No,fraud
2197.95,13,1203,1,2,28.68,P2P,Electronics,Unknown,Yes,fraud
8011.45,2,4300,2,0,0.86,Merchant,Jewelry,Android,Yes,fraud
2146.47,14,2354,6,0,0.46,Merchant,Travel,iOS,No,suspicious
24882.3,9,18,0,0,0.85,P2P,Groceries,iOS,No,suspicious
1333.61,5,4546,4,0,4.36,P2P,Jewelry,Android,No,suspicious
1603.79,16,4316,3,0,1.02,P2P,Groceries,Android,Yes,suspicious
679.95,0,3326,2,0,1.04,Merchant,Travel,Android,No,suspicious
738.3,0,733,3,1,1.49,Merchant,Travel,Android,No,fraud
2720.92,9,2602,5,1,2.84,P2P,Electronics,Android,No,fraud
1958.46,2,649,2,1,17.16,Merchant,Travel,Android,Yes,fraud
911.5,22,2261,1,1,12.96,P2P,Groceries,Android,No,suspicious
1023.16,13,1977,1,0,6.1,Merchant,Groceries,Android,No,safe
710.26,5,149,2,0,5.78,P2P,Jewelry,Unknown,No,suspicious
5008.51,4,259,4,0,3.49,BillPay,Electronics,Android,No,fraud
2442.17,3,3224,2,0,1.27,Merchant,Jewelry,Android,No,suspicious
1909.3,13,2581,2,0,2.26,P2P,Travel,iOS,Yes,suspicious
1449.51,10,1810,8,0,5.97,P2P,Jewelry,Android,Yes,fraud
618.27,23,2514,2,0,0.6,P2P,Electronics,Android,No,suspicious
1600.34,22,711,2,0,2.97,P2P,Fuel,Android,No,suspicious
2816.9,16,2398,3,0,6.63,P2P,Electronics,Android,No,suspicious
2069.65,1,4121,4,0,2.2,P2P,Groceries,Android,No,suspicious
1231.88,5,2459,3,1,4.16,P2P,Electronics,Android,No,fraud
377.37,4,2734,4,0,4.19,Merchant,Travel,Android,No,suspicious
1176.01,16,4328,5,0,1.59,P2P,Groceries,iOS,Yes,suspicious
3879.76,5,374,7,0,9.38,P2P,Electronics,iOS,No,fraud
2075.23,20,4250,4,0,1.07,P2P,Electronics,Android,Yes,fraud
25839.51,1,1056,6,0,0.54,P2P,Electronics,Android,No,fraud
2545.14,19,621,2,0,1.07,P2P,Fuel,Android,No,suspicious
362.66,0,2530,3,0,6.62,P2P,Electronics,Android,No,suspicious
2898.67,23,1950,4,0,3.82,Merchant,Fuel,Android,No,suspicious
602.27,11,186,2,1,0.2,P2P,Fuel,Android,Yes,fraud
6130.28,3,1367,3,1,2.73,P2P,Jewelry,Android,No,fraud
1018.23,4,1061,2,1,7.14,Merchant,Travel,Android,No,fraud
724.33,15,562,2,0,0.28,Merchant,Travel,Android,Yes,suspicious
446.7,19,4839,3,0,12.0,Merchant,Electronics,iOS,No,suspicious
9410.52,18,3127,0,1,2.61,P2P,Groceries,Android,No,suspicious
1029.95,11,1493,3,0,10.32,P2P,Electronics,Android,Yes,suspicious
531.02,2,4894,2,0,4.36,Merchant,Jewelry,iOS,No,suspicious
149.74,5,4638,1,0,1.04,P2P,Electronics,Android,No,safe
783.63,5,1386,1,1,17.28,P2P,Fuel,Android,No,suspicious
1112.86,11,4325,0,0,1.7,P2P,Fuel,iOS,No,safe
666.97,11,2125,5,0,1.2,Merchant,Travel,Android,Yes,suspicious
4678.69,14,1559,2,0,7.87,P2P,Jewelry,Android,No,suspicious
6998.03,9,3589,2,0,5.08,Merchant,Travel,Android,No,suspicious
3298.33,4,2171,2,0,9.41,BillPay,Travel,iOS,No,suspicious
1222.08,21,1311,1,0,3.02,Merchant,Jewelry,Android,No,suspicious
1822.13,17,902,5,0,4.23,Merchant,Electronics,Android,No,suspicious
6844.17,0,778,4,0,2.6,P2P,Jewelry,Android,Yes,fraud
96.25,13,48,6,0,4.49,P2P,Jewelry,Android,Yes,fraud
4886.3,5,2723,0,1,4.2,Merchant,Electronics,Android,No,fraud
182.29,7,1245,2,1,3.06,P2P,Fuel,Android,No,suspicious
906.97,22,3109,2,0,3.21,P2P,Electronics,Android,Yes,suspicious
1678.05,0,1660,2,0,0.07,P2P,Fuel,iOS,No,suspicious
2287.14,13,2882,4,2,0.94,Merchant,Fuel,Android,No,fraud
1035.56,10,4526,2,0,6.67,Merchant,Jewelry,iOS,Yes,suspicious
2585.76,14,4217,2,0,0.07,P2P,Electronics,Android,No,suspicious
861.36,3,4790,1,0,10.38,Merchant,Electronics,iOS,Yes,fraud
4230.25,3,938,2,1,0.93,Merchant,Groceries,Android,No,fraud
5947.01,22,1673,0,0,4.16,BillPay,Electronics,Android,No,suspicious
4056.28,0,1074,2,4,7.23,BillPay,Jewelry,Android,No,fraud
901.08,17,3043,3,0,6.41,P2P,Groceries,iOS,No,suspicious
11935.54,8,1178,4,1,0.27,P2P,Electronics,iOS,No,fraud
94.63,7,1311,1,2,4.38,P2P,Fuel,Android,Yes,fraud
6559.47,12,2656,2,0,1.33,P2P,Groceries,Android,No,suspicious
2343.68,3,2904,5,0,4.66,P2P,Travel,Android,No,suspicious
2629.72,22,3650,2,1,3.8,P2P,Groceries,Android,No,suspicious
2424.32,0,3941,2,1,5.9,BillPay,Jewelry,Android,Yes,fraud
1665.05,10,77,4,0,3.09,P2P,Electronics,iOS,No,fraud
23550.57,7,4576,3,1,1.92,Merchant,Electronics,iOS,No,fraud
769.73,2,3096,3,0,3.8,P2P,Electronics,Android,No,suspicious
1534.95,8,469,2,0,5.18,P2P,Groceries,Unknown,Yes,fraud
796.99,14,2388,2,0,0.3,Merchant,Travel,Android,No,safe
911.96,19,459,1,1,2.43,Merchant,Electronics,Android,No,fraud
664.7,18,3607,5,1,7.81,P2P,Electronics,iOS,No,fraud
1765.18,17,3959,3,3,6.92,P2P,Electronics,Android,Yes,fraud
189.93,5,1833,1,1,0.65,P2P,Travel,Android,No,suspicious
2754.86,4,4608,5,0,3.24,P2P,Fuel,Android,No,suspicious
1074.89,0,2766,3,0,6.45,Merchant,Fuel,Android,Yes,suspicious
502.29,0,677,1,1,4.04,BillPay,Fuel,Android,No,suspicious
370.35,21,2330,4,1,3.64,Merchant,Travel,Android,Yes,fraud
1694.07,8,2436,2,0,4.79,P2P,Jewelry,iOS,Yes,suspicious
16725.65,1,2500,0,1,5.13,Merchant,Fuel,iOS,No,fraud
3910.02,17,2445,3,0,0.59,P2P,Groceries,Android,No,suspicious
13356.01,21,3380,5,0,3.08,P2P,Groceries,Android,No,suspicious
921.4,18,4670,3,0,10.57,P2P,Travel,Android,No,suspicious
6157.54,5,3215,2,0,12.85,P2P,Electronics,iOS,No,suspicious
1218.97,14,1529,6,0,5.9,Merchant,Electronics,iOS,Yes,fraud
2563.73,0,4223,3,0,2.33,BillPay,Electronics,Android,Yes,fraud
1582.84,2,4315,6,1,11.97,P2P,Travel,Android,Yes,fraud
3186.34,17,197,2,0,3.73,Merchant,Travel,Unknown,No,suspicious
1540.65,21,4877,3,0,0.32,Merchant,Groceries,iOS,Yes,suspicious
734.01,1,4224,1,0,1.72,P2P,Groceries,Android,No,suspicious
2895.43,21,4572,5,1,5.19,Merchant,Travel,Android,No,fraud
2699.53,22,3953,2,0,10.47,P2P,Jewelry,Android,No,suspicious
2211.46,16,2964,1,0,0.88,P2P,Travel,Android,No,safe
5444.99,9,1997,3,0,4.3,P2P,Electronics,Android,No,suspicious
1867.95,3,3256,5,0,2.41,P2P,Electronics,Android,No,fraud
1482.39,10,51,3,1,0.88,Merchant,Travel,iOS,No,fraud
755.54,17,441,5,0,5.88,Merchant,Fuel,iOS,No,suspicious
2540.24,4,2238,2,0,13.05,BillPay,Electronics,iOS,No,suspicious
8242.38,23,416,3,1,3.25,P2P,Groceries,iOS,No,fraud
2031.82,5,724,0,0,8.99,P2P,Jewelry,Unknown,No,suspicious
4193.58,11,878,6,1,6.93,Merchant,Travel,Android,Yes,fraud
222.4,0,532,1,2,8.1,Merchant,Travel,Android,No,fraud
963.99,10,4834,3,0,12.44,P2P,Jewelry,Android,No,suspicious
861.07,7,918,5,0,1.1,Merchant,Groceries,Android,No,suspicious
1133.34,17,522,3,0,1.24,P2P,Groceries,iOS,Yes,suspicious
131.42,7,2186,2,0,3.05,P2P,Groceries,Android,No,safe
268.19,21,2880,3,0,7.73,P2P,Jewelry,Android,No,suspicious
891.08,19,3260,4,1,0.03,P2P,Fuel,Android,No,suspicious
9461.0,13,1136,3,0,8.69,P2P,Electronics,Android,Yes,fraud
375.73,15,1594,1,0,1.47,BillPay,Electronics,iOS,Yes,suspicious
765.76,21,555,4,0,1.72,P2P,Travel,iOS,No,suspicious
1281.74,1,2784,0,1,6.88,P2P,Fuel,iOS,No,suspicious
1080.0,2,4579,4,1,0.13,P2P,Electronics,iOS,No,fraud
780.37,17,1115,7,0,3.43,P2P,Groceries,Unknown,No,fraud
667.38,16,2771,2,1,4.74,Merchant,Jewelry,Android,No,fraud
1554.27,18,1556,5,1,4.38,Merchant,Travel,Android,Yes,fraud
1553.83,23,556,3,0,8.9,BillPay,Groceries,iOS,Yes,suspicious
1875.72,7,3433,2,0,0.78,P2P,Fuel,Android,No,suspicious
1413.07,11,2477,5,1,1.34,BillPay,Electronics,iOS,Yes,fraud
375.97,0,2043,2,0,1.2,BillPay,Fuel,Android,Yes,suspicious
2260.15,1,4325,3,0,6.49,P2P,Travel,iOS,No,suspicious
3295.49,10,523,2,0,7.54,BillPay,Travel,Android,Yes,suspicious
915.94,22,2707,3,0,1.26,Merchant,Travel,Android,No,suspicious
2509.81,4,4757,3,0,7.18,P2P,Electronics,Android,Yes,fraud
907.37,2,2141,4,0,2.54,Merchant,Jewelry,Android,No,fraud
1264.43,1,2599,3,0,18.88,P2P,Fuel,Android,No,suspicious
1471.71,9,3959,2,0,1.76,P2P,Jewelry,Android,No,suspicious
14134.16,22,1384,1,0,5.23,Merchant,Jewelry,Unknown,No,fraud
1690.26,12,4314,5,0,2.27,Merchant,Jewelry,Android,No,suspicious
424.29,10,695,2,0,4.48,P2P,Electronics,Android,No,suspicious
557.59,22,692,0,0,11.41,P2P,Electronics,Android,No,suspicious
663.28,14,3680,3,0,6.21,P2P,Fuel,Android,Yes,suspicious
2183.59,20,3626,4,0,0.06,P2P,Electronics,iOS,Yes,fraud
436.35,18,2571,4,0,2.37,Merchant,Groceries,Android,No,suspicious
5175.37,10,212,1,1,3.4,BillPay,Electronics,Android,No,fraud
653.19,14,2469,1,1,9.22,BillPay,Groceries,iOS,Yes,suspicious
3853.37,17,3688,5,1,1.28,Merchant,Groceries,Android,No,fraud
1331.73,7,3537,0,0,0.48,Merchant,Groceries,Android,No,safe
843.11,2,2937,3,0,2.84,Merchant,Fuel,Android,Yes,suspicious
6109.48,1,2789,1,0,3.0,Merchant,Groceries,Android,Yes,suspicious
1185.89,12,136,2,0,3.61,P2P,Groceries,Android,No,safe
905.71,14,3851,4,0,1.09,P2P,Fuel,Android,Yes,suspicious
1978.76,15,3164,2,0,16.38,Merchant,Fuel,Android,No,suspicious
5001.03,3,3635,1,0,19.45,Merchant,Groceries,iOS,No,suspicious
3154.4,10,4498,5,0,1.91,P2P,Travel,iOS,No,suspicious
5235.22,7,4570,7,1,12.09,BillPay,Electronics,Android,Yes,fraud
1835.26,0,3344,4,0,3.99,P2P,Groceries,Android,No,suspicious
1859.58,21,4443,0,0,0.27,P2P,Travel,iOS,No,safe
239.18,14,4437,1,1,4.34,P2P,Travel,Unknown,No,suspicious
4842.67,3,25,1,1,7.42,P2P,Travel,Android,No,fraud
348.17,15,2909,7,1,5.1,Merchant,Jewelry,Android,Yes,fraud
202.29,23,4975,2,0,1.04,P2P,Jewelry,iOS,Yes,suspicious
1275.33,22,3805,0,0,13.26,P2P,Groceries,Android,Yes,suspicious
127.29,13,3604,1,0,2.91,P2P,Fuel,Android,No,safe
449.91,18,1959,2,0,2.66,P2P,Electronics,Android,No,suspicious
1584.39,23,3479,6,0,6.81,BillPay,Groceries,iOS,No,suspicious
391.2,14,1735,1,0,1.76,P2P,Fuel,Android,Yes,suspicious
361.39,10,2912,1,0,0.25,P2P,Groceries,iOS,Yes,suspicious
699.44,2,1556,2,2,2.17,BillPay,Fuel,Android,No,fraud
189.92,9,2899,4,0,2.36,Merchant,Fuel,Android,No,safe
1669.03,3,69,6,0,6.03,P2P,Fuel,iOS,Yes,fraud
497.5,5,3810,2,1,0.72,P2P,Groceries,Android,No,suspicious
963.86,10,4779,7,1,0.33,P2P,Jewelry,iOS,No,fraud
2002.85,23,3852,2,0,1.82,P2P,Jewelry,iOS,No,suspicious
1327.4,2,4275,3,0,0.13,P2P,Electronics,iOS,No,suspicious
2166.81,12,1606,4,0,2.25,BillPay,Electronics,iOS,No,suspicious
5373.46,2,2795,4,0,10.69,P2P,Fuel,iOS,No,suspicious
2970.37,18,3534,1,0,1.42,Merchant,Travel,Android,Yes,suspicious
559.62,0,1462,1,0,5.98,BillPay,Fuel,iOS,No,suspicious
1419.83,11,4836,2,0,0.43,P2P,Groceries,Android,No,suspicious
3119.68,1,45,3,0,2.02,BillPay,Fuel,Android,No,fraud
2203.66,9,2511,3,0,9.34,P2P,Jewelry,Android,Yes,fraud
1552.46,12,519,2,1,3.69,P2P,Groceries,iOS,No,suspicious
1940.04,0,4182,3,0,0.64,Merchant,Fuel,Android,Yes,suspicious
966.29,16,2939,3,1,2.67,P2P,Electronics,iOS,No,fraud
1656.1,18,2976,0,0,9.44,P2P,Travel,Android,No,safe
2530.88,5,1879,6,0,0.7,P2P,Travel,Android,No,suspicious
1557.71,9,1308,5,1,3.26,P2P,Fuel,iOS,No,fraud
604.37,11,4821,4,3,2.19,P2P,Groceries,iOS,Yes,fraud
2236.85,18,4574,5,0,2.33,Merchant,Groceries,Android,Yes,suspicious
18765.07,21,1894,6,0,5.02,Merchant,Travel,Android,No,suspicious
7317.41,6,2009,2,0,3.69,Merchant,Electronics,Android,No,suspicious
765.35,10,3845,8,1,5.49,Merchant,Groceries,Android,No,fraud
1989.91,11,1990,3,2,0.51,P2P,Travel,iOS,No,fraud
325.11,3,4612,0,0,5.82,P2P,Fuel,Android,Yes,suspicious
1288.52,19,3663,3,1,0.15,P2P,Jewelry,Android,No,fraud
1278.29,15,1249,3,1,6.85,P2P,Electronics,Android,No,fraud
1720.25,17,2619,3,1,3.87,P2P,Fuel,iOS,No,suspicious
1142.58,11,4756,1,1,3.68,P2P,Travel,Android,No,suspicious
1426.54,22,4549,4,1,15.11,Merchant,Groceries,Android,No,fraud
1127.93,18,1406,1,0,6.69,Merchant,Electronics,iOS,No,suspicious
732.4,7,271,2,0,1.47,P2P,Travel,iOS,No,safe
5852.85,13,1733,4,0,0.01,Merchant,Jewelry,Android,No,suspicious
994.59,17,1132,4,1,15.97,P2P,Electronics,Android,No,fraud
576.76,4,1611,3,0,9.7,P2P,Electronics,iOS,No,suspicious
2940.0,8,189,2,0,1.38,P2P,Travel,Android,No,suspicious
443.82,1,4866,6,0,5.21,P2P,Electronics,Android,No,fraud
2791.15,1,4464,1,1,1.97,BillPay,Electronics,Android,No,fraud
2090.25,14,2949,3,0,5.17,Merchant,Travel,Android,No,suspicious
281.24,1,3307,1,0,2.59,Merchant,Travel,iOS,Yes,suspicious
119.33,14,1313,2,1,3.68,Merchant,Groceries,iOS,No,suspicious
426.27,5,2769,8,0,1.99,P2P,Groceries,iOS,No,suspicious
20039.27,8,3690,4,2,4.98,Merchant,Groceries,Android,Yes,fraud
4678.13,11,1451,2,1,15.27,Merchant,Electronics,Android,No,fraud
2585.53,9,2362,3,0,0.48,Merchant,Groceries,Android,No,suspicious
756.87,14,3366,3,1,2.4,BillPay,Fuel,Android,Yes,fraud
1536.64,12,3274,4,0,7.67,P2P,Electronics,Android,No,suspicious
1917.46,15,140,3,0,5.03,P2P,Groceries,Unknown,No,suspicious
1460.99,16,180,5,0,4.46,P2P,Jewelry,iOS,Yes,fraud
1650.54,20,2884,1,1,0.7,Merchant,Travel,Android,No,suspicious
1552.3,19,3263,2,2,9.08,P2P,Electronics,Android,No,fraud
506.62,5,1961,3,0,4.96,Merchant,Fuel,Android,No,safe
2171.75,5,4553,3,0,0.83,P2P,Fuel,Android,No,suspicious
2371.19,22,823,6,0,0.99,BillPay,Travel,Android,Yes,fraud
3045.96,8,2387,3,1,2.01,BillPay,Electronics,Android,No,fraud
933.24,5,3135,1,1,7.38,P2P,Electronics,Android,No,fraud
771.26,8,4013,1,0,6.22,BillPay,Electronics,Android,No,suspicious
1425.47,0,4294,5,1,3.14,Merchant,Jewelry,Android,No,fraud
1675.56,13,2188,2,1,4.01,P2P,Electronics,Android,No,fraud
1477.35,15,228,0,1,0.02,P2P,Electronics,Android,Yes,fraud
6523.68,9,2443,3,0,4.73,P2P,Groceries,Unknown,No,fraud
1240.4,15,890,4,3,0.8,P2P,Fuel,iOS,Yes,fraud
1665.73,3,3820,2,0,22.99,P2P,Groceries,Android,Yes,suspicious
5643.63,3,4504,8,0,1.95,Merchant,Electronics,iOS,Yes,fraud
1112.09,10,3790,2,1,1.33,Merchant,Electronics,Android,No,fraud
8164.72,17,3175,1,3,2.74,P2P,Groceries,Android,No,fraud
8614.99,12,2079,2,1,8.21,Merchant,Electronics,Android,No,fraud
1263.9,6,2765,5,0,12.45,P2P,Travel,Android,No,suspicious
4783.51,5,3770,2,0,0.32,P2P,Groceries,Android,No,suspicious
466.42,15,1420,2,0,5.69,Merchant,Fuel,Android,No,safe
757.49,20,2204,4,0,4.57,Merchant,Fuel,Android,Yes,suspicious
1490.12,10,650,3,0,4.95,P2P,Fuel,Android,No,suspicious
2624.46,8,495,2,0,3.51,BillPay,Jewelry,iOS,No,suspicious
2052.74,3,1038,1,0,2.45,Merchant,Travel,iOS,No,suspicious
1574.18,20,1464,1,0,2.44,P2P,Groceries,Android,No,safe
4276.68,0,3335,1,1,2.18,P2P,Fuel,Android,No,fraud
2476.92,22,3223,4,1,3.47,P2P,Jewelry,Android,Yes,fraud
722.64,21,736,2,0,8.73,P2P,Fuel,Android,No,safe
1493.09,22,4694,2,0,5.1,P2P,Fuel,Android,No,suspicious
272.31,19,3497,2,1,2.86,P2P,Jewelry,iOS,No,suspicious
152.68,21,2915,3,0,4.55,Merchant,Groceries,Android,No,safe
974.33,12,4019,3,0,7.19,P2P,Fuel,Android,Yes,suspicious
1488.53,9,324,4,0,0.02,Merchant,Groceries,Android,Yes,suspicious
768.16,2,4329,0,0,3.48,P2P,Groceries,Android,Yes,suspicious
1295.16,2,4811,2,0,1.42,Merchant,Groceries,Android,No,suspicious
3618.51,6,4130,3,1,2.89,P2P,Fuel,iOS,Yes,fraud
407.39,16,4721,2,0,1.87,P2P,Groceries,Android,Yes,suspicious
2923.59,18,744,2,0,7.01,P2P,Travel,Android,No,suspicious
3854.42,11,2986,1,0,0.26,Merchant,Groceries,iOS,No,suspicious
759.71,9,3707,5,1,0.32,Merchant,Electronics,iOS,No,fraud
584.17,18,2113,0,0,0.46,P2P,Electronics,Android,No,suspicious
696.8,7,1526,2,1,1.05,P2P,Jewelry,Android,Yes,fraud
2634.45,19,4886,4,0,1.63,P2P,Jewelry,Android,No,suspicious
1330.11,2,4120,2,0,6.22,P2P,Electronics,Android,No,suspicious
2189.39,9,1148,5,0,4.62,Merchant,Electronics,Android,No,suspicious
571.79,8,3118,2,0,7.78,BillPay,Jewelry,Android,Yes,suspicious
1039.79,16,2327,3,0,24.17,P2P,Electronics,Android,No,suspicious
890.25,9,3293,5,0,1.73,Merchant,Fuel,Android,Yes,suspicious
1027.54,21,2911,3,1,4.95,P2P,Fuel,Android,No,suspicious
3012.68,2,1401,3,1,0.72,P2P,Jewelry,iOS,No,fraud
1419.21,22,540,2,3,0.11,BillPay,Fuel,Android,No,fraud
1633.33,11,3345,0,1,0.44,P2P,Jewelry,Android,No,suspicious
702.36,23,961,4,1,18.55,P2P,Travel,Android,No,suspicious
863.54,12,2048,3,0,1.08,P2P,Fuel,Android,Yes,suspicious
1320.1,0,756,3,0,2.69,BillPay,Fuel,Unknown,No,fraud
1323.33,7,3899,0,2,8.67,Merchant,Groceries,iOS,No,fraud
855.88,2,3515,4,0,1.81,P2P,Electronics,Android,No,fraud
2723.53,18,3906,3,0,4.86,Merchant,Electronics,Android,Yes,fraud
332.62,17,4399,2,2,3.53,P2P,Fuel,Android,No,fraud
731.93,10,4138,2,0,0.07,BillPay,Electronics,Android,No,suspicious
708.45,11,2976,1,0,0.9,BillPay,Jewelry,Android,Yes,suspicious
1774.53,23,3285,3,1,2.78,P2P,Jewelry,Android,Yes,fraud
2162.64,5,105,0,1,7.33,P2P,Electronics,Android,Yes,fraud
6997.27,9,3449,3,0,3.32,Merchant,Travel,Android,No,suspicious
360.07,18,4502,3,0,9.38,P2P,Electronics,iOS,No,suspicious
4210.4,14,212,9,1,0.69,Merchant,Fuel,Android,No,fraud
2568.21,17,515,4,1,1.06,Merchant,Groceries,Android,Yes,fraud
2188.34,17,823,1,1,6.28,Merchant,Travel,Android,Yes,fraud
2200.8,3,2177,5,0,4.35,P2P,Jewelry,Android,No,fraud
180.32,16,4268,5,1,5.27,P2P,Jewelry,Android,No,fraud
5380.56,18,2307,1,1,0.22,Merchant,Groceries,Android,Yes,fraud
4811.1,12,509,2,0,7.54,P2P,Fuel,Android,Yes,suspicious
1287.85,6,3332,2,0,4.32,P2P,Fuel,Android,No,suspicious
2087.66,13,4010,6,0,3.59,P2P,Fuel,Android,No,suspicious
3198.64,19,4152,2,0,1.35,P2P,Groceries,iOS,No,suspicious
532.09,21,3410,1,0,1.16,Merchant,Jewelry,Android,No,suspicious
2782.28,16,2321,1,1,0.69,Merchant,Jewelry,Android,No,fraud
1579.73,2,2816,6,1,13.42,P2P,Jewelry,Android,No,fraud
2459.44,8,392,4,0,10.94,Merchant,Fuel,iOS,No,suspicious
1106.37,16,3780,4,1,1.07,Merchant,Jewelry,Android,No,fraud
7545.81,22,4706,2,0,1.44,P2P,Electronics,Android,No,suspicious
8017.98,11,275,2,0,17.06,BillPay,Groceries,Android,No,suspicious
115.47,23,1019,10,1,7.82,P2P,Jewelry,Android,No,fraud
1084.1,22,4226,4,0,1.11,Merchant,Fuel,iOS,No,suspicious
2136.77,10,2699,3,0,2.95,P2P,Groceries,Android,No,suspicious
501.15,16,3339,3,1,5.7,P2P,Travel,Android,No,suspicious
3886.6,4,202,5,1,8.75,P2P,Fuel,Android,No,fraud
413.61,9,4959,3,0,2.07,P2P,Jewelry,iOS,No,suspicious
3185.33,22,3506,2,0,3.9,Merchant,Groceries,iOS,No,suspicious
778.62,2,2902,2,0,0.83,P2P,Groceries,iOS,No,suspicious
1578.41,14,2811,3,0,5.4,P2P,Fuel,Android,Yes,suspicious
1961.43,20,2204,1,0,2.66,P2P,Electronics,iOS,No,suspicious
3692.21,5,1104,5,0,2.66,P2P,Fuel,Android,No,suspicious
710.32,13,4447,3,0,1.18,P2P,Fuel,Android,No,suspicious
896.84,9,3062,3,0,0.9,P2P,Groceries,Unknown,Yes,fraud
3585.32,19,4006,1,2,4.63,P2P,Fuel,Android,No,fraud
3811.59,9,4416,1,0,9.58,Merchant,Fuel,iOS,No,suspicious
1402.49,8,2154,2,0,0.98,Merchant,Electronics,Android,No,suspicious
287.38,1,4134,2,0,3.26,Merchant,Fuel,Android,No,suspicious
2101.07,12,2045,6,0,3.43,BillPay,Fuel,iOS,No,suspicious
787.11,14,3937,4,0,2.3,P2P,Electronics,iOS,No,suspicious
3864.49,11,1285,1,0,3.54,P2P,Fuel,iOS,No,suspicious
847.04,12,728,4,0,3.87,P2P,Jewelry,Android,No,suspicious
2694.84,4,467,5,0,0.39,P2P,Electronics,Android,Yes,fraud
845.29,11,1102,1,0,1.32,P2P,Fuel,Android,Yes,suspicious
3698.7,12,1894,6,0,1.48,P2P,Groceries,Android,No,suspicious
6769.52,2,3369,1,0,3.68,BillPay,Travel,iOS,No,suspicious
1098.52,13,3579,4,1,0.02,Merchant,Groceries,iOS,No,suspicious
784.61,5,860,0,0,2.59,P2P,Electronics,Android,Yes,suspicious
2358.45,23,1047,1,1,4.85,P2P,Groceries,Android,No,suspicious
435.44,9,2510,2,0,1.55,P2P,Fuel,Android,Yes,suspicious
1233.82,19,1548,2,0,2.11,Merchant,Jewelry,Android,No,suspicious
4647.22,18,4682,1,0,0.09,Merchant,Travel,iOS,No,suspicious
842.66,2,3453,0,0,1.93,P2P,Electronics,iOS,No,suspicious
1129.37,5,627,1,1,3.42,P2P,Travel,Android,No,suspicious
1766.67,5,3798,2,2,1.2,P2P,Groceries,Android,No,fraud
2078.18,12,4418,1,2,0.02,Merchant,Fuel,Android,No,fraud
7531.22,21,3402,2,0,0.88,Merchant,Electronics,Android,Yes,fraud
5743.11,5,2013,2,1,0.45,P2P,Travel,iOS,No,fraud
729.49,17,349,0,0,1.44,Merchant,Groceries,iOS,Yes,suspicious
1320.91,11,432,2,0,3.33,Merchant,Electronics,Android,No,suspicious
2557.72,9,2894,3,0,0.92,P2P,Groceries,Android,No,suspicious
5314.81,2,4134,2,0,4.71,P2P,Fuel,Android,Yes,fraud
921.77,4,3265,2,0,2.77,Merchant,Fuel,Android,No,suspicious
8350.94,14,2025,3,0,2.95,Merchant,Fuel,Android,No,suspicious
1803.84,17,1761,5,0,1.45,P2P,Jewelry,Android,No,suspicious
3517.14,13,2025,1,1,3.18,P2P,Travel,Android,No,suspicious
630.78,20,115,2,1,1.29,BillPay,Fuel,Android,No,suspicious
3451.66,18,3087,4,1,17.83,P2P,Jewelry,Android,No,fraud
82.18,5,2802,3,0,0.77,P2P,Fuel,Android,Yes,suspicious
1888.59,13,1227,3,0,0.39,P2P,Groceries,Android,Yes,suspicious
3534.98,19,69,2,0,4.67,P2P,Travel,Android,No,suspicious
2140.07,7,2152,6,0,0.44,P2P,Electronics,Android,No,fraud
3791.84,1,394,1,1,4.35,Merchant,Electronics,Android,No,fraud
2101.68,16,3314,1,1,1.45,P2P,Fuel,Android,No,suspicious
2484.14,10,2697,3,2,0.7,P2P,Electronics,iOS,Yes,fraud
1636.32,16,143,1,0,3.62,P2P,Groceries,Android,No,safe
1987.45,11,1912,4,0,1.17,Merchant,Electronics,Android,No,suspicious
2341.28,10,4883,6,2,2.46,P2P,Electronics,Android,No,fraud
8992.13,21,4434,4,2,3.39,P2P,Groceries,Android,No,fraud
1201.73,3,669,2,0,0.37,BillPay,Electronics,Android,No,suspicious
4414.4,7,1213,3,0,7.31,P2P,Electronics,Android,No,suspicious
8710.34,21,1926,3,0,2.17,P2P,Travel,iOS,No,suspicious
1785.54,6,3141,1,2,10.02,Merchant,Groceries,Android,No,fraud
21719.7,15,4031,4,0,0.3,P2P,Groceries,Android,No,suspicious
616.85,13,2431,0,0,7.84,P2P,Fuel,Android,No,safe
206.97,15,2340,5,0,1.52,Merchant,Electronics,Android,No,suspicious
796.15,17,2079,2,0,2.47,P2P,Electronics,Android,No,suspicious
6452.81,10,4289,1,1,5.41,Merchant,Travel,Android,No,suspicious
2094.92,9,2570,3,0,2.67,Merchant,Electronics,Android,No,suspicious
572.41,21,2645,1,0,6.75,P2P,Groceries,Unknown,Yes,suspicious
779.38,16,2709,4,0,2.82,P2P,Travel,Android,Yes,suspicious
1361.06,16,1188,4,0,3.12,Merchant,Jewelry,iOS,No,suspicious
1913.76,23,3161,4,1,4.1,P2P,Travel,Android,No,fraud
12760.28,10,1377,2,0,0.07,Merchant,Fuel,Android,No,suspicious
265.61,7,1636,1,1,7.93,Merchant,Travel,iOS,Yes,suspicious
1107.2,3,2087,3,0,2.69,P2P,Fuel,Unknown,No,fraud
2230.54,3,2842,3,0,9.12,P2P,Groceries,iOS,Yes,suspicious
1190.63,3,541,8,0,8.66,P2P,Groceries,iOS,Yes,fraud
2636.06,17,695,4,0,13.16,P2P,Fuel,Android,No,suspicious
2626.67,6,4895,4,1,6.33,BillPay,Jewelry,Android,No,fraud
3083.8,22,592,0,1,4.97,P2P,Groceries,Android,No,suspicious
9069.85,15,4311,3,1,11.53,Merchant,Travel,Android,No,fraud
310.29,23,1973,2,1,4.48,P2P,Travel,Android,Yes,suspicious
5672.62,21,3132,1,0,0.19,P2P,Groceries,Android,No,suspicious
3991.26,21,3175,1,2,1.15,Merchant,Jewelry,Android,No,fraud
605.21,16,3995,3,0,14.46,P2P,Fuel,iOS,No,safe
1108.32,5,868,5,0,5.13,P2P,Jewelry,Android,No,suspicious
1659.89,15,2355,4,1,6.64,Merchant,Electronics,Android,No,fraud
7575.99,11,3468,1,0,3.5,Merchant,Groceries,Android,No,suspicious
8305.54,23,3725,0,0,1.67,P2P,Electronics,Android,Yes,suspicious
3002.77,7,1094,1,0,0.97,P2P,Groceries,Android,No,suspicious
3764.36,6,2454,4,0,1.73,P2P,Groceries,Android,Yes,suspicious
2618.83,14,657,1,0,0.87,P2P,Travel,iOS,Yes,suspicious
1300.43,23,1936,10,0,3.9,P2P,Electronics,iOS,No,fraud
789.91,6,1597,3,1,4.33,P2P,Electronics,Unknown,No,fraud
4930.61,9,4469,3,2,0.44,Merchant,Groceries,Android,No,fraud
1093.28,1,2541,3,0,1.4,Merchant,Jewelry,iOS,No,suspicious
2321.4,19,4539,1,1,1.6,P2P,Travel,Android,Yes,fraud
468.92,6,2616,0,0,1.54,P2P,Groceries,iOS,Yes,safe
3809.14,21,2695,1,2,5.74,P2P,Fuel,Android,No,fraud
3233.63,23,4155,4,0,8.35,P2P,Jewelry,Android,Yes,fraud
1684.44,17,2710,2,0,8.13,BillPay,Jewelry,iOS,No,suspicious
930.81,1,3628,2,0,1.45,Merchant,Jewelry,Android,No,suspicious
3097.63,7,1884,1,0,10.14,Merchant,Groceries,Android,Yes,suspicious
8450.79,1,3595,1,1,1.15,P2P,Electronics,iOS,No,fraud
817.45,11,2039,2,1,7.53,P2P,Travel,Android,No,suspicious
1400.13,0,3866,3,1,1.62,P2P,Travel,Android,No,fraud
2272.52,19,2014,1,0,0.8,P2P,Jewelry,Android,No,suspicious
2450.91,20,497,2,2,1.74,Merchant,Electronics,Android,No,fraud
859.9,11,1701,6,2,2.72,Merchant,Electronics,Android,No,fraud
3051.92,22,1855,1,0,1.24,BillPay,Electronics,iOS,No,suspicious
2067.75,16,432,4,0,0.67,P2P,Electronics,Android,No,suspicious
2289.22,4,2485,3,0,2.9,BillPay,Fuel,iOS,No,suspicious
1110.84,9,955,3,0,2.56,P2P,Electronics,Android,Yes,suspicious
1381.43,17,747,2,0,2.6,Merchant,Groceries,Android,No,suspicious
1967.94,20,2874,5,0,3.8,P2P,Travel,iOS,Yes,suspicious
1034.61,3,2578,3,0,3.3,P2P,Electronics,Unknown,No,fraud
3652.45,3,3830,2,0,5.98,Merchant,Groceries,Unknown,No,fraud
1187.18,2,4405,5,0,6.43,BillPay,Fuel,Android,Yes,fraud
622.56,14,1321,3,0,2.33,P2P,Electronics,iOS,No,suspicious
9882.1,8,1072,4,1,0.7,P2P,Jewelry,Android,No,fraud
232.5,17,1009,2,1,8.05,P2P,Fuel,Android,No,suspicious
1596.55,11,727,4,2,2.79,Merchant,Jewelry,Android,No,fraud
1798.18,2,4221,2,0,0.54,P2P,Electronics,Android,No,suspicious
10924.19,10,581,2,0,3.25,Merchant,Electronics,Android,No,suspicious
2500.05,6,3992,2,0,1.66,Merchant,Jewelry,Android,Yes,suspicious
1170.0,15,3089,2,1,0.82,P2P,Electronics,iOS,No,fraud
272.08,5,1799,6,1,19.81,P2P,Travel,Android,No,suspicious
1236.68,13,1519,1,0,6.2,P2P,Electronics,iOS,Yes,suspicious
2741.18,6,3156,6,1,5.8,P2P,Groceries,Android,No,fraud
716.35,20,454,3,0,1.12,Merchant,Travel,iOS,No,suspicious
1014.71,15,3850,5,0,3.68,P2P,Electronics,Android,No,suspicious
249.56,17,1491,2,0,6.61,Merchant,Fuel,Android,No,safe
2500.04,20,4068,1,1,8.86,P2P,Electronics,iOS,No,fraud
1081.97,12,4473,3,0,1.01,P2P,Electronics,Unknown,Yes,fraud
2599.84,14,3984,3,0,2.02,Merchant,Fuel,Android,Yes,suspicious
721.67,20,360,4,0,0.02,P2P,Groceries,Android,No,suspicious
2193.72,22,3049,3,0,3.67,P2P,Jewelry,Android,No,suspicious
8146.6,21,634,4,2,3.83,P2P,Groceries,Android,No,fraud
592.29,21,3217,2,0,0.06,P2P,Travel,Unknown,No,suspicious
1547.01,16,3809,7,0,9.16,P2P,Jewelry,Android,No,fraud
195.03,18,1486,3,1,3.71,P2P,Jewelry,iOS,No,suspicious
291.26,7,2091,0,0,3.06,P2P,Electronics,Android,No,safe
1357.0,6,1492,4,1,2.09,Merchant,Jewelry,Unknown,Yes,fraud
925.7,21,4629,2,1,0.11,P2P,Electronics,Android,No,fraud
195.6,14,4453,2,0,4.41,Merchant,Fuel,Android,Yes,suspicious
2660.61,9,3163,1,1,6.43,P2P,Travel,Android,No,suspicious
1602.14,10,3173,5,0,0.1,P2P,Fuel,Android,No,suspicious
5880.9,5,1686,2,0,1.09,P2P,Jewelry,iOS,No,suspicious
1193.57,19,2222,2,2,16.04,Merchant,Groceries,Android,No,fraud
1360.28,9,2595,5,1,2.56,P2P,Electronics,Android,No,fraud
1530.81,15,1002,3,0,0.68,Merchant,Fuel,Android,No,suspicious
353.71,16,4129,5,0,2.6,BillPay,Groceries,iOS,No,suspicious
2395.69,0,4306,1,0,2.14,P2P,Fuel,iOS,Yes,suspicious
639.6,23,1434,5,0,0.4,Merchant,Electronics,Android,No,suspicious
2086.18,12,3311,1,0,0.5,P2P,Travel,Android,Yes,suspicious
5137.35,13,4830,5,1,1.22,Merchant,Fuel,Android,Yes,fraud
23025.17,15,2525,4,0,0.98,P2P,Travel,Android,Yes,fraud
3436.11,13,928,2,0,0.47,P2P,Jewelry,Android,No,suspicious
987.55,6,1694,2,0,3.23,P2P,Travel,iOS,Yes,suspicious
1091.5,21,310,2,1,7.63,Merchant,Travel,Android,No,suspicious
1404.09,21,4329,5,0,0.19,Merchant,Jewelry,Android,No,suspicious
1132.54,21,4972,2,0,7.5,Merchant,Jewelry,Unknown,Yes,fraud
600.53,23,2985,2,0,0.03,P2P,Electronics,iOS,Yes,suspicious
1169.37,13,2789,2,1,4.15,P2P,Groceries,Android,No,suspicious
5397.07,0,2041,3,2,11.0,BillPay,Fuel,Android,No,fraud
1008.72,15,1002,2,0,0.8,P2P,Jewelry,Android,No,suspicious
1009.98,12,4526,3,1,15.19,P2P,Electronics,Android,Yes,fraud
545.16,15,2775,8,0,0.7,P2P,Electronics,Android,Yes,fraud
389.06,19,2752,2,2,9.17,P2P,Fuel,iOS,No,fraud
482.65,4,4315,2,0,1.45,Merchant,Electronics,Android,No,suspicious
662.08,1,3319,4,0,3.55,P2P,Fuel,Android,No,suspicious
690.37,18,2203,2,0,6.65,P2P,Fuel,Android,Yes,suspicious
3956.48,13,2143,2,0,5.84,Merchant,Electronics,Android,No,suspicious
1563.35,22,1993,2,1,0.6,P2P,Electronics,Android,Yes,fraud
1262.0,15,37,2,0,3.46,Merchant,Travel,Android,Yes,suspicious
4157.17,15,4643,5,1,0.39,Merchant,Travel,Android,No,fraud
4228.47,13,3162,3,0,0.92,Merchant,Electronics,Unknown,No,fraud
3094.32,10,443,3,0,8.42,Merchant,Fuel,Android,No,suspicious
819.01,1,3347,1,0,1.73,Merchant,Travel,Android,No,suspicious
1329.67,5,2409,3,1,4.18,Merchant,Jewelry,Android,No,fraud
1615.99,9,1621,5,0,0.34,P2P,Jewelry,Android,No,suspicious
871.99,20,327,8,1,20.26,P2P,Groceries,Android,No,fraud
661.02,14,191,4,0,0.86,Merchant,Jewelry,Android,No,suspicious
2803.87,7,2137,2,0,4.26,P2P,Electronics,iOS,Yes,suspicious
891.27,11,980,4,1,2.25,P2P,Electronics,iOS,Yes,fraud
372.96,7,1513,5,1,3.71,Merchant,Jewelry,Android,No,fraud
10587.85,10,2365,3,0,11.91,P2P,Fuel,Android,No,suspicious
5692.43,19,1870,4,0,4.36,P2P,Fuel,Android,No,suspicious
1230.74,21,3952,4,0,10.38,BillPay,Travel,Android,No,suspicious
5163.0,21,2982,3,1,13.6,P2P,Groceries,Android,Yes,fraud
2552.86,11,2287,1,2,0.15,BillPay,Fuel,iOS,Yes,fraud
7100.0,14,3777,1,0,1.18,P2P,Electronics,iOS,No,suspicious
2298.59,18,976,7,0,4.66,P2P,Electronics,Android,No,fraud
13511.5,2,627,3,0,4.41,Merchant,Fuel,iOS,No,suspicious
1400.49,14,1455,0,0,0.3,P2P,Groceries,Android,Yes,suspicious
2430.42,2,717,3,0,2.72,Merchant,Electronics,iOS,Yes,fraud
233.57,3,308,2,0,1.08,P2P,Travel,iOS,Yes,suspicious
11984.51,12,4698,3,0,3.99,BillPay,Jewelry,Android,No,suspicious
1731.5,17,4100,1,0,2.32,P2P,Electronics,Android,Yes,suspicious
2295.46,9,4294,3,0,4.23,BillPay,Fuel,Android,Yes,suspicious
3038.61,12,1939,4,0,15.55,P2P,Fuel,Android,No,suspicious
1506.16,1,1196,1,1,7.54,Merchant,Electronics,Unknown,Yes,fraud
2114.87,6,4708,4,1,1.74,P2P,Electronics,Android,Yes,fraud
5400.33,12,1902,2,0,1.04,BillPay,Jewelry,Android,Yes,fraud
3182.33,14,4260,7,0,7.94,Merchant,Electronics,Android,No,fraud
5346.82,10,354,6,0,7.25,P2P,Travel,Android,No,suspicious
2080.17,5,3362,4,0,2.33,Merchant,Electronics,iOS,No,suspicious
816.36,0,1319,3,0,21.41,Merchant,Travel,Android,No,suspicious
2354.23,16,4043,2,0,3.17,P2P,Electronics,Android,No,suspicious
2800.71,19,1731,3,1,10.04,BillPay,Travel,iOS,No,fraud
11892.99,1,2898,1,0,11.73,Merchant,Fuel,Android,No,suspicious
2957.54,3,2228,3,3,3.53,Merchant,Groceries,Android,Yes,fraud
1241.47,7,4782,3,0,0.01,P2P,Travel,Android,Yes,suspicious
1740.07,14,1031,2,0,9.27,Merchant,Travel,Android,Yes,suspicious
1422.91,12,865,5,0,0.44,P2P,Groceries,Android,No,suspicious
1767.78,20,2396,7,0,6.22,Merchant,Fuel,Android,Yes,fraud
6584.44,22,1720,2,0,3.69,Merchant,Jewelry,Android,No,suspicious
1516.61,18,3418,6,1,7.27,Merchant,Fuel,Android,No,fraud
732.2,4,549,4,0,4.53,BillPay,Fuel,Android,No,suspicious
503.69,4,1201,4,0,7.08,P2P,Travel,iOS,No,suspicious
4661.53,17,2590,0,0,5.85,BillPay,Fuel,Android,No,safe
1580.43,19,4605,1,0,8.42,P2P,Travel,Android,No,safe
590.13,22,4401,0,1,1.48,BillPay,Jewelry,Android,No,suspicious
621.39,17,1927,5,1,0.5,P2P,Electronics,Android,Yes,fraud
2749.97,8,2740,4,0,3.79,P2P,Groceries,Android,Yes,suspicious
12251.3,19,3089,2,2,5.2,P2P,Electronics,Unknown,No,fraud
454.66,10,4344,1,0,0.52,P2P,Fuel,iOS,No,safe
1153.51,14,2274,2,0,4.22,P2P,Fuel,Android,No,safe
4768.43,1,722,1,0,1.02,P2P,Jewelry,Android,No,suspicious
5590.68,6,2423,4,0,3.98,P2P,Groceries,Android,Yes,suspicious
1037.77,5,117,2,0,9.56,Merchant,Groceries,iOS,Yes,suspicious
2065.33,17,882,5,1,0.34,P2P,Groceries,Android,Yes,fraud
2281.89,1,4591,2,0,1.73,Merchant,Fuel,Unknown,No,fraud
424.14,12,261,4,0,3.89,BillPay,Fuel,Android,Yes,suspicious
1894.06,12,3531,2,0,8.99,P2P,Travel,Android,No,suspicious
1991.93,3,60,6,0,3.95,Merchant,Groceries,Unknown,Yes,fraud
3321.94,2,1904,3,0,1.03,P2P,Jewelry,Android,No,fraud
677.85,19,2080,5,1,6.94,Merchant,Electronics,Android,No,fraud
485.51,21,2394,7,1,9.92,Merchant,Travel,Android,Yes,fraud
9302.0,14,338,2,0,6.65,P2P,Groceries,iOS,No,suspicious
5413.39,15,1472,2,1,9.8,BillPay,Fuel,Android,No,fraud
1531.88,12,462,1,0,5.71,P2P,Electronics,iOS,No,suspicious
610.94,15,807,2,1,0.95,Merchant,Jewelry,iOS,No,fraud
445.36,9,4020,4,0,4.29,Merchant,Fuel,Android,No,suspicious
1109.91,7,4667,4,1,8.11,P2P,Travel,Android,No,suspicious
2451.11,18,3205,1,0,1.12,P2P,Travel,Android,No,safe
1482.01,20,2105,2,0,7.1,Merchant,Fuel,Android,No,suspicious
4326.67,5,363,1,0,1.04,Merchant,Jewelry,iOS,Yes,suspicious
2491.24,21,32,2,0,0.85,BillPay,Groceries,iOS,No,suspicious
5623.74,9,275,5,0,5.9,Merchant,Fuel,Android,No,suspicious
940.97,7,4917,4,1,4.5,Merchant,Fuel,Android,Yes,fraud
3376.15,22,591,1,0,0.73,P2P,Jewelry,iOS,Yes,suspicious
755.35,20,2963,1,1,1.47,BillPay,Electronics,iOS,Yes,fraud
918.84,19,3958,0,0,1.2,P2P,Groceries,Android,No,safe
2029.2,7,2376,1,0,0.38,Merchant,Jewelry,Android,No,suspicious
2285.13,15,2450,5,0,3.24,P2P,Fuel,Android,Yes,suspicious
2488.93,13,2839,5,1,6.34,Merchant,Groceries,Android,Yes,fraud
3674.82,21,4661,1,0,0.48,Merchant,Electronics,Android,No,suspicious
2510.76,13,2765,1,0,7.97,BillPay,Electronics,Android,No,suspicious
660.29,12,171,4,0,1.72,BillPay,Electronics,iOS,No,suspicious
1438.48,16,4503,4,0,1.4,P2P,Fuel,iOS,No,suspicious
2550.76,3,1826,1,1,5.16,P2P,Groceries,Android,Yes,fraud
6574.62,1,1421,2,0,0.23,BillPay,Electronics,Unknown,Yes,fraud
2016.96,10,4457,3,0,2.56,P2P,Travel,iOS,No,suspicious
2700.24,3,3097,0,1,9.73,Merchant,Travel,iOS,No,fraud
7849.32,1,2079,7,1,4.86,P2P,Fuel,Android,No,fraud
2180.42,21,1754,2,0,6.22,P2P,Fuel,iOS,No,suspicious
1510.75,5,1625,4,1,3.91,P2P,Fuel,Android,Yes,fraud
7896.28,18,1404,3,0,6.36,P2P,Jewelry,iOS,Yes,fraud
2296.16,0,3977,1,1,3.33,P2P,Groceries,Android,No,fraud
313.49,0,2380,3,1,0.02,P2P,Electronics,Android,Yes,fraud
298.37,15,2662,3,0,1.01,P2P,Jewelry,Android,No,suspicious
4585.16,18,3546,4,1,13.43,Merchant,Jewelry,Android,No,fraud
5413.07,19,3167,2,0,0.92,P2P,Travel,Android,No,suspicious
9310.06,7,2784,2,2,0.39,P2P,Electronics,Android,No,fraud
878.28,2,2221,4,3,2.21,P2P,Groceries,Android,Yes,fraud
332.05,1,2304,3,1,10.69,P2P,Electronics,Android,Yes,fraud
2716.97,14,3921,3,1,11.38,P2P,Jewelry,Android,No,fraud
1475.18,14,1319,1,2,5.39,P2P,Groceries,Android,No,fraud
1398.25,12,3585,2,2,1.94,P2P,Jewelry,Android,No,fraud
1545.43,15,3328,4,0,5.6,P2P,Jewelry,Android,Yes,fraud
8727.82,4,3649,2,1,2.96,BillPay,Electronics,Unknown,Yes,fraud
843.89,4,1322,1,2,5.08,P2P,Travel,Android,Yes,fraud
6358.96,18,1497,3,0,3.23,P2P,Groceries,iOS,Yes,suspicious
1674.69,18,3365,4,0,2.81,Merchant,Electronics,Android,No,suspicious
226.04,1,3284,4,1,2.67,P2P,Groceries,Android,Yes,fraud
543.34,9,602,3,1,1.2,P2P,Groceries,iOS,Yes,fraud
715.09,5,590,0,0,0.52,P2P,Electronics,Android,No,suspicious
942.83,11,1525,10,0,15.87,P2P,Electronics,Android,Yes,fraud
967.04,12,2486,3,1,4.64,Merchant,Groceries,Android,No,suspicious
1394.18,4,3006,5,1,12.14,P2P,Travel,Android,No,fraud
1047.7,20,4853,0,0,1.76,P2P,Fuel,Android,Yes,suspicious
1091.39,10,3733,4,0,6.17,P2P,Fuel,iOS,No,suspicious
15846.32,21,2357,4,0,5.53,P2P,Jewelry,Android,No,fraud
2899.94,20,4061,0,0,1.73,P2P,Jewelry,Android,Yes,suspicious
9856.41,7,4874,2,0,3.25,BillPay,Fuel,Android,Yes,suspicious
277.61,19,4891,2,0,2.73,P2P,Groceries,iOS,No,safe
3026.51,4,3590,3,0,7.93,P2P,Electronics,Android,No,fraud
1753.46,18,1518,3,0,1.48,P2P,Fuel,Android,No,suspicious
2280.87,11,1958,2,3,2.27,BillPay,Electronics,Android,No,fraud
3371.25,18,2530,4,2,1.92,P2P,Electronics,Android,No,fraud
9739.28,10,4127,6,3,9.39,P2P,Groceries,Android,No,fraud
341.09,22,1499,4,0,1.75,P2P,Jewelry,Android,Yes,suspicious
4834.74,13,404,6,0,20.02,Merchant,Jewelry,iOS,No,fraud
347.6,7,4419,1,0,4.42,P2P,Electronics,Android,No,suspicious
2240.24,7,447,5,1,0.99,P2P,Groceries,iOS,No,fraud
287.31,0,1221,6,0,0.81,P2P,Electronics,Android,No,fraud
1891.05,18,3578,1,1,7.19,BillPay,Fuel,Android,No,suspicious
886.99,15,3773,0,1,3.72,Merchant,Electronics,Android,No,suspicious
2743.38,3,3427,3,0,0.39,P2P,Travel,Android,No,suspicious
384.29,10,3232,3,1,3.74,BillPay,Travel,iOS,Yes,fraud
1588.13,10,2271,2,0,1.02,P2P,Groceries,Android,No,suspicious
1509.12,1,1712,2,0,3.35,P2P,Jewelry,Android,Yes,fraud
1899.53,12,3645,3,1,10.65,P2P,Jewelry,Android,No,fraud
40.92,4,4015,4,1,0.9,P2P,Groceries,Android,Yes,fraud
15873.95,21,4425,0,0,10.61,P2P,Groceries,Android,Yes,suspicious
2035.28,19,744,4,0,1.18,P2P,Electronics,Unknown,Yes,fraud
963.96,7,2305,4,0,6.16,BillPay,Groceries,Android,Yes,suspicious
954.53,1,3324,5,1,1.14,P2P,Fuel,Unknown,No,fraud
424.21,20,861,4,1,2.6,Merchant,Jewelry,iOS,Yes,fraud
258.12,20,1582,3,0,4.92,P2P,Electronics,Android,Yes,suspicious
559.96,19,3102,3,0,7.63,Merchant,Electronics,iOS,No,suspicious
1985.01,20,3801,2,1,3.13,P2P,Travel,Android,No,suspicious
2036.67,13,259,1,0,7.34,Merchant,Groceries,Android,Yes,suspicious
1291.35,11,700,2,0,0.9,P2P,Jewelry,iOS,No,suspicious
1253.06,9,2390,2,0,1.54,P2P,Electronics,iOS,No,suspicious
5641.0,16,56,3,1,8.21,P2P,Groceries,Android,No,fraud
363.32,7,3814,1,0,4.6,P2P,Electronics,Android,Yes,suspicious
1891.38,20,2804,2,0,17.35,Merchant,Jewelry,Android,No,suspicious
1011.48,0,1961,0,0,16.71,BillPay,Fuel,Android,Yes,suspicious
2130.3,22,508,1,0,9.14,Merchant,Electronics,iOS,Yes,suspicious
2778.88,21,4447,2,2,4.35,P2P,Electronics,Android,Yes,fraud
885.08,0,18,4,0,12.79,P2P,Jewelry,iOS,Yes,fraud
205.74,9,3865,5,1,8.56,P2P,Groceries,Android,Yes,fraud
3229.93,16,1952,1,1,7.1,Merchant,Travel,iOS,No,suspicious
180.74,19,4345,1,0,1.22,P2P,Fuel,Android,No,safe
2062.85,13,2912,6,0,5.29,P2P,Electronics,Android,No,fraud
2474.51,6,1902,4,0,2.11,P2P,Fuel,Android,No,suspicious
8048.06,15,121,7,1,12.25,P2P,Jewelry,iOS,No,fraud
271.61,13,435,2,0,17.6,BillPay,Travel,Android,No,safe
5679.85,20,2628,7,0,2.69,Merchant,Jewelry,Android,Yes,fraud
12833.9,15,2643,2,1,0.79,P2P,Electronics,Android,Yes,fraud
2526.95,21,506,5,1,4.18,Merchant,Groceries,iOS,No,fraud
2360.94,7,3360,3,1,2.03,Merchant,Travel,Android,No,suspicious
1194.29,1,120,2,0,0.21,P2P,Groceries,Android,No,suspicious
349.74,22,2611,3,0,35.54,P2P,Travel,iOS,No,safe
4781.65,12,2025,6,0,3.33,Merchant,Groceries,Android,No,suspicious
1780.27,10,4984,6,0,1.43,Merchant,Electronics,iOS,No,fraud
383.89,11,3,4,2,15.91,P2P,Jewelry,Android,No,fraud
1274.54,18,1429,1,0,2.97,P2P,Electronics,iOS,Yes,suspicious
8514.12,11,2261,4,1,11.77,P2P,Electronics,iOS,Yes,fraud
2357.59,21,2666,3,0,1.54,P2P,Groceries,Android,Yes,suspicious
4303.48,19,200,2,0,7.57,Merchant,Jewelry,Android,No,suspicious
1160.73,20,1809,3,1,9.66,P2P,Travel,Android,No,suspicious
948.44,5,2743,5,1,0.91,P2P,Travel,Android,Yes,fraud
2305.74,12,3575,5,0,11.99,Merchant,Fuel,iOS,No,suspicious
1821.16,18,1958,2,0,8.73,Merchant,Jewelry,Android,No,suspicious
94.77,23,4965,3,1,5.82,Merchant,Fuel,iOS,No,suspicious
2252.47,14,1592,2,1,6.22,P2P,Travel,Android,No,suspicious
200.33,11,731,5,1,0.26,P2P,Fuel,Android,No,suspicious
528.37,22,1407,3,2,1.46,Merchant,Groceries,Android,No,fraud
131.33,4,962,2,0,6.67,P2P,Jewelry,Android,No,suspicious
476.98,13,3248,5,0,2.85,P2P,Electronics,iOS,No,suspicious
4247.5,19,3683,5,1,5.54,P2P,Travel,Android,No,fraud
4771.26,15,4587,4,1,0.78,P2P,Fuel,iOS,No,fraud
4039.74,16,3679,3,0,7.19,P2P,Travel,Android,Yes,suspicious
1497.75,2,830,4,0,24.57,Merchant,Groceries,Android,No,suspicious
587.46,7,3411,4,2,0.93,P2P,Electronics,Unknown,No,fraud
2950.23,15,2140,4,0,1.94,P2P,Fuel,Android,Yes,suspicious
1594.71,17,2359,2,0,4.44,P2P,Fuel,iOS,Yes,suspicious
1489.75,14,341,6,0,2.08,P2P,Jewelry,Android,No,suspicious
2624.37,21,2715,4,0,0.15,P2P,Fuel,Android,No,suspicious
11329.37,0,689,1,0,0.1,P2P,Travel,Android,No,suspicious
1661.67,11,711,3,0,1.62,BillPay,Fuel,Android,No,suspicious
133.09,13,555,0,1,0.03,P2P,Electronics,iOS,No,suspicious
4759.98,4,2391,4,0,18.96,P2P,Jewelry,iOS,No,fraud
341.04,18,618,1,2,0.98,P2P,Fuel,Android,Yes,fraud
2141.57,22,59,4,1,0.17,Merchant,Electronics,iOS,No,fraud
1009.3,19,690,5,0,1.01,P2P,Fuel,Android,No,suspicious
1599.94,9,3267,5,1,0.3,P2P,Electronics,Android,No,fraud
1064.97,6,4720,7,0,14.58,P2P,Electronics,Android,No,fraud
1760.23,15,3380,3,0,2.06,Merchant,Jewelry,Android,No,suspicious
230.52,8,1888,3,0,2.62,P2P,Travel,Android,Yes,suspicious
1559.63,11,648,3,0,1.22,P2P,Jewelry,Android,No,suspicious
984.23,13,4664,4,1,3.89,P2P,Fuel,Android,No,suspicious
3001.45,13,3625,3,1,2.22,P2P,Jewelry,Android,No,fraud
19775.2,2,3199,1,1,4.9,P2P,Fuel,Android,No,fraud
2077.23,11,1747,2,0,7.44,P2P,Groceries,Android,Yes,suspicious
3634.01,5,4837,3,0,7.28,P2P,Jewelry,Android,No,suspicious
1707.92,1,4643,4,0,1.44,P2P,Jewelry,Android,No,fraud
3575.37,18,4283,8,2,0.17,Merchant,Fuel,Android,Yes,fraud
2645.42,9,227,2,0,5.77,P2P,Electronics,Android,No,suspicious
196.35,15,4603,3,1,0.81,Merchant,Travel,Android,No,suspicious
1382.45,10,1673,2,0,0.14,P2P,Travel,Android,No,suspicious
965.47,11,30,4,0,5.93,P2P,Jewelry,Android,Yes,fraud
3796.29,10,4660,1,1,0.08,P2P,Jewelry,Unknown,Yes,fraud
4309.79,22,1439,6,0,15.45,Merchant,Fuel,Android,No,suspicious
12385.85,10,680,3,0,2.36,Merchant,Fuel,iOS,No,suspicious
1133.39,0,1876,3,0,13.29,P2P,Travel,Android,No,suspicious
1412.14,0,4293,3,1,2.76,P2P,Fuel,Android,No,fraud
86.45,9,4508,3,0,1.36,BillPay,Fuel,Android,No,safe
1121.55,18,3853,7,1,5.2,Merchant,Travel,Unknown,Yes,fraud
2631.13,21,4974,3,0,2.1,P2P,Groceries,Android,No,suspicious
262.85,6,4322,2,0,9.62,P2P,Jewelry,Unknown,No,suspicious
562.39,18,3184,2,0,8.41,P2P,Fuel,Android,Yes,suspicious
1494.38,13,3833,4,0,0.29,P2P,Fuel,Android,Yes,suspicious
1004.62,23,594,1,1,3.88,P2P,Electronics,iOS,Yes,fraud
329.91,4,299,5,0,7.24,P2P,Jewelry,Android,No,suspicious
1426.09,0,596,5,0,6.44,P2P,Travel,iOS,No,suspicious
948.69,12,53,2,0,1.29,P2P,Jewelry,Android,No,suspicious
1140.29,6,1124,1,0,20.58,Merchant,Electronics,Android,No,suspicious
1245.33,15,1746,4,3,14.06,P2P,Travel,iOS,No,fraud
2362.24,13,4117,5,0,3.71,BillPay,Electronics,Android,Yes,fraud
1644.59,17,260,3,2,12.15,P2P,Electronics,Android,No,fraud
2924.85,12,2622,2,0,0.02,P2P,Groceries,Android,No,suspicious
2323.04,4,1754,5,0,0.37,P2P,Travel,Android,No,suspicious
992.4,13,1891,0,0,1.31,P2P,Travel,Android,No,safe
4051.28,20,4771,4,1,3.73,P2P,Jewelry,Android,No,fraud
584.43,16,1948,5,0,4.72,P2P,Jewelry,Unknown,Yes,fraud
12253.35,19,233,4,0,3.26,P2P,Travel,Android,Yes,fraud
6409.44,10,1141,2,0,3.95,P2P,Groceries,Android,No,suspicious
1203.22,15,3573,4,0,7.5,Merchant,Fuel,Android,No,suspicious
757.5,18,2624,3,1,1.39,P2P,Fuel,Android,No,suspicious
4548.58,20,2583,2,0,1.67,P2P,Jewelry,Android,Yes,fraud
6569.6,4,3426,2,0,1.89,P2P,Fuel,iOS,No,suspicious
7650.66,13,2729,2,1,4.62,BillPay,Groceries,Android,No,fraud
876.25,23,820,5,2,0.43,Merchant,Groceries,iOS,No,fraud
4274.0,6,2394,4,0,5.16,P2P,Fuel,Android,No,suspicious
2130.8,1,357,4,0,2.85,Merchant,Electronics,Android,No,fraud
2344.16,16,1583,1,0,5.68,Merchant,Groceries,iOS,No,safe
492.88,9,404,1,0,1.87,P2P,Electronics,iOS,No,suspicious
2191.17,5,407,3,1,0.06,P2P,Groceries,Android,No,suspicious
2956.66,5,1509,2,0,0.73,Merchant,Travel,Android,No,suspicious
6864.9,16,239,5,0,2.71,P2P,Fuel,Android,No,suspicious
2247.23,9,2519,2,1,3.54,P2P,Fuel,Android,No,suspicious
976.54,0,160,2,0,2.38,P2P,Fuel,Android,Yes,suspicious
708.12,21,3752,6,0,9.83,Merchant,Jewelry,Android,Yes,fraud
2013.22,15,3310,0,0,3.99,P2P,Travel,Android,No,safe
6557.32,1,2447,2,0,0.58,Merchant,Jewelry,Android,Yes,fraud
454.67,3,2588,3,0,1.12,P2P,Electronics,iOS,Yes,fraud
1155.72,15,4626,3,0,4.59,Merchant,Fuel,Android,No,suspicious
1065.03,10,4849,2,0,9.01,P2P,Travel,Android,Yes,suspicious
177.81,21,74,1,1,6.98,P2P,Electronics,iOS,No,fraud
3325.75,1,1993,3,0,3.16,P2P,Fuel,Android,Yes,fraud
1073.63,5,3973,3,0,0.72,P2P,Jewelry,iOS,No,suspicious
1504.6,8,3179,2,3,3.67,P2P,Fuel,Android,No,fraud
4164.37,12,3476,3,1,1.62,P2P,Electronics,Android,No,fraud
875.0,13,2235,4,0,3.67,P2P,Jewelry,iOS,No,suspicious
2295.62,9,3413,2,1,0.41,P2P,Jewelry,Android,Yes,fraud
774.75,1,2901,4,0,0.21,BillPay,Travel,Android,Yes,suspicious
8015.62,15,939,4,1,6.42,P2P,Groceries,iOS,No,fraud
4545.82,12,3189,2,2,2.4,P2P,Jewelry,Android,No,fraud
1834.1,19,884,3,0,2.67,Merchant,Groceries,iOS,No,suspicious
21584.04,13,2634,7,1,7.07,P2P,Fuel,iOS,Yes,fraud
1041.44,2,4956,5,0,5.7,Merchant,Jewelry,Android,Yes,fraud
276.93,2,790,1,0,4.1,Merchant,Travel,Android,Yes,suspicious
1037.39,14,2626,1,2,1.02,BillPay,Fuel,Android,No,fraud
1833.95,0,461,1,0,1.59,BillPay,Groceries,iOS,No,suspicious
935.5,9,4928,3,1,8.81,P2P,Electronics,Android,Yes,fraud
7084.39,14,1884,4,1,1.16,P2P,Travel,Android,No,fraud
30277.91,17,460,1,0,4.9,Merchant,Electronics,Android,No,suspicious
8013.96,0,812,4,1,2.68,BillPay,Travel,Android,No,fraud
1469.42,12,3232,5,0,1.27,P2P,Jewelry,Android,Yes,fraud
8370.02,18,1770,5,0,5.93,Merchant,Electronics,Android,No,fraud
2180.54,3,3961,3,0,2.02,P2P,Electronics,Android,Yes,fraud
1571.31,15,1672,0,0,7.24,P2P,Fuel,iOS,No,safe
807.73,19,260,3,0,16.61,P2P,Fuel,Unknown,Yes,fraud
2781.66,18,2953,3,0,1.12,P2P,Fuel,Android,Yes,suspicious
3418.11,14,2984,4,0,15.93,Merchant,Jewelry,Android,Yes,fraud
4600.32,3,1064,4,1,0.51,Merchant,Fuel,Android,Yes,fraud
833.98,10,2663,1,1,4.87,BillPay,Groceries,Unknown,No,fraud
373.66,21,2683,2,1,6.57,P2P,Fuel,Android,No,suspicious
1626.85,11,4341,5,2,2.21,Merchant,Groceries,Android,No,fraud
2160.26,8,1988,4,0,11.4,Merchant,Travel,iOS,Yes,suspicious
1124.59,20,1620,6,0,3.05,P2P,Travel,iOS,No,suspicious
403.56,12,1391,4,0,1.17,Merchant,Jewelry,iOS,Yes,suspicious
5404.82,22,4963,3,0,2.83,P2P,Electronics,Android,No,suspicious
3200.36,18,4698,0,0,0.39,BillPay,Fuel,iOS,No,safe
4269.58,15,4619,4,1,2.16,BillPay,Jewelry,iOS,Yes,fraud
12546.67,7,4777,5,0,10.1,P2P,Electronics,iOS,Yes,fraud
6544.3,11,835,3,0,3.7,P2P,Fuel,iOS,No,suspicious
6066.92,10,2252,3,0,11.3,Merchant,Jewelry,Android,Yes,fraud
2381.43,7,4225,4,0,1.16,P2P,Electronics,Android,No,suspicious
6771.68,11,3928,4,0,1.72,Merchant,Groceries,Android,Yes,suspicious
1614.36,12,1822,2,1,5.69,P2P,Jewelry,iOS,No,fraud
790.66,16,525,4,1,3.57,Merchant,Electronics,Android,No,fraud
1135.75,14,4129,2,0,3.78,P2P,Electronics,iOS,No,suspicious
3944.45,11,2020,2,0,0.72,P2P,Travel,Android,No,suspicious
1977.28,8,3512,0,0,0.22,Merchant,Groceries,Android,No,safe
1047.0,18,3006,3,0,4.23,P2P,Groceries,Android,No,suspicious
3449.64,14,3320,5,0,4.04,BillPay,Fuel,Android,Yes,suspicious
1252.46,4,640,4,1,1.83,P2P,Fuel,Android,Yes,fraud
412.69,19,2118,2,0,14.34,Merchant,Fuel,iOS,Yes,suspicious
194.31,6,4803,5,0,1.44,P2P,Travel,Android,No,suspicious
1499.02,14,1172,4,0,5.79,P2P,Jewelry,Android,No,suspicious
2559.86,23,3072,5,0,0.49,P2P,Electronics,iOS,No,suspicious
2674.22,20,3263,4,1,0.73,P2P,Jewelry,Android,No,fraud
4088.05,1,4078,3,1,3.83,P2P,Electronics,Android,No,fraud
903.42,0,575,2,1,1.63,P2P,Groceries,Android,No,fraud
653.14,18,2685,3,1,0.33,BillPay,Jewelry,Android,Yes,fraud
297.44,13,881,3,0,10.31,P2P,Travel,Android,No,safe
990.24,19,4022,6,0,6.38,Merchant,Electronics,Android,Yes,fraud
308.15,20,1222,6,0,1.51,P2P,Travel,Android,No,suspicious
5247.96,16,3264,1,1,13.79,P2P,Electronics,Android,No,fraud
1986.46,3,1856,3,1,3.25,Merchant,Fuel,iOS,No,fraud
3601.39,8,4193,3,1,5.09,P2P,Travel,Android,No,fraud
2364.92,6,4464,1,0,2.78,Merchant,Jewelry,iOS,Yes,suspicious
547.02,17,2279,4,1,1.79,BillPay,Fuel,Android,Yes,fraud
226.91,18,2049,2,0,10.57,BillPay,Travel,iOS,Yes,suspicious
2438.14,6,28,3,0,8.08,P2P,Fuel,Android,No,suspicious
3635.74,4,2379,3,0,3.4,Merchant,Travel,iOS,Yes,fraud
16447.29,16,2671,4,0,9.2,P2P,Travel,Android,No,suspicious
328.24,21,4596,3,0,9.09,P2P,Fuel,Android,No,safe
12855.2,15,3996,3,0,1.88,P2P,Fuel,Android,Yes,suspicious
2608.87,7,4830,0,1,18.15,P2P,Electronics,Android,Yes,fraud
4693.74,20,3830,3,2,8.11,P2P,Fuel,Android,Yes,fraud
1646.52,10,2320,4,0,7.43,P2P,Travel,Android,Yes,suspicious
941.13,1,2222,1,1,0.87,P2P,Travel,Android,No,suspicious
7711.75,15,4035,4,0,9.03,Merchant,Travel,Android,No,suspicious
364.74,11,2770,3,1,2.3,P2P,Travel,Android,No,suspicious
3826.04,19,4159,7,0,5.23,P2P,Fuel,iOS,Yes,fraud
7887.38,14,2769,4,0,2.42,P2P,Electronics,Android,Yes,fraud
4242.36,21,2925,2,0,2.1,BillPay,Electronics,iOS,Yes,fraud
207.41,23,3864,4,0,6.95,BillPay,Fuel,iOS,Yes,suspicious
4802.29,2,730,3,1,8.44,Merchant,Fuel,Android,No,fraud
1316.68,12,1232,3,1,2.58,BillPay,Electronics,iOS,Yes,fraud
195.61,14,4643,3,0,2.24,Merchant,Travel,Android,No,safe
502.47,15,1149,2,0,0.86,Merchant,Groceries,iOS,No,safe
1769.48,13,3917,2,0,6.72,P2P,Electronics,Android,No,suspicious
494.62,6,1415,3,0,7.99,Merchant,Groceries,iOS,No,safe
2571.05,7,2726,1,0,0.68,P2P,Travel,Android,Yes,suspicious
4018.52,21,4782,2,0,11.81,P2P,Fuel,Android,No,suspicious
2801.1,16,3350,3,1,4.79,P2P,Fuel,Android,No,fraud
1390.21,14,3269,2,1,1.15,P2P,Travel,Android,Yes,fraud
5371.77,12,179,2,0,2.32,P2P,Groceries,Android,Yes,suspicious
3836.95,19,4380,2,0,1.34,P2P,Jewelry,Android,No,suspicious
1939.95,16,1030,5,0,2.18,Merchant,Jewelry,Android,Yes,fraud
586.42,7,1351,1,0,2.36,P2P,Travel,Android,No,safe
6456.54,21,4316,4,0,0.23,P2P,Jewelry,Android,Yes,fraud
1371.81,10,4404,2,0,0.99,Merchant,Jewelry,Android,No,suspicious
2680.22,21,4514,1,0,19.22,Merchant,Jewelry,Android,Yes,suspicious
18245.55,17,3584,1,0,3.53,Merchant,Electronics,Android,No,suspicious
3690.47,10,3374,5,0,12.1,P2P,Jewelry,Android,Yes,fraud
556.4,9,776,2,0,0.45,P2P,Groceries,Android,Yes,suspicious
1218.71,9,1611,1,1,2.92,Merchant,Fuel,Android,No,suspicious
1103.96,19,366,3,0,6.97,P2P,Electronics,Android,No,suspicious
2955.28,10,4928,3,0,8.89,P2P,Groceries,Android,No,suspicious
4405.95,17,561,2,0,3.17,Merchant,Fuel,Android,Yes,suspicious
421.59,19,4593,1,1,1.92,P2P,Electronics,Android,Yes,fraud
1777.54,3,3143,4,1,14.21,Merchant,Groceries,iOS,No,fraud
4340.81,15,2719,2,1,4.4,P2P,Jewelry,Android,No,fraud
4845.94,3,3487,2,2,5.29,P2P,Fuel,Android,No,fraud
1044.29,8,1450,6,0,4.49,Merchant,Fuel,Android,Yes,suspicious
154.02,20,1844,3,1,0.23,P2P,Electronics,Android,No,suspicious
2914.24,23,4765,3,0,8.09,P2P,Jewelry,Unknown,Yes,fraud
434.3,11,961,3,0,2.57,Merchant,Jewelry,Android,No,suspicious
672.34,7,1904,2,0,1.01,P2P,Groceries,Android,No,safe
1210.93,13,917,3,0,15.91,P2P,Electronics,Android,No,suspicious
2632.23,12,3238,1,0,2.65,Merchant,Electronics,Android,No,suspicious
3474.97,15,4994,8,1,0.18,P2P,Groceries,Android,No,fraud
3578.25,19,2388,1,0,8.47,P2P,Electronics,Android,No,suspicious
1263.94,18,4011,8,0,9.03,Merchant,Electronics,iOS,Yes,fraud
415.7,22,60,5,0,3.29,P2P,Groceries,iOS,Yes,fraud
2233.46,0,4259,3,0,0.45,P2P,Travel,Android,No,suspicious
727.16,5,3349,2,0,2.67,P2P,Travel,Android,No,safe
3995.62,12,2738,4,0,2.2,Merchant,Jewelry,iOS,No,suspicious
983.17,18,1721,5,0,1.6,P2P,Jewelry,Android,No,suspicious
3109.76,9,1556,4,0,4.23,P2P,Electronics,Android,No,suspicious
942.76,15,588,1,0,4.06,P2P,Electronics,Android,No,suspicious
1484.29,22,1879,5,0,2.12,P2P,Travel,Android,No,suspicious
1954.13,21,4229,0,0,3.14,Merchant,Fuel,iOS,No,safe
596.72,23,1918,1,0,6.3,Merchant,Groceries,Android,No,safe
8844.47,19,2895,3,1,9.54,Merchant,Groceries,Android,No,fraud
3057.39,8,3352,3,0,0.59,P2P,Electronics,Android,Yes,fraud
475.26,21,4917,2,0,2.46,Merchant,Fuel,iOS,No,safe
1477.19,9,4838,1,1,3.82,P2P,Travel,iOS,No,suspicious
4490.94,14,1723,2,0,11.79,Merchant,Travel,iOS,No,suspicious
5053.87,2,4657,5,0,3.12,P2P,Electronics,iOS,Yes,fraud
5317.95,12,1890,4,0,0.26,Merchant,Travel,Android,Yes,suspicious
533.38,6,1204,6,0,0.62,Merchant,Travel,iOS,No,suspicious
8410.29,12,2130,1,0,1.98,P2P,Groceries,Android,No,suspicious
1038.16,20,2728,3,0,0.18,P2P,Jewelry,Android,Yes,suspicious
1135.33,8,4936,3,0,3.54,P2P,Jewelry,Android,No,suspicious
1085.69,3,4432,2,1,1.52,P2P,Electronics,Android,No,fraud
1999.89,4,4712,1,0,5.85,P2P,Travel,Android,Yes,suspicious
412.56,19,3621,2,1,5.65,P2P,Fuel,iOS,No,suspicious
3117.2,14,4569,3,0,5.17,P2P,Electronics,Android,Yes,fraud
303.86,16,4217,3,0,13.28,P2P,Jewelry,Android,No,suspicious
6035.89,20,125,3,1,0.92,P2P,Fuel,Android,No,fraud
2522.38,9,1286,2,0,0.55,Merchant,Jewelry,Android,Yes,suspicious
249.53,16,2726,1,1,1.2,Merchant,Groceries,Android,Yes,suspicious
2771.05,21,1057,3,1,0.4,P2P,Electronics,Android,No,fraud
2035.95,21,1367,4,1,1.03,P2P,Electronics,Android,No,fraud
733.43,16,3152,2,1,2.78,P2P,Electronics,iOS,No,fraud
768.2,3,1426,3,0,2.67,P2P,Groceries,Unknown,Yes,fraud
542.83,2,1845,8,3,1.15,P2P,Groceries,Android,No,fraud
411.86,18,1224,2,0,6.02,P2P,Travel,Android,No,safe
541.16,19,271,3,0,1.57,Merchant,Electronics,Android,No,suspicious
3246.36,5,1487,5,0,1.36,Merchant,Travel,Android,No,suspicious
3432.41,6,4563,3,1,3.23,P2P,Electronics,Android,No,fraud
1097.03,1,2125,2,1,2.23,P2P,Travel,iOS,No,fraud
7589.2,7,3916,3,0,5.11,Merchant,Groceries,Android,No,suspicious
1051.69,17,1477,5,0,1.5,BillPay,Fuel,Android,No,suspicious
4254.8,13,2834,2,0,5.05,BillPay,Electronics,iOS,No,suspicious
1217.46,15,1954,2,0,6.8,P2P,Jewelry,Android,No,suspicious
1093.03,6,1365,5,0,9.92,Merchant,Jewelry,Android,No,suspicious
979.86,1,2639,3,1,0.23,P2P,Travel,Android,Yes,fraud
3606.98,8,2205,3,0,3.29,P2P,Travel,Android,No,suspicious
1233.68,12,2579,2,0,4.48,Merchant,Electronics,Android,No,suspicious
1588.95,17,3107,7,1,14.99,Merchant,Fuel,Android,No,fraud
10895.7,6,250,3,0,1.2,BillPay,Jewelry,Android,Yes,fraud
3040.3,4,4175,2,0,11.8,P2P,Electronics,Android,No,suspicious
4579.94,3,580,10,0,2.24,P2P,Groceries,Android,No,fraud
3150.78,22,3118,4,2,0.42,Merchant,Groceries,Android,No,fraud
2691.89,8,906,1,1,0.92,P2P,Travel,iOS,No,suspicious
5354.56,11,4650,5,0,0.55,P2P,Fuel,iOS,No,suspicious
2830.1,18,4183,6,1,1.49,BillPay,Travel,Android,Yes,fraud
2551.92,19,2004,2,1,2.82,P2P,Travel,Android,Yes,fraud
528.98,22,3134,1,1,9.73,P2P,Travel,Android,No,suspicious
386.09,10,1217,3,2,8.7,BillPay,Travel,Android,Yes,fraud
1092.15,2,84,1,0,3.06,Merchant,Fuel,Android,No,suspicious
144.86,4,2678,2,0,33.35,Merchant,Electronics,Android,No,suspicious
1836.61,8,3563,3,3,9.49,Merchant,Electronics,iOS,No,fraud
4079.67,6,1067,5,0,2.86,P2P,Jewelry,Android,No,fraud
1217.55,20,1382,1,2,1.15,P2P,Fuel,iOS,No,fraud
1880.89,10,369,6,0,13.89,P2P,Fuel,Android,No,suspicious
2395.05,11,1267,3,0,0.32,BillPay,Electronics,Android,Yes,fraud
1005.13,17,4064,3,0,10.5,Merchant,Fuel,iOS,Yes,suspicious
979.27,1,772,5,1,4.19,P2P,Groceries,iOS,No,fraud
234.73,7,4367,2,1,2.05,P2P,Electronics,Android,Yes,fraud
3930.83,1,3601,10,0,4.23,Merchant,Electronics,iOS,Yes,fraud
2482.68,9,4113,1,1,12.13,P2P,Travel,iOS,Yes,fraud
1469.93,14,4678,6,0,3.32,BillPay,Jewelry,Android,No,suspicious
391.18,11,920,2,1,2.37,P2P,Groceries,iOS,No,suspicious
799.9,19,4236,4,0,3.5,P2P,Electronics,Android,No,suspicious
768.64,7,2611,6,0,6.31,P2P,Travel,iOS,No,suspicious
397.28,23,4894,3,0,3.39,Merchant,Electronics,iOS,No,suspicious
1288.27,15,3219,3,1,1.35,P2P,Jewelry,iOS,No,fraud
904.84,18,2505,2,1,3.2,P2P,Jewelry,Android,Yes,fraud
4933.86,18,3875,3,0,1.69,Merchant,Groceries,Android,No,suspicious
1140.24,8,779,5,0,2.56,P2P,Electronics,Android,Yes,fraud
1393.51,15,1051,4,0,5.37,Merchant,Travel,iOS,No,suspicious
1109.49,1,3960,2,2,3.32,P2P,Fuel,iOS,No,fraud
1151.12,7,125,2,0,4.06,P2P,Travel,Android,Yes,suspicious
4451.72,3,2948,5,0,6.05,P2P,Groceries,iOS,Yes,fraud
1131.59,3,2588,2,0,3.11,BillPay,Electronics,Android,Yes,fraud
730.33,15,1507,1,0,17.93,P2P,Travel,iOS,No,safe
358.57,18,4754,2,0,4.54,BillPay,Groceries,iOS,No,safe
1374.89,7,4411,3,0,0.64,P2P,Electronics,Android,No,suspicious
634.93,4,659,1,0,1.97,P2P,Groceries,Android,No,suspicious
1344.33,12,2860,1,0,0.99,Merchant,Electronics,Unknown,No,suspicious
1235.83,15,776,1,1,1.92,P2P,Groceries,Android,No,suspicious
569.45,3,3751,6,0,2.04,Merchant,Fuel,Unknown,Yes,fraud
6064.41,18,260,1,0,0.29,P2P,Travel,Android,Yes,suspicious
5938.45,8,729,3,1,2.66,P2P,Travel,Android,No,fraud
16636.09,21,2042,3,1,1.98,P2P,Electronics,Android,No,fraud
2755.3,13,3317,5,0,9.48,P2P,Jewelry,Android,Yes,fraud
2045.24,21,2389,5,0,0.42,BillPay,Groceries,Android,No,suspicious
193.91,2,4044,3,0,26.7,P2P,Jewelry,iOS,Yes,fraud
4576.86,16,4711,2,2,3.46,P2P,Jewelry,Android,No,fraud
359.66,20,3523,3,0,3.25,P2P,Groceries,iOS,No,safe
3765.38,6,3404,4,1,3.85,P2P,Groceries,iOS,No,fraud
582.91,22,2361,4,0,1.6,Merchant,Groceries,Android,No,suspicious
2032.88,9,3668,6,1,13.09,Merchant,Electronics,Android,No,fraud
780.17,18,2735,4,0,0.45,Merchant,Jewelry,Android,No,suspicious
448.76,7,4729,1,0,3.28,P2P,Groceries,iOS,No,safe
1884.2,2,3518,4,2,6.65,P2P,Electronics,iOS,No,fraud
3022.29,1,2661,4,1,2.29,BillPay,Groceries,Android,No,fraud
1328.6,6,4466,0,0,4.04,Merchant,Jewelry,Android,No,suspicious
938.73,11,1137,3,0,0.09,P2P,Groceries,iOS,No,suspicious
8378.56,5,333,1,1,4.24,Merchant,Groceries,Android,No,suspicious
2230.14,10,4191,5,2,32.91,Merchant,Travel,iOS,No,fraud
2192.57,19,3564,2,0,1.14,P2P,Jewelry,Android,No,suspicious
1734.05,6,3557,4,0,6.27,Merchant,Jewelry,Android,No,suspicious
866.5,23,3204,3,1,5.22,Merchant,Travel,Android,No,suspicious
3074.43,2,2872,4,0,1.94,P2P,Electronics,iOS,Yes,fraud
2902.85,2,1703,4,1,3.65,P2P,Travel,Android,No,fraud
1299.08,19,3670,5,0,0.64,Merchant,Travel,iOS,Yes,suspicious
441.94,9,2393,4,0,0.75,BillPay,Electronics,Android,Yes,suspicious
2345.83,21,2236,0,1,7.13,Merchant,Groceries,iOS,No,suspicious
9200.05,1,3394,2,0,0.3,P2P,Jewelry,Android,Yes,fraud
275.72,18,1810,4,0,9.57,P2P,Electronics,Android,Yes,suspicious
881.69,18,621,2,0,2.1,P2P,Fuel,Android,No,safe
1536.65,16,4804,3,2,0.91,P2P,Jewelry,Android,No,fraud
694.26,13,1853,2,0,3.5,P2P,Fuel,iOS,No,safe
2990.47,11,810,1,1,5.83,P2P,Groceries,Android,Yes,fraud
803.27,22,3696,3,0,5.29,Merchant,Jewelry,Android,Yes,suspicious
2543.53,23,3744,4,1,3.23,P2P,Groceries,Android,No,fraud
1210.63,19,559,2,1,7.13,P2P,Groceries,Android,Yes,fraud
1161.48,15,3151,4,0,5.55,P2P,Jewelry,Android,No,suspicious
1888.06,12,4927,1,0,1.93,Merchant,Travel,iOS,No,safe
2198.8,14,1548,5,0,3.32,P2P,Groceries,Android,No,suspicious
1298.47,17,3869,6,1,0.32,P2P,Travel,Android,Yes,fraud
1596.99,5,3633,5,2,11.71,Merchant,Fuel,Android,No,fraud
944.3,7,783,2,1,0.15,P2P,Jewelry,Android,No,fraud
423.88,18,133,1,1,7.77,Merchant,Jewelry,Android,No,suspicious
2222.41,11,2399,1,0,13.75,Merchant,Fuel,iOS,Yes,suspicious
1553.85,13,2413,0,2,5.74,P2P,Groceries,Android,No,fraud
1022.73,11,4085,4,2,0.88,P2P,Travel,Android,No,fraud
340.57,20,4600,4,0,8.89,P2P,Groceries,Android,No,suspicious
1760.44,12,2514,5,0,1.19,BillPay,Groceries,Android,Yes,suspicious
1180.07,21,3065,2,2,1.39,P2P,Electronics,Android,No,fraud
2017.21,18,569,2,0,0.87,Merchant,Groceries,Android,No,suspicious
6845.64,18,2393,6,0,1.22,P2P,Electronics,Android,No,fraud
1372.12,9,4774,1,0,4.34,P2P,Fuel,Android,No,safe
938.12,19,2121,6,0,4.14,BillPay,Electronics,Unknown,No,fraud
2350.66,9,3774,3,0,4.25,Merchant,Fuel,Android,No,suspicious
1967.88,22,2704,1,1,1.23,P2P,Electronics,Android,Yes,fraud
2474.06,10,2549,0,1,5.62,BillPay,Travel,Android,Yes,fraud
4617.18,12,3926,2,0,1.45,Merchant,Travel,Android,No,suspicious
2070.31,12,2603,3,0,3.27,P2P,Fuel,iOS,Yes,suspicious
4919.49,6,1891,1,0,15.51,P2P,Groceries,Android,No,suspicious
14531.83,21,4415,6,1,11.07,Merchant,Jewelry,Android,No,fraud
1348.43,14,3448,1,0,1.81,Merchant,Groceries,Android,No,safe
1946.81,11,238,0,0,4.64,P2P,Fuel,Android,Yes,suspicious
1170.87,21,2182,6,0,1.45,P2P,Electronics,Android,Yes,fraud
327.81,22,449,4,1,7.12,P2P,Fuel,Android,No,suspicious
886.93,23,4427,2,0,0.43,P2P,Fuel,iOS,No,safe
13174.61,15,2264,8,1,0.13,Merchant,Fuel,Android,Yes,fraud
764.82,11,1565,0,0,0.13,BillPay,Electronics,Android,No,suspicious
3840.47,3,3333,3,0,1.62,P2P,Groceries,Android,No,suspicious
1901.0,12,1832,2,0,0.86,P2P,Groceries,Unknown,No,suspicious
808.88,1,3813,2,1,5.02,P2P,Groceries,iOS,No,fraud
687.37,4,2265,1,1,7.75,P2P,Electronics,Android,No,fraud
2663.03,12,3458,2,0,2.24,Merchant,Travel,Android,No,suspicious
4307.81,19,3121,2,0,5.07,P2P,Electronics,Android,No,suspicious
1655.54,22,498,2,0,0.64,Merchant,Travel,Android,No,suspicious
349.17,21,1514,0,2,3.01,Merchant,Travel,Android,No,fraud
211.15,2,4243,2,1,13.58,P2P,Fuel,Android,Yes,fraud
424.26,6,4909,4,2,0.8,Merchant,Fuel,iOS,Yes,fraud
2699.56,7,2918,3,0,4.88,P2P,Travel,Android,Yes,suspicious
939.16,1,2728,5,0,3.92,P2P,Electronics,iOS,No,fraud
3138.57,16,4077,3,0,0.91,P2P,Electronics,iOS,No,suspicious
2295.02,7,3536,2,0,14.24,Merchant,Jewelry,Android,Yes,suspicious
110.29,12,472,1,1,0.67,P2P,Fuel,Android,Yes,suspicious
1657.46,6,4060,2,0,6.41,P2P,Travel,Android,No,suspicious
2593.59,21,4661,2,0,7.27,P2P,Fuel,Android,Yes,suspicious
929.77,17,4942,4,0,0.24,P2P,Travel,Unknown,No,suspicious
863.34,10,4939,1,0,12.69,Merchant,Travel,iOS,No,safe
8091.25,13,773,4,0,5.66,P2P,Fuel,Android,Yes,suspicious
3021.35,10,1487,5,1,9.6,P2P,Fuel,Unknown,No,fraud
228.49,12,3007,6,0,4.4,P2P,Jewelry,Android,Yes,fraud
3496.49,14,4374,2,0,5.39,BillPay,Electronics,Android,No,suspicious
3134.43,23,2712,1,0,4.34,P2P,Fuel,Android,No,suspicious
3989.19,6,4693,2,0,15.49,Merchant,Jewelry,Android,Yes,fraud
1895.19,5,3658,3,0,8.42,P2P,Jewelry,iOS,No,suspicious
905.71,10,4215,3,1,5.07,BillPay,Electronics,Android,No,fraud
2075.94,0,1511,3,0,1.44,P2P,Travel,Android,Yes,suspicious
2178.49,3,1358,2,0,6.49,Merchant,Travel,Android,No,suspicious
2583.12,22,2754,0,0,18.15,Merchant,Travel,iOS,No,safe
2817.49,19,531,2,1,1.95,BillPay,Jewelry,Android,No,fraud
5114.72,23,4178,1,0,11.28,Merchant,Jewelry,iOS,No,suspicious
5821.16,20,575,1,0,0.21,P2P,Electronics,Android,Yes,suspicious
3428.73,9,511,0,0,6.69,P2P,Jewelry,Android,Yes,suspicious
424.89,23,465,3,0,2.42,P2P,Travel,Android,No,safe
825.1,18,225,6,0,0.81,Merchant,Travel,Android,Yes,suspicious
322.11,20,3125,5,0,3.86,Merchant,Travel,Android,Yes,suspicious
749.8,4,1068,1,1,9.18,Merchant,Fuel,iOS,Yes,fraud
2210.79,8,2087,1,0,7.85,P2P,Groceries,Android,Yes,suspicious
835.79,12,4017,4,1,1.39,P2P,Groceries,iOS,Yes,fraud
2341.03,2,1376,3,0,14.79,P2P,Groceries,Android,No,suspicious
738.06,11,4393,1,1,16.18,P2P,Electronics,iOS,No,suspicious
1964.5,13,1718,4,1,3.41,P2P,Travel,Android,No,fraud
1205.65,20,1848,3,0,10.35,P2P,Fuel,Android,No,suspicious
4652.17,6,3413,5,1,3.78,Merchant,Electronics,Android,Yes,fraud
1346.27,17,1330,4,0,10.9,Merchant,Fuel,Android,No,suspicious
2327.4,2,3725,5,0,1.64,P2P,Fuel,iOS,Yes,fraud
1114.35,3,3985,2,0,1.55,P2P,Travel,Android,No,suspicious
6997.17,1,3861,8,1,0.58,Merchant,Travel,Android,No,fraud
1634.83,16,2715,2,0,3.26,Merchant,Electronics,Android,No,suspicious
3482.1,9,4646,3,2,2.09,P2P,Jewelry,Android,No,fraud
2668.27,0,4893,5,0,4.81,P2P,Jewelry,Android,No,fraud
1107.74,18,4190,3,0,2.85,BillPay,Fuel,Android,No,suspicious
2220.9,1,3068,7,1,9.08,P2P,Fuel,Android,No,fraud
3225.13,5,2096,1,0,6.66,P2P,Fuel,Android,Yes,suspicious
1688.16,20,2098,1,0,10.14,Merchant,Groceries,Android,No,safe
3875.94,9,1184,4,0,6.01,BillPay,Jewelry,iOS,No,suspicious
1284.99,4,2931,3,0,4.67,P2P,Travel,Android,Yes,suspicious
39859.16,21,790,2,0,2.13,P2P,Fuel,Android,No,suspicious
8652.5,16,388,3,0,0.75,P2P,Jewelry,iOS,No,suspicious
2544.65,1,788,5,0,1.97,P2P,Groceries,iOS,No,suspicious
252.21,23,1860,1,0,3.05,Merchant,Travel,Android,No,safe
698.26,17,2498,0,0,6.41,Merchant,Fuel,iOS,No,safe
647.19,12,2849,4,0,3.49,Merchant,Groceries,Android,Yes,suspicious
1352.57,0,4876,2,0,2.57,P2P,Travel,Android,Yes,suspicious
508.9,4,371,1,0,1.34,P2P,Travel,iOS,No,suspicious
2911.58,1,2075,5,0,2.36,Merchant,Fuel,Android,No,suspicious
480.22,16,3685,3,1,1.37,P2P,Travel,Android,No,suspicious
2928.07,6,3098,5,0,0.04,Merchant,Jewelry,iOS,No,suspicious
1292.11,18,3342,1,0,5.08,P2P,Jewelry,Android,No,suspicious
2642.57,5,632,6,0,1.26,P2P,Groceries,Android,No,suspicious
302.67,23,2516,4,0,6.71,BillPay,Groceries,Android,Yes,suspicious
4860.76,3,703,7,0,2.93,P2P,Fuel,Android,No,fraud
1111.97,12,2273,2,2,8.64,Merchant,Jewelry,Android,Yes,fraud
2262.07,21,2988,4,0,4.25,Merchant,Travel,Android,Yes,suspicious
2567.28,7,3229,4,0,1.43,P2P,Groceries,iOS,Yes,suspicious
498.92,4,4691,4,0,5.84,P2P,Travel,iOS,Yes,suspicious
258.22,3,3666,2,1,4.02,Merchant,Electronics,Android,No,fraud
6213.66,20,2681,5,0,6.69,P2P,Jewelry,iOS,No,fraud
3401.25,22,1784,2,0,14.97,P2P,Groceries,iOS,No,suspicious
1443.5,3,3160,3,0,6.02,P2P,Travel,iOS,No,suspicious
1575.56,6,3678,1,0,5.83,P2P,Travel,iOS,No,safe
1662.99,16,4104,2,0,3.44,P2P,Travel,Android,No,suspicious
180.27,6,4765,1,0,1.68,P2P,Travel,iOS,No,safe
1137.77,19,2350,5,1,10.41,P2P,Jewelry,Android,No,fraud
3243.75,16,2582,3,1,1.33,BillPay,Travel,Android,No,fraud
6696.55,8,1104,4,1,3.04,P2P,Travel,Android,No,fraud
1141.34,0,3746,2,0,3.76,P2P,Fuel,Android,No,suspicious
22971.55,8,2900,5,0,0.56,Merchant,Electronics,Android,No,fraud
886.27,4,4733,0,1,1.93,Merchant,Electronics,Android,No,fraud
269.89,19,1060,3,0,3.14,P2P,Electronics,Android,No,suspicious
1967.73,19,3651,8,0,3.42,Merchant,Jewelry,iOS,Yes,fraud
396.92,8,2076,4,0,1.34,P2P,Electronics,Android,Yes,suspicious
459.9,20,4270,4,1,12.65,Merchant,Travel,iOS,No,suspicious
5853.97,8,4255,1,0,6.27,P2P,Electronics,Android,No,suspicious
6572.46,11,4621,2,0,7.75,Merchant,Jewelry,Android,No,suspicious
723.88,23,4483,4,0,1.76,P2P,Fuel,Android,Yes,suspicious
995.32,15,3922,7,1,2.97,P2P,Groceries,Android,Yes,fraud
5038.85,0,4008,5,0,15.59,P2P,Fuel,Android,No,suspicious
721.55,22,3391,0,3,0.5,P2P,Travel,Android,No,fraud
1242.89,19,3283,7,0,0.72,P2P,Jewelry,iOS,No,fraud
1002.81,15,2911,1,0,1.31,Merchant,Electronics,Android,No,suspicious
2455.43,10,4637,0,2,0.91,P2P,Groceries,Android,No,fraud
2252.18,0,655,2,0,4.58,BillPay,Jewelry,Unknown,No,fraud
1243.09,16,3907,0,2,6.12,Merchant,Fuel,iOS,No,fraud
778.69,8,623,4,0,3.57,Merchant,Jewelry,iOS,No,suspicious
835.88,20,559,6,1,1.94,Merchant,Electronics,Android,No,fraud
4874.66,4,329,2,1,6.78,P2P,Groceries,Android,No,fraud
2839.79,15,2989,0,0,0.05,P2P,Groceries,Android,No,safe
1298.46,4,202,2,0,1.1,P2P,Electronics,Android,Yes,fraud
3706.67,12,920,3,0,3.5,BillPay,Groceries,Android,No,suspicious
118.53,9,3829,6,0,1.24,BillPay,Groceries,iOS,No,suspicious
2734.22,10,441,2,0,3.78,Merchant,Groceries,Android,Yes,suspicious
6088.0,5,4636,1,0,1.74,P2P,Electronics,iOS,No,suspicious
4870.06,2,4927,4,0,2.24,Merchant,Fuel,iOS,Yes,fraud
579.84,18,982,2,0,3.45,P2P,Travel,Android,No,safe
431.52,2,3823,5,1,8.75,P2P,Groceries,Android,No,fraud
7573.18,0,2040,4,1,3.35,Merchant,Jewelry,Android,Yes,fraud
2013.62,5,4132,2,0,2.97,P2P,Groceries,Android,No,suspicious
6346.37,10,1609,4,0,1.07,P2P,Fuel,Android,No,suspicious
337.16,18,2595,5,2,4.72,BillPay,Travel,Android,Yes,fraud
606.97,15,1501,5,2,0.1,P2P,Groceries,Android,No,fraud
514.4,10,3820,3,0,1.17,P2P,Fuel,iOS,Yes,suspicious
2701.83,13,4995,1,0,14.5,Merchant,Jewelry,iOS,No,suspicious
12890.17,19,1401,4,1,0.52,BillPay,Electronics,Android,No,fraud
778.74,4,3719,4,0,0.3,Merchant,Fuel,iOS,No,suspicious
1486.14,23,3411,4,0,10.4,Merchant,Fuel,iOS,Yes,suspicious
907.68,12,4202,2,1,3.28,P2P,Jewelry,Android,No,fraud
1083.74,12,228,2,0,1.04,Merchant,Groceries,Unknown,No,suspicious
798.03,6,813,0,0,6.44,BillPay,Groceries,Android,No,safe
3724.48,9,4685,4,1,3.13,Merchant,Travel,Android,No,fraud
1465.56,8,3358,0,0,0.98,P2P,Electronics,Android,No,suspicious
561.58,13,1921,3,0,2.84,BillPay,Groceries,Android,No,safe
3929.13,18,3249,3,0,6.74,Merchant,Travel,Android,Yes,suspicious
2365.47,21,2947,3,3,1.19,P2P,Fuel,Android,Yes,fraud
5239.91,16,2629,3,0,2.66,P2P,Fuel,Android,Yes,suspicious
5597.08,15,876,1,0,5.02,P2P,Jewelry,iOS,No,suspicious
652.35,7,132,3,0,1.3,P2P,Travel,Android,Yes,suspicious
1508.59,17,2800,4,0,1.36,BillPay,Groceries,iOS,No,suspicious
262.27,23,4965,2,2,1.52,P2P,Jewelry,Android,No,fraud
5332.46,13,2179,5,0,0.15,P2P,Travel,iOS,No,suspicious
8138.32,8,436,5,0,0.07,Merchant,Jewelry,Android,No,fraud
5023.38,18,2506,5,0,0.56,Merchant,Fuel,iOS,No,suspicious
2412.51,23,1547,4,0,2.8,Merchant,Electronics,Android,No,suspicious
2353.44,18,3741,5,1,0.94,Merchant,Groceries,Android,No,fraud
1048.58,14,1252,3,1,15.81,P2P,Groceries,Android,No,suspicious
1405.69,5,268,1,1,2.66,P2P,Groceries,Android,No,suspicious
3083.01,0,603,8,0,4.56,P2P,Jewelry,Android,No,fraud
2346.68,10,2139,5,1,1.63,P2P,Jewelry,iOS,No,fraud
887.57,6,2474,2,1,0.82,Merchant,Electronics,iOS,No,fraud
13060.44,19,508,5,0,4.13,P2P,Travel,iOS,No,suspicious
304.64,15,2600,3,0,0.53,P2P,Travel,iOS,Yes,suspicious
1128.38,13,665,5,0,4.54,Merchant,Travel,Android,No,suspicious
13066.12,4,107,2,0,4.69,Merchant,Travel,iOS,No,suspicious
824.69,22,4664,5,1,5.41,P2P,Jewelry,Android,No,fraud
2975.3,3,3208,2,1,1.7,P2P,Travel,iOS,No,fraud
2708.22,2,4265,3,0,6.46,P2P,Jewelry,iOS,Yes,fraud
1421.72,4,1291,5,0,16.39,P2P,Fuel,iOS,Yes,fraud
1459.99,20,2888,3,1,2.66,Merchant,Jewelry,Android,Yes,fraud
385.48,7,861,3,1,0.68,P2P,Jewelry,Android,No,fraud
3227.93,14,3233,1,0,2.47,P2P,Travel,iOS,No,suspicious
1659.06,0,349,1,0,1.84,Merchant,Groceries,Android,Yes,suspicious
400.43,0,3742,3,0,2.68,Merchant,Fuel,Android,No,suspicious
1384.21,14,2977,2,0,0.66,P2P,Fuel,Android,Yes,suspicious
1000.7,22,3225,5,1,5.43,P2P,Groceries,iOS,No,fraud
2115.82,13,638,2,0,4.21,P2P,Jewelry,Android,No,suspicious
2088.29,14,3508,2,0,7.26,P2P,Fuel,iOS,No,suspicious
3499.64,15,584,2,2,2.95,Merchant,Groceries,Android,Yes,fraud
3040.38,2,2506,3,1,1.65,P2P,Jewelry,Android,No,fraud
2661.12,15,4567,4,0,2.88,P2P,Travel,Android,No,suspicious
559.37,3,4243,2,1,1.83,P2P,Fuel,Android,No,suspicious
1289.74,11,3728,1,2,12.99,P2P,Travel,iOS,Yes,fraud
452.72,1,1398,1,0,0.16,Merchant,Travel,iOS,No,suspicious
1989.19,5,2293,1,0,13.2,P2P,Groceries,iOS,Yes,suspicious
1438.16,15,3632,2,0,2.85,P2P,Fuel,Android,No,suspicious
1033.77,10,3404,3,1,0.63,P2P,Groceries,iOS,No,suspicious
1420.08,0,4861,3,0,5.81,P2P,Travel,Unknown,Yes,fraud
1585.72,15,2541,4,1,3.18,P2P,Electronics,Unknown,No,fraud
943.95,12,491,3,0,4.72,P2P,Fuel,Android,No,suspicious
648.77,4,2120,2,0,8.41,Merchant,Travel,Android,No,suspicious
2412.24,13,4824,3,1,1.16,P2P,Fuel,iOS,Yes,fraud
2153.83,22,837,2,2,4.63,Merchant,Electronics,Android,No,fraud
2483.6,22,2535,2,2,1.92,Merchant,Jewelry,Android,Yes,fraud
4449.66,0,1539,2,1,1.05,Merchant,Jewelry,Android,No,fraud
3078.56,15,2648,0,0,0.27,P2P,Groceries,iOS,No,safe
1444.78,7,3262,0,1,3.76,Merchant,Jewelry,Android,No,suspicious
1957.81,22,4763,2,0,1.45,Merchant,Jewelry,Android,No,suspicious
3707.01,14,2374,2,0,0.94,Merchant,Travel,Android,Yes,suspicious
3037.79,15,223,5,1,1.95,P2P,Groceries,Unknown,Yes,fraud
8392.27,5,1513,0,0,6.14,P2P,Travel,Android,No,suspicious
568.02,3,4041,1,0,5.77,BillPay,Groceries,Android,No,suspicious
1123.68,11,3066,2,2,2.71,Merchant,Fuel,Android,No,fraud
2018.29,20,3330,3,0,0.42,P2P,Groceries,iOS,No,suspicious
10787.96,6,3294,5,0,4.09,P2P,Travel,Android,No,suspicious
14173.38,19,4028,5,0,2.67,P2P,Electronics,Android,Yes,fraud
2892.18,22,2902,3,0,3.18,BillPay,Fuel,iOS,No,suspicious
1118.28,20,4213,2,0,15.57,P2P,Jewelry,Android,No,suspicious
1091.82,15,4627,3,0,4.6,P2P,Travel,iOS,No,suspicious
1620.86,9,1371,4,0,6.7,Merchant,Groceries,iOS,No,suspicious
729.02,5,4072,2,0,3.53,BillPay,Electronics,Android,No,suspicious
3108.66,1,2764,3,0,4.08,P2P,Groceries,Android,No,suspicious
984.65,14,3117,3,0,5.04,Merchant,Groceries,iOS,Yes,suspicious
1466.14,16,210,2,1,2.4,Merchant,Fuel,Android,No,suspicious
2053.9,13,1150,5,0,2.42,Merchant,Jewelry,Android,No,suspicious
4240.61,6,8,6,1,10.16,Merchant,Fuel,iOS,No,fraud
1666.42,23,3728,1,0,0.99,P2P,Groceries,Android,No,safe
4957.73,22,3064,4,0,0.21,P2P,Groceries,iOS,No,suspicious
4647.85,16,2018,4,1,6.46,P2P,Fuel,iOS,No,fraud
1519.33,3,3142,1,1,0.46,P2P,Jewelry,iOS,No,fraud
1291.37,2,3260,0,1,11.47,P2P,Jewelry,Android,No,fraud
3401.16,18,2797,1,0,6.24,P2P,Fuel,Android,Yes,suspicious
1881.62,19,4543,5,0,1.7,Merchant,Travel,Android,No,suspicious
1195.68,0,298,4,0,3.71,Merchant,Fuel,Android,No,suspicious
4341.78,6,3690,5,0,4.03,P2P,Groceries,iOS,No,suspicious
2090.08,7,818,4,0,8.69,P2P,Groceries,iOS,No,suspicious
3427.81,7,4310,2,0,4.26,BillPay,Travel,Android,No,suspicious
786.58,17,819,0,0,5.95,Merchant,Groceries,Android,No,safe
1039.36,10,3372,3,1,6.3,P2P,Travel,Android,No,suspicious
464.49,3,2470,3,0,15.33,P2P,Jewelry,Android,Yes,fraud
668.43,6,1518,4,0,0.81,BillPay,Electronics,Android,Yes,suspicious
4721.82,1,3624,3,0,0.27,P2P,Jewelry,Android,No,fraud
13694.8,1,3344,0,1,1.01,P2P,Jewelry,Android,Yes,fraud
5386.8,4,1629,3,1,2.11,P2P,Fuel,Android,No,fraud
4283.4,3,3158,3,0,0.16,Merchant,Electronics,iOS,No,fraud
2842.1,20,4219,4,0,6.0,Merchant,Electronics,Android,No,suspicious
13986.18,2,3883,5,0,2.7,Merchant,Electronics,Unknown,No,fraud
1605.98,13,4275,2,0,6.8,Merchant,Fuel,Android,Yes,suspicious
9495.95,2,1911,7,1,0.62,BillPay,Fuel,Android,No,fraud
2814.56,11,893,5,0,0.45,Merchant,Jewelry,Android,No,suspicious
572.24,7,4270,2,0,3.75,Merchant,Jewelry,Android,No,suspicious
2289.63,9,4517,1,0,2.0,P2P,Travel,Android,Yes,suspicious
268.53,13,1905,3,0,5.47,P2P,Jewelry,iOS,Yes,suspicious
1362.54,20,1467,5,1,0.11,Merchant,Jewelry,iOS,No,fraud
2390.25,8,3546,1,0,1.42,Merchant,Travel,Android,Yes,suspicious
1197.42,12,1311,3,1,13.2,P2P,Groceries,Android,No,suspicious
14614.99,10,644,3,0,6.23,BillPay,Fuel,Android,No,suspicious
4948.18,13,1575,6,1,1.02,Merchant,Jewelry,Android,No,fraud
1396.67,22,4506,4,0,0.91,P2P,Travel,iOS,Yes,suspicious
4429.2,22,2389,3,0,5.7,P2P,Electronics,iOS,No,suspicious
1005.63,16,3563,2,0,2.17,P2P,Travel,Android,Yes,suspicious
4151.73,10,1486,4,1,2.07,P2P,Travel,Android,Yes,fraud
555.66,6,3493,0,0,0.33,Merchant,Fuel,Android,No,safe
1340.69,12,739,6,0,1.51,P2P,Jewelry,Android,No,suspicious
2225.22,6,2188,4,0,2.46,P2P,Groceries,Android,No,suspicious
930.53,4,1660,2,1,0.94,P2P,Groceries,Android,No,fraud
798.85,9,2569,5,0,0.19,P2P,Travel,Android,Yes,suspicious
556.83,4,3594,5,1,0.32,P2P,Electronics,iOS,No,fraud
3929.11,4,205,1,0,0.67,P2P,Electronics,Android,No,suspicious
1212.55,12,3848,4,2,0.47,Merchant,Groceries,iOS,Yes,fraud
24838.97,16,1051,3,0,8.55,P2P,Travel,Android,No,suspicious
290.27,17,3007,3,1,2.97,P2P,Electronics,Android,No,fraud
6861.11,11,1417,5,0,2.47,Merchant,Electronics,iOS,No,fraud
591.89,10,2580,3,0,8.07,BillPay,Jewelry,Unknown,Yes,fraud
2307.81,23,4491,2,0,0.64,Merchant,Jewelry,Android,No,suspicious
3200.02,7,1867,1,0,7.1,BillPay,Electronics,Android,Yes,suspicious
505.79,7,2693,3,1,7.37,P2P,Fuel,Android,Yes,fraud
900.57,3,412,3,0,2.58,Merchant,Travel,iOS,No,suspicious
2643.71,9,3880,5,1,3.86,P2P,Electronics,Android,No,fraud
1740.42,1,225,7,1,6.8,BillPay,Fuel,Android,No,fraud
598.65,1,3086,5,0,0.57,Merchant,Travel,Android,Yes,fraud
2452.79,3,1022,3,0,6.97,Merchant,Travel,Unknown,No,fraud
1405.59,10,2507,5,0,2.5,Merchant,Fuel,Android,No,suspicious
578.13,18,4612,3,0,5.52,P2P,Travel,Android,Yes,suspicious
935.27,8,2786,3,1,3.7,Merchant,Electronics,iOS,No,fraud
99.29,11,24,2,0,2.16,P2P,Travel,Android,Yes,suspicious
3338.46,11,3311,6,0,15.04,Merchant,Jewelry,Android,No,fraud
276.06,1,1059,3,1,1.88,Merchant,Fuel,Android,No,suspicious
714.66,9,4026,0,1,12.98,Merchant,Travel,iOS,No,suspicious
605.26,19,4975,1,0,2.59,Merchant,Fuel,Android,No,safe
3948.37,20,3049,3,0,2.22,P2P,Fuel,Android,No,suspicious
1779.12,18,1767,4,2,1.91,Merchant,Travel,Android,No,fraud
446.6,22,266,3,1,3.57,Merchant,Electronics,iOS,No,fraud
506.83,12,1879,5,0,1.04,P2P,Groceries,iOS,No,suspicious
957.92,18,2525,4,2,5.83,BillPay,Jewelry,Android,No,fraud
1583.7,10,1977,1,1,1.87,P2P,Fuel,iOS,No,suspicious
2461.81,1,1301,3,0,0.21,P2P,Jewelry,Android,No,fraud
575.47,20,3920,2,0,3.03,BillPay,Jewelry,Android,No,suspicious
1709.28,7,4287,4,0,3.3,Merchant,Jewelry,iOS,No,suspicious
1972.6,0,178,5,1,7.05,P2P,Jewelry,Android,No,fraud
1262.64,16,3502,5,0,6.25,P2P,Jewelry,iOS,No,suspicious
15234.23,1,2608,3,0,0.75,P2P,Groceries,Android,Yes,fraud
3776.24,5,2982,5,0,5.87,P2P,Electronics,Android,No,fraud
249.63,6,1740,2,0,3.86,Merchant,Travel,iOS,No,safe
2538.94,12,3855,6,0,2.33,P2P,Electronics,Android,No,fraud
2685.99,0,3751,2,3,9.34,P2P,Fuel,iOS,No,fraud
1393.91,9,1383,6,0,0.05,P2P,Jewelry,iOS,Yes,fraud
2321.11,5,687,6,0,4.65,P2P,Electronics,Android,Yes,fraud
999.33,15,4409,5,1,22.21,P2P,Fuel,Android,No,fraud
1889.99,6,3554,6,1,26.67,Merchant,Travel,Android,Yes,fraud
2281.8,13,4608,1,0,0.43,P2P,Groceries,Android,Yes,suspicious
595.5,23,2410,4,1,6.55,Merchant,Travel,Android,Yes,fraud
5053.26,5,2621,2,1,1.9,Merchant,Electronics,Android,No,fraud
10210.55,15,3107,1,1,4.6,P2P,Jewelry,Android,No,fraud
4117.68,4,4636,3,0,2.62,Merchant,Groceries,Android,No,suspicious
3051.56,23,723,2,1,3.82,Merchant,Jewelry,iOS,Yes,fraud
1106.52,20,2932,2,0,5.91,P2P,Fuel,Android,No,safe
458.56,4,2934,4,0,5.6,P2P,Fuel,iOS,Yes,suspicious
3830.38,8,3670,2,0,9.9,Merchant,Fuel,iOS,Yes,suspicious
1170.54,12,3399,4,1,9.87,Merchant,Electronics,Android,No,fraud
968.1,22,1587,2,0,0.36,P2P,Fuel,Android,No,safe
1180.1,11,3660,2,0,2.16,Merchant,Electronics,Android,Yes,suspicious
2711.72,2,2341,6,0,8.05,Merchant,Jewelry,Android,Yes,fraud
37712.56,3,3206,2,0,0.4,Merchant,Electronics,Android,No,fraud
1056.31,14,1174,1,0,4.42,P2P,Electronics,iOS,No,suspicious
1408.87,9,4310,2,0,1.34,P2P,Fuel,Android,No,suspicious
1176.75,11,1056,3,1,3.37,Merchant,Travel,iOS,No,suspicious
1673.15,19,1716,3,1,0.57,BillPay,Groceries,Android,Yes,fraud
1642.04,7,3008,3,0,0.65,P2P,Groceries,iOS,No,suspicious
2265.56,10,3812,2,2,2.44,P2P,Groceries,Android,Yes,fraud
7090.01,10,1570,2,0,1.72,P2P,Electronics,Android,No,suspicious
7239.06,2,2173,3,0,0.99,Merchant,Jewelry,iOS,No,fraud
2939.23,15,2932,0,1,3.73,P2P,Electronics,Unknown,No,fraud
646.18,22,1151,0,0,4.26,Merchant,Groceries,Android,No,safe
2430.65,22,4400,2,1,11.41,BillPay,Travel,iOS,No,suspicious
8203.19,22,2838,4,1,0.37,P2P,Jewelry,Android,Yes,fraud
1044.67,17,865,1,1,0.49,P2P,Fuel,Android,No,suspicious
1596.98,3,242,3,0,7.19,Merchant,Electronics,Android,No,suspicious
362.66,15,778,1,2,3.99,P2P,Fuel,Android,No,fraud
19059.1,3,777,2,0,3.31,P2P,Electronics,iOS,Yes,fraud
1321.53,5,3729,7,0,5.27,P2P,Jewelry,Android,No,fraud
206.15,16,3673,4,0,2.73,Merchant,Groceries,Android,No,safe
3386.76,9,4758,4,1,8.02,P2P,Electronics,Android,Yes,fraud
3791.89,12,2591,2,0,6.27,BillPay,Groceries,Android,No,suspicious
228.08,14,1536,4,0,7.49,Merchant,Fuel,Android,Yes,suspicious
5482.03,13,2766,4,1,8.43,P2P,Fuel,Unknown,No,fraud
207.5,3,3482,1,0,1.18,P2P,Groceries,Android,No,safe
4624.45,17,3713,5,0,5.47,P2P,Groceries,Android,No,suspicious
510.47,17,11,1,0,4.06,P2P,Travel,Android,No,suspicious
767.55,8,4473,5,0,1.94,P2P,Travel,iOS,Yes,suspicious
175.83,23,2141,2,0,14.63,BillPay,Travel,Android,No,safe
529.93,16,795,2,1,3.34,Merchant,Electronics,Android,No,fraud
481.6,5,3230,0,0,10.57,P2P,Electronics,Android,Yes,suspicious
1659.23,19,1799,2,0,0.66,P2P,Groceries,Android,No,suspicious
2346.42,14,928,3,0,0.77,Merchant,Groceries,Android,No,suspicious
2552.36,17,2144,2,2,0.09,P2P,Fuel,Android,No,fraud
1120.17,2,665,5,1,5.08,Merchant,Fuel,Android,No,fraud
915.51,20,486,2,0,4.47,Merchant,Groceries,Android,No,safe
599.27,10,1334,1,0,3.55,Merchant,Jewelry,Android,Yes,suspicious
1148.62,4,2379,2,2,8.53,P2P,Electronics,iOS,Yes,fraud
823.26,12,2169,2,0,17.97,BillPay,Jewelry,Android,No,suspicious
5734.97,1,4132,6,0,19.27,P2P,Groceries,Android,No,fraud
10447.23,20,2368,2,0,2.64,Merchant,Electronics,Android,No,suspicious
8702.34,10,3275,4,1,3.88,P2P,Fuel,iOS,Yes,fraud
823.27,11,1846,2,0,6.16,P2P,Travel,iOS,No,safe
1535.91,15,363,1,0,1.8,P2P,Electronics,Android,No,suspicious
3670.33,5,1453,2,1,4.72,P2P,Travel,Android,No,suspicious
1089.01,7,4121,2,0,10.75,P2P,Groceries,Android,No,safe
917.71,18,2602,3,1,4.75,P2P,Groceries,Android,No,suspicious
3672.29,3,1880,3,2,3.99,Merchant,Travel,iOS,No,fraud
1289.9,7,1147,2,1,2.71,P2P,Groceries,Android,Yes,fraud
10102.56,9,1154,4,1,1.02,P2P,Travel,Android,Yes,fraud
3483.06,12,4074,3,0,3.3,P2P,Fuel,Unknown,No,suspicious
6466.81,0,4530,3,0,2.49,P2P,Fuel,Android,No,suspicious
820.13,14,4578,5,0,6.96,P2P,Groceries,iOS,No,suspicious
4517.11,20,383,2,0,7.13,P2P,Groceries,Android,No,suspicious
2045.18,18,3852,1,1,12.19,Merchant,Electronics,Android,No,fraud
9251.26,6,4178,1,0,2.45,P2P,Travel,iOS,No,suspicious
961.78,13,1656,3,0,4.01,BillPay,Electronics,Android,No,suspicious
501.71,9,2118,4,0,3.44,P2P,Electronics,Android,No,suspicious
1238.46,19,411,4,1,14.29,Merchant,Electronics,Android,No,fraud
2895.59,0,3241,3,1,4.26,Merchant,Electronics,Android,No,fraud
848.42,20,2812,1,0,0.58,Merchant,Travel,iOS,No,safe
2239.77,15,1237,5,1,2.41,P2P,Electronics,Android,No,fraud
4014.45,1,2493,5,0,7.04,P2P,Fuel,Unknown,Yes,fraud
551.28,13,4431,4,0,2.28,BillPay,Groceries,Android,No,suspicious
2877.3,19,722,6,0,0.09,P2P,Electronics,iOS,Yes,fraud
1096.77,17,64,4,0,3.47,Merchant,Fuel,iOS,Yes,fraud
1110.2,16,2586,2,0,2.17,P2P,Jewelry,Android,Yes,suspicious
1554.95,9,732,4,1,5.94,P2P,Fuel,Android,Yes,fraud
1795.71,16,1655,4,1,1.4,Merchant,Travel,Android,No,fraud
109.12,8,2458,5,0,2.41,Merchant,Jewelry,Android,Yes,suspicious
484.49,5,1112,2,0,3.06,BillPay,Groceries,Android,No,safe
3773.25,17,965,3,0,0.01,P2P,Jewelry,iOS,No,suspicious
1914.76,6,3646,2,1,4.67,BillPay,Electronics,iOS,No,fraud
5811.83,16,3729,4,0,15.94,Merchant,Jewelry,iOS,No,suspicious
2022.51,20,3808,1,0,1.56,P2P,Fuel,Android,Yes,suspicious
6029.02,4,2704,3,0,2.9,P2P,Fuel,Android,No,suspicious
35556.59,14,33,3,1,2.17,Merchant,Jewelry,iOS,No,fraud
2544.68,6,2073,1,1,3.96,P2P,Fuel,Android,No,suspicious
1993.41,9,4106,4,0,0.56,P2P,Groceries,Android,No,suspicious
2937.46,1,4912,3,0,3.88,P2P,Travel,iOS,No,suspicious
589.24,1,3671,1,0,0.96,P2P,Electronics,Unknown,No,fraud
6106.54,9,342,3,1,17.74,P2P,Fuel,Android,No,fraud
623.33,5,4514,1,1,6.83,Merchant,Fuel,iOS,No,suspicious
660.0,20,768,5,1,3.61,Merchant,Travel,Android,No,fraud
8954.91,16,955,5,0,18.24,P2P,Jewelry,Android,No,fraud
279.95,10,3679,0,1,4.0,Merchant,Jewelry,iOS,No,suspicious
1525.13,10,630,3,1,1.62,P2P,Travel,Android,Yes,fraud
2425.94,6,523,2,1,3.43,P2P,Fuel,Android,No,suspicious
976.62,1,1562,0,1,1.14,P2P,Groceries,iOS,Yes,fraud
420.49,19,1056,3,0,3.78,BillPay,Jewelry,iOS,No,suspicious
4302.52,19,2481,3,0,4.82,Merchant,Travel,Android,Yes,suspicious
753.25,11,2355,9,0,6.8,BillPay,Travel,iOS,No,suspicious
542.74,7,630,1,0,11.51,Merchant,Fuel,Android,Yes,suspicious
8887.02,2,1374,5,1,2.77,BillPay,Travel,iOS,Yes,fraud
527.91,22,3596,3,2,0.19,Merchant,Groceries,Android,No,fraud
6490.81,10,3064,4,0,0.61,P2P,Groceries,Android,No,suspicious
3440.13,22,485,1,0,1.12,Merchant,Jewelry,Android,Yes,suspicious
3001.07,6,4283,0,1,0.07,BillPay,Electronics,Android,Yes,fraud
1527.47,0,4510,2,1,1.06,P2P,Travel,Android,Yes,fraud
474.54,18,277,6,0,3.71,P2P,Groceries,iOS,No,suspicious
1610.72,15,4256,4,1,2.6,Merchant,Fuel,iOS,Yes,fraud
224.18,8,614,1,1,4.5,P2P,Fuel,Android,No,suspicious
2413.47,11,889,3,0,13.54,BillPay,Groceries,Android,No,suspicious
3844.99,8,4884,3,0,5.64,P2P,Groceries,Android,No,suspicious
723.27,17,4000,7,1,7.96,Merchant,Jewelry,Android,No,fraud
456.35,11,3056,4,0,2.64,BillPay,Jewelry,iOS,Yes,suspicious
6630.84,4,534,3,0,0.04,P2P,Jewelry,Android,Yes,fraud
1042.11,19,1587,5,1,5.2,P2P,Fuel,iOS,No,fraud
281.97,5,4919,4,1,2.53,Merchant,Jewelry,Android,Yes,fraud
1050.43,15,2632,1,0,3.95,BillPay,Groceries,Android,No,safe
2256.53,23,1198,1,0,2.11,P2P,Jewelry,Android,No,suspicious
2316.18,4,2805,3,0,1.78,Merchant,Groceries,Android,No,suspicious
1715.22,15,4983,3,1,0.66,P2P,Fuel,iOS,No,suspicious
3271.02,15,4666,1,0,1.28,P2P,Groceries,Android,No,suspicious
24174.02,10,2288,2,0,4.85,P2P,Electronics,Android,Yes,fraud
2719.68,5,2740,3,0,1.31,P2P,Electronics,Android,No,suspicious
639.49,0,4206,3,1,14.79,P2P,Groceries,Android,No,fraud
430.32,6,515,2,0,8.63,P2P,Electronics,iOS,Yes,suspicious
160.72,4,4790,4,0,1.52,P2P,Groceries,Android,No,suspicious
647.47,13,2960,4,0,0.46,Merchant,Fuel,Android,No,suspicious
1359.28,9,2680,1,0,16.29,Merchant,Jewelry,Android,Yes,suspicious
2699.76,15,4966,4,0,0.7,P2P,Groceries,Android,No,suspicious
2302.51,13,3394,5,0,0.12,Merchant,Jewelry,iOS,No,suspicious
2102.64,17,2982,0,1,0.49,Merchant,Travel,Android,Yes,suspicious
640.39,14,1460,4,0,1.47,P2P,Fuel,Unknown,No,suspicious
2494.18,3,81,2,0,0.29,P2P,Jewelry,Android,No,fraud
628.88,2,2306,5,0,5.71,P2P,Groceries,Android,No,suspicious
2345.29,8,2166,4,0,3.86,P2P,Jewelry,Android,No,suspicious
1440.28,14,834,2,0,15.26,P2P,Travel,Android,No,suspicious
6612.79,20,4628,2,0,0.48,BillPay,Travel,Android,No,suspicious
2843.82,4,2321,0,0,0.98,Merchant,Travel,Android,Yes,suspicious
9612.32,18,2018,3,0,8.99,P2P,Jewelry,iOS,No,suspicious
3321.29,18,3575,3,0,11.67,Merchant,Jewelry,Android,No,suspicious
12937.77,0,1828,4,0,0.39,Merchant,Travel,Android,No,fraud
9884.52,3,618,4,0,0.95,P2P,Jewelry,Android,No,fraud
1497.61,13,3095,3,0,11.02,BillPay,Travel,Android,No,suspicious
1770.41,12,3294,3,0,3.56,P2P,Jewelry,Android,No,suspicious
749.84,11,3393,2,1,16.59,P2P,Fuel,iOS,No,suspicious
6194.02,17,721,5,1,0.74,P2P,Fuel,Android,No,fraud
179.78,4,1376,5,1,6.82,P2P,Groceries,Android,No,fraud
1399.29,12,2377,6,1,0.65,Merchant,Fuel,Android,No,fraud
1596.82,16,2539,0,0,0.79,P2P,Fuel,Android,No,safe
3166.75,6,1373,2,0,11.52,Merchant,Fuel,Android,No,suspicious
11993.19,1,2669,3,0,7.5,P2P,Groceries,Android,No,suspicious
707.27,0,4362,4,0,0.51,P2P,Electronics,iOS,No,suspicious
1415.35,12,2257,4,0,3.18,Merchant,Fuel,Android,Yes,suspicious
3536.18,18,613,2,0,4.05,Merchant,Travel,Unknown,No,suspicious
7271.18,17,18,2,0,3.65,P2P,Groceries,Unknown,No,fraud
1302.75,2,1708,1,0,0.76,P2P,Groceries,Android,No,suspicious
3734.68,11,3992,1,0,8.12,P2P,Fuel,Android,Yes,suspicious
1804.12,15,2768,2,1,14.27,BillPay,Fuel,Android,No,suspicious
1110.28,3,3482,7,1,1.42,P2P,Fuel,iOS,No,fraud
2277.97,0,178,1,1,0.77,P2P,Jewelry,Unknown,No,fraud
648.46,19,3946,5,2,3.62,Merchant,Fuel,iOS,No,fraud
1047.39,7,2982,5,0,0.72,BillPay,Travel,Android,No,suspicious
3702.77,4,1057,6,1,8.61,P2P,Jewelry,Android,No,fraud
728.23,9,2406,2,0,1.29,P2P,Jewelry,Android,No,suspicious
8629.41,5,4093,1,0,1.27,P2P,Fuel,iOS,No,suspicious
14623.97,7,4417,3,0,0.56,Merchant,Groceries,Android,Yes,suspicious
784.72,20,719,3,0,3.11,P2P,Fuel,Android,Yes,suspicious
4182.4,11,3416,4,0,1.5,P2P,Groceries,iOS,No,suspicious
1571.59,15,1031,4,1,0.26,P2P,Electronics,Android,No,fraud
1783.1,12,3970,4,0,0.02,Merchant,Groceries,Android,No,suspicious
2020.33,18,4942,1,0,3.83,P2P,Jewelry,Android,Yes,suspicious
1693.31,11,1767,3,0,4.56,P2P,Groceries,Android,No,suspicious
4119.59,0,3123,5,2,5.79,BillPay,Travel,Android,No,fraud
1186.59,18,491,0,0,1.13,BillPay,Electronics,Android,No,suspicious
854.91,17,240,4,1,0.59,P2P,Jewelry,Android,No,fraud
3185.2,2,4247,3,0,3.82,P2P,Fuel,Android,No,suspicious
150.67,5,4058,5,0,1.38,P2P,Travel,Android,Yes,suspicious
428.6,17,516,1,1,13.06,P2P,Groceries,Android,Yes,suspicious
800.57,3,207,2,1,9.55,P2P,Jewelry,Android,No,fraud
724.58,22,4636,2,0,2.99,P2P,Jewelry,Android,Yes,suspicious
384.49,17,2080,3,0,4.97,P2P,Electronics,Android,Yes,suspicious
987.69,7,3693,0,0,2.9,Merchant,Fuel,iOS,Yes,suspicious
270.14,10,2219,2,0,9.38,BillPay,Electronics,Android,Yes,suspicious
4287.14,4,4028,1,2,1.45,Merchant,Travel,Android,No,fraud
5132.57,3,3338,2,0,0.99,BillPay,Travel,Android,No,suspicious
1751.23,8,3509,4,1,0.8,P2P,Travel,Android,No,fraud
567.24,5,1590,5,0,2.59,P2P,Fuel,Android,No,suspicious
5841.34,13,2803,3,0,13.39,Merchant,Groceries,Android,Yes,suspicious
1712.13,8,4672,2,0,12.42,P2P,Travel,Android,No,suspicious
638.41,16,646,2,0,0.4,P2P,Groceries,iOS,No,safe
393.8,3,4119,1,0,0.33,P2P,Fuel,Android,No,suspicious
531.72,17,4463,2,0,10.04,BillPay,Electronics,Android,No,suspicious
868.47,14,4600,2,1,7.93,P2P,Groceries,Android,No,suspicious
1174.94,5,4382,4,0,1.77,P2P,Groceries,Android,Yes,suspicious
210.71,17,4880,4,0,4.25,Merchant,Jewelry,Android,Yes,suspicious
503.15,3,421,3,0,11.49,Merchant,Fuel,Android,Yes,suspicious
2533.39,9,3822,6,0,3.02,Merchant,Travel,Android,No,suspicious
2272.79,13,401,5,0,0.33,Merchant,Travel,Android,No,suspicious
949.45,1,2934,3,1,1.89,BillPay,Fuel,iOS,Yes,fraud
680.77,22,3347,2,0,25.48,Merchant,Electronics,iOS,No,suspicious
453.51,7,2804,0,0,6.49,Merchant,Travel,Android,No,safe
3369.26,10,3833,1,0,10.76,P2P,Travel,Android,No,suspicious
2673.67,1,2213,6,0,1.5,P2P,Fuel,Android,No,fraud
293.26,22,3012,3,0,4.69,BillPay,Groceries,Android,Yes,suspicious
1313.34,2,3461,2,0,2.61,Merchant,Electronics,Unknown,No,fraud
11998.24,7,4527,5,0,2.02,Merchant,Fuel,iOS,No,suspicious
582.92,13,3442,2,0,3.37,P2P,Electronics,iOS,No,suspicious
1247.24,16,4564,3,0,3.52,P2P,Travel,Android,No,suspicious
1804.55,18,768,2,0,2.63,Merchant,Travel,Android,No,suspicious
1183.33,16,4059,6,0,4.99,BillPay,Travel,Android,No,suspicious
1007.65,17,1385,5,0,5.2,Merchant,Jewelry,iOS,No,suspicious
14257.75,0,1342,3,0,8.43,Merchant,Travel,iOS,No,suspicious
1026.79,20,1560,4,0,4.02,P2P,Travel,Android,No,suspicious
5503.27,1,4719,4,1,1.41,P2P,Groceries,Android,Yes,fraud
3357.5,22,4611,3,1,0.88,P2P,Groceries,iOS,No,fraud
1437.94,22,3704,2,3,16.74,P2P,Fuel,Android,No,fraud
3252.13,15,4650,0,0,2.62,P2P,Electronics,Android,No,suspicious
1777.16,23,2090,1,1,16.35,BillPay,Fuel,Android,No,suspicious
2916.03,14,1321,5,1,10.27,P2P,Groceries,Android,No,fraud
1910.89,14,3376,7,0,15.34,BillPay,Travel,Android,No,suspicious
206.0,13,2522,0,0,0.4,P2P,Electronics,Android,No,safe
13976.73,1,4754,0,0,6.62,P2P,Travel,Android,No,suspicious
1250.71,12,854,4,0,17.7,BillPay,Electronics,Unknown,No,fraud
3499.96,23,4315,5,0,5.0,Merchant,Travel,Android,No,suspicious
1993.56,19,4306,3,1,17.3,P2P,Fuel,iOS,Yes,fraud
2664.77,22,534,5,1,7.18,P2P,Electronics,Android,No,fraud
7612.53,11,2079,6,0,0.83,BillPay,Travel,Android,Yes,fraud
685.63,10,4589,5,1,28.33,P2P,Fuel,iOS,No,fraud
1099.31,1,4210,0,0,0.08,Merchant,Jewelry,iOS,No,suspicious
4355.78,17,4690,1,0,1.27,Merchant,Fuel,Android,No,suspicious
628.83,21,302,4,0,7.79,P2P,Fuel,iOS,No,suspicious
750.68,12,3628,2,1,2.78,P2P,Travel,iOS,Yes,fraud
1689.19,13,4189,4,0,10.01,P2P,Fuel,Android,Yes,suspicious
276.24,16,3008,2,1,0.23,Merchant,Travel,Android,No,suspicious
608.12,13,1354,0,0,5.74,Merchant,Jewelry,Android,Yes,suspicious
677.61,17,1048,4,0,0.27,Merchant,Jewelry,Android,Yes,suspicious
828.8,10,3429,3,0,3.92,P2P,Jewelry,iOS,No,suspicious
869.87,17,1872,3,0,0.21,Merchant,Travel,Android,No,suspicious
3391.62,16,922,3,0,4.26,P2P,Travel,iOS,Yes,suspicious
3616.19,8,2231,7,0,3.98,P2P,Electronics,Android,No,fraud
2046.3,7,684,1,0,0.09,P2P,Electronics,Android,No,suspicious
5414.91,20,3782,2,1,4.94,P2P,Fuel,Android,No,fraud
1209.33,13,3000,4,2,1.97,BillPay,Groceries,Android,Yes,fraud
248.85,13,259,2,0,3.21,P2P,Jewelry,Android,Yes,suspicious
7333.99,9,2008,4,1,0.43,P2P,Groceries,Android,No,fraud
19003.34,0,2844,2,0,10.87,P2P,Jewelry,Android,No,fraud
94.2,13,4840,5,0,8.37,P2P,Jewelry,Android,No,suspicious
2257.66,6,4630,3,0,1.94,Merchant,Fuel,Unknown,No,suspicious
12529.91,18,4911,4,1,0.09,BillPay,Travel,iOS,No,fraud
1133.62,3,1083,1,1,0.46,BillPay,Electronics,Unknown,No,fraud
2500.3,9,2490,2,0,4.52,Merchant,Travel,Android,Yes,suspicious
340.06,5,4118,3,0,3.71,Merchant,Electronics,iOS,No,suspicious
1640.98,0,4973,0,0,1.92,P2P,Electronics,Android,No,suspicious
955.23,5,2124,3,0,5.48,Merchant,Jewelry,Android,No,suspicious
2712.4,7,1281,3,1,0.89,BillPay,Jewelry,Android,No,fraud
2461.7,2,2690,1,0,9.71,P2P,Fuel,Android,No,suspicious
1910.63,9,2774,4,0,4.35,Merchant,Groceries,iOS,No,suspicious
1534.04,7,1596,5,1,6.21,P2P,Jewelry,Android,No,fraud
831.81,21,169,4,0,2.94,Merchant,Groceries,Android,No,suspicious
10914.93,1,485,1,0,16.08,Merchant,Electronics,Android,Yes,fraud
722.06,10,1388,5,0,0.01,P2P,Jewelry,Unknown,Yes,fraud
6250.78,9,2380,2,0,8.11,Merchant,Fuel,Unknown,No,suspicious
1046.66,0,2194,2,1,2.54,P2P,Travel,iOS,No,fraud
12274.45,3,3767,0,0,16.66,P2P,Fuel,Android,Yes,suspicious
1086.06,15,101,1,0,0.27,P2P,Electronics,iOS,Yes,suspicious
992.54,8,1969,4,0,10.2,P2P,Groceries,Android,Yes,suspicious
1143.87,3,906,0,0,4.67,P2P,Electronics,Unknown,No,fraud
3276.95,3,800,3,0,2.51,P2P,Travel,Android,No,suspicious
9436.04,8,1363,5,2,0.58,BillPay,Travel,Android,No,fraud
2472.37,16,232,4,0,3.93,Merchant,Jewelry,Android,No,suspicious
360.02,8,4957,5,1,1.96,P2P,Groceries,iOS,No,suspicious
3815.55,3,4291,4,1,1.34,P2P,Travel,Android,Yes,fraud
2877.79,1,2000,3,1,19.7,Merchant,Fuel,Android,Yes,fraud
1743.31,11,4541,7,0,3.36,P2P,Fuel,iOS,Yes,fraud
6656.64,12,4318,5,0,9.23,BillPay,Fuel,Android,No,suspicious
3028.34,14,3758,6,0,1.99,P2P,Electronics,iOS,No,fraud
1192.63,19,4912,1,0,2.1,Merchant,Groceries,Unknown,No,suspicious
806.23,5,4802,1,0,0.1,Merchant,Travel,iOS,Yes,suspicious
445.15,1,4502,3,0,4.33,P2P,Fuel,Android,No,suspicious
1158.52,8,1174,3,0,9.34,BillPay,Travel,iOS,No,suspicious
4427.96,7,3227,2,1,15.48,P2P,Jewelry,Android,No,fraud
10428.3,14,369,3,0,0.06,BillPay,Jewelry,iOS,No,suspicious
3678.5,16,4637,4,1,6.25,P2P,Travel,Android,Yes,fraud
694.06,14,4272,5,0,4.05,Merchant,Jewelry,iOS,Yes,fraud
1351.97,8,4310,1,0,12.05,P2P,Travel,iOS,No,safe
1356.51,14,1341,1,0,0.23,P2P,Travel,Android,No,safe
728.54,20,1826,3,1,0.49,Merchant,Groceries,Android,Yes,fraud
830.2,12,3959,1,0,8.08,P2P,Travel,Android,No,safe
2531.93,1,4603,1,0,0.18,P2P,Jewelry,Android,No,suspicious
2164.97,20,3813,4,1,0.14,P2P,Electronics,Android,Yes,fraud
847.39,15,2310,4,0,0.92,Merchant,Travel,Android,No,suspicious
2929.94,11,3990,2,0,0.03,Merchant,Groceries,Android,Yes,suspicious
1801.04,2,3859,5,0,0.57,P2P,Groceries,Android,No,suspicious
2218.29,15,1550,1,0,0.38,Merchant,Electronics,Android,No,suspicious
17455.58,17,3828,1,0,0.76,P2P,Jewelry,Android,No,suspicious
953.6,2,2993,5,0,4.72,Merchant,Groceries,Android,No,suspicious
5489.95,6,2589,6,0,12.26,P2P,Electronics,Android,No,fraud
729.04,7,203,6,0,6.89,BillPay,Jewelry,iOS,No,suspicious
485.81,1,2454,3,0,4.9,P2P,Travel,iOS,Yes,suspicious
656.82,22,2955,4,0,2.47,P2P,Groceries,Android,Yes,suspicious
1213.1,1,2655,5,0,12.85,Merchant,Jewelry,Android,No,fraud
3690.5,3,672,4,1,4.49,P2P,Jewelry,Android,No,fraud
8214.95,0,3992,5,0,1.49,P2P,Fuel,Android,No,fraud
7978.41,12,964,2,0,0.93,P2P,Groceries,Android,No,suspicious
1306.55,10,638,5,0,3.57,P2P,Jewelry,Android,No,suspicious
2244.12,12,2256,1,0,1.43,Merchant,Fuel,Android,No,safe
1811.28,2,3873,8,0,1.38,Merchant,Jewelry,Android,Yes,fraud
639.05,3,4536,4,1,0.46,Merchant,Jewelry,iOS,Yes,fraud
2877.98,1,3868,6,2,9.59,P2P,Fuel,Android,No,fraud
865.34,4,2622,2,0,3.36,Merchant,Electronics,Android,Yes,fraud
957.84,2,3372,2,0,2.2,Merchant,Jewelry,Android,Yes,fraud
1716.13,16,2511,3,1,10.24,Merchant,Groceries,Android,No,suspicious
242.74,2,1571,6,0,5.12,P2P,Travel,Android,Yes,suspicious
4475.67,17,539,3,0,8.0,Merchant,Jewelry,Android,Yes,fraud
1965.22,6,352,3,0,1.91,P2P,Electronics,iOS,No,suspicious
6323.57,6,103,3,0,3.74,Merchant,Jewelry,Android,No,suspicious
2015.99,5,1819,3,1,6.19,P2P,Electronics,Android,No,fraud
990.53,9,494,6,0,1.14,BillPay,Groceries,Android,No,suspicious
355.84,21,2025,3,0,2.32,P2P,Jewelry,Android,Yes,suspicious
2476.95,23,193,5,1,0.49,P2P,Jewelry,iOS,No,fraud
620.01,20,3908,3,1,3.35,Merchant,Groceries,iOS,No,suspicious
1595.29,3,4247,3,1,15.78,Merchant,Jewelry,Unknown,Yes,fraud
535.22,7,3259,3,0,6.35,Merchant,Groceries,Android,No,safe
3234.08,19,3104,8,0,12.32,Merchant,Travel,Android,No,suspicious
2440.59,13,3339,5,1,3.99,P2P,Jewelry,Android,Yes,fraud
561.05,3,2275,5,1,32.83,Merchant,Jewelry,Android,Yes,fraud
1832.42,2,80,9,1,3.84,Merchant,Groceries,Android,No,fraud
2191.08,17,795,4,0,5.51,Merchant,Jewelry,Android,No,suspicious
503.02,2,2697,3,0,0.29,P2P,Electronics,iOS,Yes,fraud
2592.22,5,2109,2,0,0.44,P2P,Groceries,Android,No,suspicious
994.69,1,257,5,0,0.93,BillPay,Jewelry,Android,No,fraud
209.88,23,325,4,2,6.66,P2P,Travel,Android,Yes,fraud
210.72,6,3204,3,0,0.96,BillPay,Groceries,iOS,Yes,suspicious
4670.44,1,1272,3,2,16.18,P2P,Jewelry,Unknown,Yes,fraud
373.81,12,4916,3,0,2.14,P2P,Electronics,Unknown,No,suspicious
1823.59,4,881,6,2,7.64,Merchant,Electronics,Android,No,fraud
1235.09,3,502,2,0,6.47,Merchant,Fuel,Android,No,suspicious
1585.22,10,534,4,0,2.81,P2P,Fuel,Android,No,suspicious
3270.88,2,838,2,0,2.03,P2P,Electronics,iOS,Yes,fraud
546.83,7,3779,0,0,8.38,P2P,Groceries,Android,No,safe
1474.38,14,4577,4,1,0.71,BillPay,Travel,Android,No,fraud
1306.67,23,3278,2,0,3.09,P2P,Travel,iOS,No,suspicious
3674.28,7,2675,1,1,2.21,Merchant,Travel,Android,No,suspicious
9063.77,21,2864,1,0,3.53,P2P,Groceries,Android,Yes,suspicious
2130.83,14,4416,1,0,3.07,Merchant,Travel,Android,No,safe
524.43,8,3906,5,0,0.36,Merchant,Electronics,Android,No,suspicious
949.2,5,1717,6,1,17.14,P2P,Travel,Android,No,fraud
15381.59,22,2374,3,2,8.74,P2P,Fuel,Android,Yes,fraud
1128.61,23,3939,2,1,5.56,P2P,Fuel,iOS,Yes,fraud
2046.5,6,4705,5,0,2.93,P2P,Jewelry,Android,No,suspicious
2289.93,15,713,4,0,7.66,P2P,Groceries,Android,No,suspicious
1885.06,1,2536,1,1,0.95,BillPay,Electronics,Android,No,fraud
891.16,2,368,3,0,4.29,P2P,Jewelry,Android,No,suspicious
3247.07,20,1580,2,0,8.89,Merchant,Groceries,Android,No,suspicious
1016.59,23,3411,3,0,1.68,Merchant,Jewelry,iOS,No,suspicious
1451.54,11,1675,2,0,2.81,P2P,Jewelry,iOS,No,suspicious
1979.57,5,4289,2,0,2.95,P2P,Electronics,Unknown,No,fraud
2281.02,6,542,1,0,8.19,P2P,Jewelry,Unknown,No,fraud
494.33,6,3640,5,0,9.62,Merchant,Groceries,iOS,No,suspicious
997.28,20,1394,5,2,1.12,P2P,Electronics,Android,No,fraud
5365.33,14,231,1,1,0.1,Merchant,Groceries,iOS,No,suspicious
3346.71,15,1043,3,0,4.54,P2P,Travel,Android,Yes,suspicious
4662.36,9,2171,4,1,3.12,P2P,Jewelry,Android,No,fraud
2052.23,0,4978,4,0,4.95,P2P,Travel,Unknown,No,fraud
3996.56,9,523,6,1,8.38,P2P,Jewelry,Android,No,fraud
4111.94,8,4610,4,0,2.22,P2P,Fuel,Android,No,suspicious
1202.36,17,982,2,0,1.47,P2P,Electronics,Android,No,suspicious
3549.76,2,4935,4,2,1.15,P2P,Jewelry,Android,Yes,fraud
1178.63,0,4832,2,2,0.78,P2P,Jewelry,iOS,No,fraud
7357.09,16,1814,1,1,12.11,Merchant,Groceries,iOS,No,suspicious
768.36,3,3822,4,1,4.3,P2P,Travel,Android,No,fraud
14546.34,12,1442,4,0,1.9,P2P,Electronics,Android,No,fraud
1390.33,6,2377,2,0,5.03,P2P,Groceries,Android,Yes,suspicious
2439.84,6,4936,2,0,20.45,P2P,Groceries,Android,No,suspicious
732.58,19,4605,5,2,3.34,P2P,Groceries,Android,No,fraud
2967.55,14,2270,4,0,11.84,BillPay,Groceries,Android,No,suspicious
4974.6,17,736,3,2,0.92,BillPay,Fuel,iOS,No,fraud
8293.74,6,1190,4,2,19.29,P2P,Travel,Android,No,fraud
277.0,19,4502,1,0,3.67,P2P,Travel,Android,No,safe
546.6,4,3200,2,0,1.06,P2P,Electronics,Android,No,suspicious
3866.8,15,3718,6,0,2.63,Merchant,Electronics,Android,No,fraud
12141.97,3,1841,4,0,3.23,Merchant,Travel,Android,No,fraud
887.95,23,3315,7,1,1.53,P2P,Groceries,Android,No,fraud
738.02,19,2590,6,0,0.76,P2P,Groceries,Android,No,suspicious
135.98,1,2708,0,0,2.7,P2P,Groceries,Android,Yes,suspicious
773.42,2,3729,3,1,3.17,P2P,Jewelry,Unknown,No,fraud
741.82,6,1841,4,1,8.44,BillPay,Groceries,iOS,No,suspicious
1855.48,3,3387,5,0,8.52,P2P,Jewelry,Unknown,No,fraud
2149.54,0,1230,5,0,5.16,P2P,Jewelry,Android,No,fraud
5320.36,18,1695,5,0,6.45,Merchant,Electronics,iOS,No,fraud
1610.87,12,2127,1,0,12.63,P2P,Travel,Android,No,safe
4193.04,14,2536,4,1,8.68,Merchant,Electronics,Android,No,fraud
8180.6,5,4139,3,0,1.09,P2P,Travel,Android,No,suspicious
457.79,9,3920,4,0,0.23,P2P,Electronics,iOS,Yes,suspicious
1058.65,22,16,3,0,10.72,Merchant,Jewelry,Android,Yes,fraud
4177.93,17,2660,3,1,9.7,Merchant,Travel,Android,Yes,fraud
1831.96,9,1677,3,0,1.02,Merchant,Travel,Android,No,suspicious
11892.15,7,593,5,0,0.53,P2P,Electronics,iOS,No,fraud
6619.96,20,1580,1,0,29.45,P2P,Electronics,iOS,No,suspicious
2617.68,17,694,2,0,0.64,Merchant,Jewelry,Android,No,suspicious
506.92,21,2273,1,1,10.52,BillPay,Jewelry,Android,No,suspicious
575.46,12,1142,1,0,4.22,P2P,Fuel,iOS,No,safe
1896.48,0,3951,4,0,4.05,P2P,Electronics,Android,No,fraud
1482.8,9,3942,4,0,11.76,P2P,Fuel,Android,Yes,suspicious
701.01,0,4744,3,0,3.69,P2P,Groceries,iOS,No,suspicious
910.02,1,3561,2,0,6.74,P2P,Jewelry,Android,Yes,fraud
2643.42,1,2980,2,0,0.11,P2P,Travel,Android,Yes,suspicious
2635.03,21,602,1,0,1.01,P2P,Fuel,iOS,No,suspicious
2973.22,20,4897,1,0,4.19,P2P,Fuel,iOS,No,suspicious
691.38,3,4247,5,1,4.26,P2P,Jewelry,iOS,No,fraud
797.25,9,4122,1,0,4.43,P2P,Jewelry,iOS,No,suspicious
457.5,12,3164,1,0,3.0,Merchant,Groceries,Android,No,safe
8098.8,4,2175,3,1,3.11,Merchant,Electronics,Android,Yes,fraud
1751.67,11,619,0,0,0.55,Merchant,Electronics,Android,Yes,suspicious
2507.88,16,1626,0,0,5.34,Merchant,Jewelry,Android,No,suspicious
646.63,0,1285,2,0,0.11,BillPay,Groceries,Android,No,suspicious
3765.1,4,661,6,1,6.07,Merchant,Groceries,Android,No,fraud
3335.85,11,988,3,1,8.74,P2P,Fuel,iOS,No,fraud
1898.61,12,901,3,0,5.08,P2P,Travel,iOS,Yes,suspicious
2536.34,18,1142,2,1,2.58,Merchant,Travel,Android,No,suspicious
6305.51,21,3452,2,0,20.87,P2P,Fuel,Android,Yes,suspicious
875.19,17,1562,1,0,2.84,Merchant,Jewelry,Android,No,suspicious
605.55,18,4144,2,1,2.16,Merchant,Fuel,Android,No,suspicious
4429.84,10,2728,4,1,11.94,Merchant,Fuel,Android,No,fraud
8713.01,8,85,6,0,3.87,Merchant,Jewelry,Android,Yes,fraud
925.47,13,2391,2,1,3.06,P2P,Fuel,Android,No,suspicious
334.96,14,18,3,1,8.2,BillPay,Electronics,Android,No,fraud
1127.54,2,4329,3,0,1.34,Merchant,Electronics,Unknown,Yes,fraud
135.2,10,1191,8,0,2.68,Merchant,Groceries,Android,No,suspicious
251.94,8,3063,2,0,5.54,P2P,Travel,Android,Yes,suspicious
1458.9,2,123,2,0,1.54,P2P,Travel,Android,No,suspicious
226.9,14,2323,3,1,7.11,Merchant,Jewelry,Android,No,fraud
782.07,22,421,3,1,0.34,Merchant,Jewelry,Android,Yes,fraud
1381.85,3,2535,1,1,5.16,P2P,Groceries,Android,Yes,fraud
5280.19,14,3423,3,0,7.89,Merchant,Groceries,Android,Yes,suspicious
3622.51,22,4573,3,1,4.11,P2P,Fuel,Android,Yes,fraud
16377.09,4,2686,2,0,2.24,P2P,Fuel,iOS,No,suspicious
2724.73,17,964,2,0,0.68,Merchant,Groceries,Android,No,suspicious
3343.36,4,3046,2,0,0.57,P2P,Travel,Android,No,suspicious
663.78,23,4228,3,1,5.49,P2P,Fuel,Android,No,suspicious
516.28,15,1806,3,1,0.69,Merchant,Electronics,iOS,No,fraud
569.59,23,2813,2,2,13.66,P2P,Travel,Android,Yes,fraud
3454.89,12,1015,0,0,4.91,P2P,Fuel,iOS,No,safe
4544.28,9,806,3,2,25.23,P2P,Fuel,iOS,No,fraud
384.52,12,1875,4,1,3.17,P2P,Groceries,Android,No,suspicious
2167.54,7,2263,3,0,2.4,P2P,Groceries,Android,No,suspicious
1099.18,23,4907,1,0,6.78,Merchant,Travel,Android,No,safe
2674.31,19,546,5,1,15.14,P2P,Electronics,Android,No,fraud
8028.84,7,2385,4,0,0.48,P2P,Travel,Android,No,suspicious
901.87,10,409,5,1,0.53,Merchant,Jewelry,Unknown,No,fraud
751.38,8,2437,4,0,10.19,Merchant,Electronics,Android,No,suspicious
2575.77,21,2797,2,0,0.41,BillPay,Fuel,iOS,No,suspicious
2529.93,14,1843,3,0,0.85,P2P,Groceries,iOS,No,suspicious
2827.83,18,901,6,0,2.78,P2P,Electronics,Android,No,fraud
1505.42,22,4454,3,0,4.73,P2P,Travel,iOS,Yes,suspicious
1083.03,7,1017,1,0,7.02,Merchant,Electronics,Android,No,suspicious
1737.55,13,1621,2,1,3.19,Merchant,Jewelry,Android,Yes,fraud
3098.68,16,532,3,0,1.55,Merchant,Electronics,Android,Yes,fraud
3057.97,20,1498,3,1,3.06,BillPay,Groceries,Android,Yes,fraud
730.32,4,2099,9,0,6.13,Merchant,Jewelry,Unknown,Yes,fraud
3533.23,20,1727,0,3,11.24,Merchant,Travel,Android,No,fraud
6644.21,1,605,2,0,5.93,P2P,Electronics,Unknown,Yes,fraud
22876.87,10,1651,1,0,1.23,P2P,Electronics,Android,No,suspicious
3023.49,21,2576,7,0,1.59,P2P,Jewelry,iOS,No,fraud
871.19,12,3736,1,0,2.86,P2P,Jewelry,Android,No,suspicious
1351.71,3,2420,4,0,7.36,P2P,Electronics,Android,No,fraud
1248.54,20,2387,2,0,0.84,Merchant,Jewelry,iOS,Yes,suspicious
653.29,10,1285,2,1,2.93,P2P,Travel,Android,Yes,fraud
1759.32,9,2188,3,0,9.12,Merchant,Fuel,Android,No,suspicious
804.78,2,304,3,1,2.67,P2P,Fuel,Android,No,fraud
459.74,21,876,5,0,0.67,P2P,Fuel,Android,Yes,suspicious
742.97,8,2750,1,2,8.89,P2P,Electronics,Android,Yes,fraud
2742.55,7,1490,3,0,3.39,BillPay,Groceries,Android,Yes,suspicious
473.78,17,672,4,0,1.23,Merchant,Jewelry,Android,Yes,suspicious
2025.98,1,2371,2,1,2.95,P2P,Electronics,Android,Yes,fraud
541.13,13,4423,3,1,0.63,Merchant,Electronics,iOS,No,fraud
1771.62,13,681,6,0,4.63,Merchant,Travel,Android,Yes,suspicious
267.93,5,304,3,0,3.58,BillPay,Jewelry,Android,Yes,suspicious
2918.75,22,1457,2,0,0.36,Merchant,Travel,iOS,Yes,suspicious
345.93,7,4927,3,2,5.55,BillPay,Groceries,Android,No,fraud
1033.12,23,3731,5,0,2.24,Merchant,Groceries,Android,Yes,suspicious
650.4,0,874,1,2,2.61,BillPay,Jewelry,Android,No,fraud
1713.01,19,2135,9,1,0.16,P2P,Travel,iOS,No,fraud
718.94,17,1613,3,1,2.7,Merchant,Jewelry,iOS,No,fraud
919.27,7,2896,3,0,2.82,P2P,Groceries,Unknown,Yes,fraud
9164.34,18,4750,2,0,2.69,P2P,Electronics,Android,Yes,fraud
1945.63,17,3013,2,0,6.12,P2P,Electronics,iOS,No,suspicious
2035.18,21,1853,2,0,0.84,P2P,Groceries,Android,No,suspicious
6184.46,21,1245,0,0,1.1,P2P,Travel,Android,No,suspicious
2724.82,7,1455,4,0,1.43,BillPay,Jewelry,Android,Yes,fraud
1675.69,0,2073,2,1,7.0,P2P,Electronics,Android,No,fraud
235.86,9,1464,5,0,1.26,P2P,Fuel,Android,Yes,suspicious
2026.71,17,2530,1,0,2.5,Merchant,Fuel,iOS,No,safe
2577.83,3,2219,3,1,2.1,P2P,Electronics,Android,Yes,fraud
3159.42,5,4004,3,0,11.63,P2P,Electronics,Android,Yes,fraud
3088.43,2,4871,4,0,0.28,P2P,Jewelry,Android,No,fraud
549.83,0,1224,7,0,0.17,P2P,Electronics,Android,Yes,fraud
3915.97,17,3851,2,0,1.24,P2P,Jewelry,iOS,No,suspicious
818.19,14,884,3,0,1.58,P2P,Groceries,iOS,No,suspicious
568.21,7,3508,7,1,6.94,BillPay,Jewelry,iOS,No,fraud
1308.37,5,1561,0,0,2.99,P2P,Groceries,iOS,No,safe
2324.28,4,1339,3,0,1.91,P2P,Groceries,Android,Yes,fraud
1454.38,17,855,4,0,6.75,P2P,Electronics,Android,No,suspicious
2046.58,1,2308,0,0,1.09,P2P,Fuel,Android,No,suspicious
1705.98,11,3260,5,0,1.91,P2P,Electronics,Android,No,suspicious
1579.7,1,1082,1,0,3.09,Merchant,Fuel,iOS,No,suspicious
5044.48,22,49,3,0,2.36,Merchant,Fuel,Android,No,suspicious
1647.58,8,1040,1,0,0.7,Merchant,Groceries,Android,No,safe
166.37,0,3908,0,1,7.39,P2P,Electronics,Android,No,suspicious
1057.1,1,3225,1,0,18.03,P2P,Groceries,Android,No,suspicious
1977.49,8,72,2,0,0.42,BillPay,Electronics,Android,Yes,fraud
1932.34,22,1568,3,1,1.28,P2P,Groceries,Android,Yes,fraud
1232.58,23,3967,1,0,5.6,P2P,Groceries,Android,Yes,suspicious
1734.46,0,921,2,1,0.45,Merchant,Fuel,Android,No,fraud
427.92,2,4648,3,0,0.18,Merchant,Fuel,Android,No,suspicious
3366.0,11,4495,3,0,2.06,Merchant,Travel,Android,No,suspicious
2023.82,18,4062,6,1,4.54,Merchant,Jewelry,Android,No,fraud
2455.52,19,1733,4,0,1.44,P2P,Fuel,Android,No,suspicious
1434.95,17,2220,3,0,3.67,P2P,Travel,Android,No,suspicious
1069.74,21,3007,5,0,18.94,P2P,Groceries,Android,No,suspicious
1356.65,7,2777,6,0,4.35,P2P,Electronics,Unknown,No,fraud
7309.14,17,2132,4,1,2.62,BillPay,Travel,iOS,No,fraud
1758.61,3,3388,4,0,2.71,P2P,Fuel,Android,Yes,fraud
2348.8,4,2774,5,1,1.72,P2P,Fuel,iOS,Yes,fraud
823.02,1,33,3,1,3.08,BillPay,Groceries,Android,No,fraud
7573.27,6,3940,3,0,4.31,Merchant,Groceries,Android,No,suspicious
16725.22,20,1275,6,1,5.31,P2P,Jewelry,Android,Yes,fraud
446.21,0,2586,3,1,1.83,Merchant,Travel,Android,Yes,fraud
3712.18,22,2591,5,0,1.0,P2P,Jewelry,Android,No,fraud
11534.61,1,2833,4,0,11.93,Merchant,Groceries,Android,No,fraud
6680.41,15,2335,4,1,13.56,P2P,Electronics,Android,No,fraud
8934.04,23,4738,2,1,4.98,P2P,Groceries,Android,No,fraud
2504.61,14,3749,2,1,14.32,Merchant,Fuel,Android,No,suspicious
1621.13,12,4895,3,1,1.85,P2P,Electronics,Android,No,fraud
487.77,8,2355,5,0,8.67,P2P,Jewelry,Android,No,suspicious
1182.21,20,3997,3,1,3.49,Merchant,Travel,Android,No,suspicious
5148.64,12,701,3,0,4.02,P2P,Jewelry,Android,No,suspicious
4921.28,13,2984,3,0,21.83,Merchant,Jewelry,Android,No,suspicious
609.4,21,2135,2,0,1.01,P2P,Fuel,Android,Yes,suspicious
324.68,7,246,6,1,0.49,P2P,Fuel,Android,No,fraud
2781.84,20,4069,4,1,7.82,P2P,Electronics,Android,No,fraud
367.22,14,94,2,0,3.79,Merchant,Jewelry,iOS,No,suspicious
7936.38,4,3401,4,0,4.74,P2P,Groceries,Android,No,suspicious
394.56,14,1832,4,0,12.31,P2P,Electronics,Android,Yes,suspicious
3004.59,11,1418,3,1,8.36,P2P,Travel,Android,Yes,fraud
654.4,20,1214,2,0,12.5,P2P,Groceries,iOS,No,safe
7583.48,20,308,2,0,2.33,P2P,Electronics,iOS,No,suspicious
1439.92,18,842,3,0,8.67,Merchant,Electronics,Android,No,suspicious
4611.47,22,1040,2,0,6.67,Merchant,Fuel,Android,Yes,suspicious
2788.78,2,3672,5,0,4.43,P2P,Jewelry,Android,Yes,fraud
1968.79,6,4405,1,0,0.97,P2P,Jewelry,Android,Yes,suspicious
1371.78,23,1569,5,0,1.86,Merchant,Fuel,iOS,No,suspicious
1029.82,0,1550,1,0,6.01,P2P,Electronics,Android,Yes,fraud
1731.1,16,4529,4,0,1.67,P2P,Fuel,Android,Yes,suspicious
5180.45,12,4613,3,0,2.38,Merchant,Jewelry,iOS,No,suspicious
1487.55,15,1553,6,0,12.77,P2P,Fuel,Android,No,suspicious
393.57,12,147,2,0,7.61,Merchant,Groceries,Android,Yes,suspicious
1986.42,23,440,3,1,4.26,P2P,Electronics,iOS,No,fraud
1065.25,0,4183,2,0,9.44,Merchant,Groceries,iOS,No,suspicious
7647.32,16,2320,2,0,8.47,P2P,Jewelry,iOS,No,suspicious
5534.53,22,4149,4,0,3.27,P2P,Groceries,Android,No,suspicious
3844.51,9,4731,2,0,6.72,Merchant,Jewelry,Android,Yes,fraud
954.55,5,165,4,0,4.79,BillPay,Electronics,Android,No,suspicious
3305.82,23,842,6,0,3.48,P2P,Travel,Android,No,suspicious
2940.59,9,1899,3,0,2.97,P2P,Fuel,Android,No,suspicious
1352.21,8,1924,1,0,2.65,P2P,Fuel,Android,No,safe
1326.93,23,2226,5,1,10.63,P2P,Fuel,Unknown,No,fraud
1623.79,22,4133,4,1,4.48,P2P,Jewelry,iOS,Yes,fraud
1064.61,6,3257,6,1,4.35,P2P,Travel,Android,No,fraud
9466.13,4,253,2,0,2.16,P2P,Jewelry,Android,No,fraud
6132.17,2,1125,1,1,0.05,Merchant,Jewelry,iOS,No,fraud
321.97,11,2569,3,0,10.38,P2P,Electronics,Unknown,No,suspicious
507.8,1,915,1,0,5.49,P2P,Groceries,Android,No,suspicious
1812.83,9,4107,0,0,0.77,Merchant,Groceries,Android,Yes,suspicious
650.56,14,385,1,1,3.61,Merchant,Travel,Android,Yes,suspicious
1148.21,12,1111,2,1,7.39,Merchant,Travel,Unknown,No,fraud
1583.66,16,1501,2,0,5.05,P2P,Jewelry,Android,Yes,suspicious
6013.37,19,4556,2,1,7.08,P2P,Fuel,iOS,Yes,fraud
1224.17,10,3894,3,1,19.04,P2P,Electronics,Android,No,fraud
2768.16,16,4663,5,0,2.15,P2P,Electronics,iOS,Yes,fraud
1534.75,20,3918,2,1,0.19,P2P,Groceries,iOS,No,suspicious
527.34,5,403,1,0,0.43,Merchant,Electronics,Android,No,suspicious
1335.44,5,4649,2,0,3.01,P2P,Travel,iOS,No,suspicious
556.84,1,1223,6,0,2.17,BillPay,Fuel,Android,No,suspicious
5159.72,15,4445,3,2,5.04,Merchant,Travel,Android,Yes,fraud
539.45,21,267,2,1,0.27,P2P,Groceries,Unknown,No,fraud
1497.36,20,2608,7,2,6.52,BillPay,Electronics,Android,Yes,fraud
1799.86,2,1364,2,0,0.06,P2P,Fuel,Android,No,suspicious
3050.14,16,3024,3,0,1.88,Merchant,Groceries,iOS,No,suspicious
8038.72,10,3177,6,0,3.3,Merchant,Travel,Android,No,suspicious
1701.81,12,3022,3,0,5.37,P2P,Travel,iOS,No,suspicious
10599.94,9,412,3,0,2.64,P2P,Electronics,Android,No,suspicious
881.51,5,1412,2,1,0.91,P2P,Fuel,Android,Yes,fraud
1344.67,3,4967,1,0,0.34,P2P,Electronics,iOS,No,suspicious
1729.74,21,4414,3,1,3.65,P2P,Groceries,iOS,No,suspicious
1752.69,12,565,4,1,6.15,P2P,Travel,Android,No,fraud
16135.72,12,4553,4,2,7.24,P2P,Fuel,iOS,No,fraud
3271.02,16,4625,2,0,3.98,BillPay,Groceries,iOS,No,suspicious
11932.98,14,4707,1,1,7.01,P2P,Travel,Android,No,fraud
652.83,7,4887,2,1,0.55,P2P,Electronics,Android,No,fraud
1354.79,14,4888,4,0,1.62,Merchant,Electronics,Android,Yes,fraud
2901.92,16,4393,6,0,5.12,P2P,Jewelry,Android,No,fraud
3398.06,15,509,4,0,4.89,P2P,Groceries,Android,No,suspicious
6930.38,13,4871,3,0,3.64,P2P,Groceries,Android,No,suspicious
282.35,2,475,5,1,8.85,Merchant,Travel,iOS,Yes,fraud
3581.69,3,2162,1,1,7.04,P2P,Groceries,iOS,Yes,fraud
1955.75,9,2655,2,1,1.82,BillPay,Groceries,Android,No,suspicious
3256.79,1,766,2,0,5.16,P2P,Jewelry,iOS,No,suspicious
2879.9,23,17,2,2,2.75,Merchant,Travel,iOS,No,fraud
694.94,8,2193,6,1,3.82,P2P,Jewelry,iOS,Yes,fraud
1567.4,19,2617,1,1,1.5,P2P,Travel,iOS,No,suspicious
1349.7,7,482,2,0,1.65,P2P,Electronics,iOS,Yes,suspicious
9375.54,23,2968,7,1,8.71,P2P,Jewelry,iOS,Yes,fraud
4876.13,18,1942,3,0,1.63,P2P,Electronics,Android,No,suspicious
1668.39,9,3053,1,1,0.5,P2P,Groceries,Android,Yes,fraud
1305.72,16,230,5,0,21.22,P2P,Electronics,Android,No,suspicious
2736.51,7,1184,2,0,1.94,P2P,Fuel,iOS,No,suspicious
847.79,17,1177,2,0,3.22,Merchant,Jewelry,Android,Yes,suspicious
864.12,14,1145,3,0,7.64,P2P,Jewelry,Android,Yes,suspicious
215.36,13,3889,4,0,2.3,Merchant,Jewelry,Android,No,suspicious
1017.49,21,3099,2,0,0.22,Merchant,Electronics,Android,No,suspicious
1454.39,23,4345,2,2,2.24,P2P,Fuel,Android,No,fraud
1120.38,17,3295,3,0,5.6,Merchant,Fuel,Unknown,No,suspicious
1351.67,7,4201,3,0,1.01,P2P,Fuel,iOS,No,suspicious
6728.52,1,3069,1,1,0.5,BillPay,Fuel,Android,Yes,fraud
11309.06,3,2672,2,0,7.06,Merchant,Fuel,Android,No,suspicious
5241.76,23,1316,2,1,3.74,P2P,Travel,Android,Yes,fraud
1130.85,6,4629,4,1,1.3,P2P,Fuel,Android,No,suspicious
609.11,12,1273,6,0,8.0,BillPay,Travel,Android,No,suspicious
1961.09,1,1631,5,0,2.62,P2P,Travel,Android,No,suspicious
1022.45,16,2922,1,0,3.8,P2P,Groceries,Unknown,No,suspicious
1958.42,23,501,3,0,1.19,P2P,Jewelry,Android,No,suspicious
882.15,13,408,1,0,13.21,Merchant,Jewelry,Android,No,suspicious
2838.46,11,136,3,1,12.36,P2P,Electronics,Android,Yes,fraud
1356.76,9,4,5,0,1.81,Merchant,Travel,Android,No,suspicious
523.83,21,3247,2,1,0.21,P2P,Groceries,Android,Yes,suspicious
410.21,11,3870,1,1,0.2,P2P,Electronics,Android,No,suspicious
5548.57,14,761,4,1,2.88,P2P,Travel,Android,Yes,fraud
476.03,11,1740,4,0,4.28,P2P,Fuel,iOS,No,suspicious
667.42,7,3947,0,2,2.5,P2P,Fuel,Android,No,fraud
2629.89,9,2707,2,1,7.51,P2P,Groceries,Android,No,suspicious
2259.09,9,883,3,0,1.81,Merchant,Electronics,Android,No,suspicious
6189.29,18,882,2,1,0.05,P2P,Groceries,Android,No,fraud
563.58,3,1610,2,0,5.31,Merchant,Jewelry,iOS,Yes,fraud
3842.87,18,1965,1,3,0.1,BillPay,Fuel,iOS,Yes,fraud
1758.63,7,4390,1,0,5.56,Merchant,Fuel,Android,No,safe
8111.79,11,971,8,1,2.56,P2P,Groceries,iOS,No,fraud
359.34,9,278,1,0,16.08,Merchant,Fuel,Android,No,safe
2582.95,8,4458,3,0,2.77,Merchant,Jewelry,iOS,No,suspicious
1462.87,4,3304,2,2,2.61,P2P,Jewelry,Android,No,fraud
1683.21,19,353,6,0,1.09,P2P,Electronics,Android,No,fraud
522.2,8,1412,4,0,3.97,P2P,Jewelry,iOS,No,suspicious
755.56,23,3003,2,1,1.93,BillPay,Jewelry,iOS,No,fraud
3401.87,17,2992,4,1,2.27,P2P,Fuel,Android,Yes,fraud
609.19,2,4832,2,0,5.44,P2P,Fuel,Android,No,suspicious
3137.36,11,673,2,0,6.92,Merchant,Travel,Android,No,suspicious
122.6,20,4544,1,0,2.0,P2P,Fuel,Android,No,safe
1545.98,6,2948,6,0,3.01,P2P,Groceries,Android,No,suspicious
6180.49,9,306,3,0,0.23,BillPay,Electronics,Android,No,suspicious
1003.98,4,630,1,1,8.64,Merchant,Electronics,Android,No,fraud
7828.48,3,3282,4,1,1.27,Merchant,Electronics,Android,No,fraud
1799.64,1,2885,1,0,4.07,P2P,Groceries,Android,Yes,suspicious
3001.73,14,3104,5,1,1.83,P2P,Fuel,Android,No,fraud
1903.9,0,3952,1,0,4.31,P2P,Jewelry,Android,No,suspicious
5511.91,11,1570,1,1,2.4,P2P,Groceries,Android,No,suspicious
898.01,18,1839,3,0,1.54,P2P,Fuel,Android,Yes,suspicious
1515.89,23,3499,2,1,2.78,P2P,Jewelry,iOS,No,fraud
586.56,14,2360,1,0,1.1,P2P,Electronics,Android,No,suspicious
7060.38,16,4384,3,0,0.1,P2P,Groceries,Android,Yes,suspicious
4231.48,8,1486,5,0,1.49,Merchant,Electronics,Unknown,No,fraud
1955.65,6,4369,3,1,4.03,P2P,Groceries,Android,No,suspicious
1600.33,21,4337,2,0,0.87,Merchant,Groceries,Android,No,suspicious
404.59,22,2469,1,0,1.73,Merchant,Travel,Android,No,safe
228.82,4,1020,3,0,1.22,P2P,Jewelry,Unknown,No,fraud
4770.23,5,3384,5,0,1.65,P2P,Fuel,Android,No,suspicious
3264.66,4,987,1,0,1.04,P2P,Fuel,Android,Yes,suspicious
242.79,9,4846,4,0,3.57,P2P,Groceries,iOS,No,safe
407.57,21,675,3,0,3.34,Merchant,Jewelry,Android,Yes,suspicious
2306.8,10,1051,2,0,14.9,P2P,Jewelry,Unknown,Yes,fraud
2241.66,23,3051,3,0,2.99,P2P,Fuel,Android,No,suspicious
1974.25,3,1420,5,0,0.88,BillPay,Electronics,Android,Yes,fraud
992.4,23,3591,5,0,3.22,Merchant,Jewelry,Android,No,suspicious
1333.46,14,1720,3,0,2.05,P2P,Groceries,Android,No,suspicious
5191.06,9,475,1,0,0.13,P2P,Groceries,Android,No,suspicious
534.9,15,4499,4,1,5.52,BillPay,Travel,iOS,No,suspicious
4370.75,9,339,1,0,2.82,Merchant,Jewelry,Android,No,suspicious
810.79,4,392,1,0,6.18,Merchant,Travel,Android,No,suspicious
765.32,13,398,1,1,1.26,Merchant,Travel,Android,No,suspicious
4156.53,8,444,2,1,1.27,P2P,Electronics,iOS,No,fraud
3611.43,12,4237,2,0,1.49,P2P,Jewelry,Unknown,No,fraud
371.82,12,3524,3,0,8.4,Merchant,Jewelry,Android,No,suspicious
4687.0,2,57,5,1,2.74,P2P,Travel,Android,Yes,fraud
1793.21,15,3754,0,0,5.23,Merchant,Travel,Android,Yes,suspicious
5562.79,2,1817,3,0,4.55,P2P,Fuel,iOS,Yes,fraud
2823.65,13,1850,3,2,3.37,P2P,Jewelry,Unknown,No,fraud
1038.42,3,445,0,0,0.6,Merchant,Electronics,iOS,No,suspicious
4761.79,9,538,4,0,1.33,P2P,Travel,Android,Yes,suspicious
2212.49,2,1118,2,0,9.1,P2P,Travel,iOS,No,suspicious
1373.82,21,2110,3,0,5.53,P2P,Fuel,iOS,Yes,suspicious
1231.04,6,543,3,0,0.87,Merchant,Fuel,iOS,Yes,suspicious
1850.49,22,2302,0,1,0.44,P2P,Groceries,Android,Yes,suspicious
4558.61,9,574,3,1,3.62,Merchant,Electronics,iOS,Yes,fraud
4391.1,2,3136,3,0,7.13,BillPay,Travel,Android,No,suspicious
8208.93,18,230,1,0,8.87,P2P,Travel,iOS,No,suspicious
3155.58,17,2782,6,1,10.41,Merchant,Travel,Android,No,fraud
149.0,0,575,1,0,0.06,Merchant,Jewelry,Android,Yes,suspicious
2167.24,22,4411,6,1,0.42,P2P,Travel,iOS,No,fraud
1126.23,7,1123,0,0,4.22,P2P,Fuel,Android,No,safe
3467.19,19,4721,1,0,3.06,Merchant,Jewelry,Android,Yes,suspicious
1004.55,21,3577,2,0,9.67,Merchant,Travel,iOS,No,safe
320.39,6,1585,4,0,1.16,P2P,Fuel,Android,Yes,suspicious
975.27,19,1012,4,0,0.23,P2P,Jewelry,Android,No,suspicious
4382.83,10,4098,2,1,0.89,P2P,Travel,Unknown,No,fraud
949.93,9,3295,4,1,1.41,P2P,Jewelry,Android,No,fraud
5629.7,21,2843,5,0,0.62,P2P,Fuel,iOS,No,suspicious
788.71,5,2866,7,2,0.11,P2P,Travel,iOS,No,fraud
7303.03,23,2208,2,0,0.95,P2P,Fuel,Android,No,suspicious
648.14,2,2321,5,0,1.93,P2P,Jewelry,Android,Yes,fraud
2140.46,11,3746,4,0,4.14,P2P,Electronics,Unknown,No,fraud
1445.16,11,3449,1,1,1.47,P2P,Groceries,Android,Yes,fraud
1412.33,20,3961,4,0,0.41,P2P,Fuel,Android,No,suspicious
1895.61,6,3457,5,0,1.13,P2P,Jewelry,Android,Yes,fraud
342.19,17,3300,1,0,4.71,P2P,Fuel,Android,Yes,suspicious
3487.82,10,2998,5,0,5.29,Merchant,Electronics,iOS,No,fraud
4339.63,13,673,2,0,1.15,P2P,Groceries,Unknown,Yes,fraud
1251.67,23,3153,5,0,7.42,P2P,Electronics,iOS,Yes,fraud
3098.46,12,1133,2,1,6.6,P2P,Travel,Android,No,suspicious
2116.57,13,3312,6,1,14.61,P2P,Fuel,Android,No,fraud
4586.71,6,3637,5,0,3.41,P2P,Groceries,Android,No,suspicious
4263.27,9,4107,3,0,6.75,P2P,Electronics,Android,No,suspicious
672.15,14,1416,1,0,3.22,Merchant,Electronics,iOS,No,suspicious
2424.35,6,2535,2,0,2.56,P2P,Jewelry,Android,Yes,suspicious
3116.9,1,1694,0,1,3.34,Merchant,Travel,Android,Yes,fraud
2366.73,7,1278,4,0,1.53,P2P,Electronics,iOS,No,suspicious
1492.25,18,4626,3,0,7.34,BillPay,Fuel,Android,No,suspicious
1324.27,14,2794,0,0,2.73,Merchant,Travel,Android,No,safe
5236.33,14,592,0,0,0.85,P2P,Groceries,iOS,Yes,suspicious
586.03,16,414,2,0,1.14,P2P,Jewelry,Android,No,suspicious
5818.01,1,941,4,1,5.83,P2P,Jewelry,iOS,Yes,fraud
2201.7,6,1202,4,0,8.44,P2P,Groceries,Android,Yes,suspicious
353.33,22,1619,5,0,6.69,P2P,Jewelry,Android,No,suspicious
521.65,6,2268,3,2,3.24,P2P,Jewelry,Android,No,fraud
5023.4,16,1194,4,1,0.64,P2P,Jewelry,iOS,No,fraud
4748.01,12,1143,2,0,3.67,Merchant,Travel,iOS,No,suspicious
1422.84,18,1026,3,0,8.91,P2P,Electronics,Android,No,suspicious
689.87,15,30,3,0,14.23,P2P,Fuel,Android,No,suspicious
2625.53,11,1179,3,0,1.43,P2P,Jewelry,iOS,No,suspicious
1261.68,0,4994,1,1,1.24,Merchant,Groceries,iOS,Yes,fraud
226.28,0,1300,3,2,0.58,P2P,Travel,Unknown,No,fraud
2172.96,22,1606,2,1,2.32,Merchant,Fuel,Android,No,suspicious
807.01,6,2261,2,0,6.7,Merchant,Fuel,Android,No,safe
8228.64,2,3196,3,0,0.06,P2P,Travel,Android,No,suspicious
3604.43,22,4563,3,0,6.79,P2P,Fuel,iOS,No,suspicious
4615.53,21,1614,2,0,0.91,P2P,Groceries,Android,Yes,suspicious
2148.73,20,4451,3,2,3.18,Merchant,Fuel,Android,No,fraud
1518.62,0,2552,1,0,2.05,P2P,Groceries,iOS,No,suspicious
957.83,21,3293,3,0,13.65,BillPay,Jewelry,iOS,No,suspicious
1336.3,16,1351,3,0,4.43,P2P,Electronics,iOS,No,suspicious
1117.12,22,1853,1,0,0.9,Merchant,Electronics,Android,No,suspicious
650.4,9,2905,2,0,3.43,Merchant,Jewelry,iOS,No,suspicious
1161.29,2,2631,1,1,0.41,P2P,Fuel,Android,Yes,fraud
2362.84,15,3136,3,0,1.79,P2P,Groceries,Android,No,suspicious
3330.77,14,2905,4,0,1.01,Merchant,Groceries,iOS,Yes,suspicious
597.1,4,285,6,1,3.1,P2P,Electronics,Android,No,fraud
13808.41,16,1376,2,0,2.14,P2P,Electronics,Android,Yes,fraud
366.31,18,3070,6,0,1.43,P2P,Electronics,Android,No,suspicious
1431.85,17,875,7,1,5.99,P2P,Jewelry,Android,No,fraud
229.69,18,4346,2,0,1.15,P2P,Groceries,Android,No,safe
5753.78,10,2839,3,0,6.0,P2P,Groceries,Android,No,suspicious
916.79,15,3581,7,1,5.69,Merchant,Travel,Android,No,fraud
4669.77,5,2336,4,0,8.63,P2P,Electronics,Android,No,suspicious
2866.71,20,4837,4,1,9.7,BillPay,Electronics,Android,No,fraud
2872.26,14,293,4,0,0.59,P2P,Fuel,Android,No,suspicious
138.15,17,2809,2,0,3.35,P2P,Groceries,Android,Yes,suspicious
2197.83,21,435,1,3,4.27,P2P,Fuel,Android,Yes,fraud
3251.46,18,2964,1,1,0.24,P2P,Travel,iOS,No,suspicious
748.44,16,4117,6,1,3.12,Merchant,Groceries,Android,No,fraud
1042.77,9,3667,5,0,4.51,Merchant,Electronics,Android,Yes,fraud
2133.17,9,1007,3,1,3.18,P2P,Travel,Android,No,suspicious
1200.9,22,3904,1,2,1.01,P2P,Electronics,Android,No,fraud
3606.06,19,2702,4,0,2.59,P2P,Electronics,Android,No,suspicious
1008.62,20,1226,2,0,0.65,BillPay,Jewelry,Android,No,suspicious
144.91,20,4037,3,0,3.47,BillPay,Jewelry,Android,No,suspicious
1692.82,4,4015,4,0,0.5,P2P,Groceries,Android,No,suspicious
1980.13,23,26,1,1,0.31,P2P,Jewelry,Android,No,fraud
1071.06,2,149,2,0,0.22,P2P,Fuel,Android,Yes,suspicious
4153.33,3,3855,3,1,1.98,P2P,Groceries,Android,Yes,fraud
472.6,18,1416,4,1,2.05,Merchant,Jewelry,Android,No,fraud
662.55,23,524,4,0,8.68,P2P,Jewelry,Android,Yes,suspicious
3087.45,16,3584,3,0,4.28,BillPay,Groceries,iOS,No,suspicious
744.69,17,1072,6,1,13.2,P2P,Electronics,Android,No,fraud
1278.72,0,1205,3,0,3.28,P2P,Groceries,iOS,No,suspicious
1569.81,2,4164,2,0,0.5,P2P,Groceries,Android,Yes,suspicious
854.68,13,2322,1,0,4.1,P2P,Travel,Android,No,safe
904.64,3,2359,2,1,1.85,P2P,Electronics,iOS,Yes,fraud
966.57,23,461,5,0,1.92,Merchant,Groceries,Android,No,suspicious
1524.62,17,3016,0,0,9.84,Merchant,Electronics,iOS,No,suspicious
1694.7,13,3951,4,1,2.73,BillPay,Travel,Android,Yes,fraud
678.82,20,2994,1,1,8.21,Merchant,Jewelry,Android,No,suspicious
24302.36,12,120,3,0,0.72,P2P,Electronics,Android,No,fraud
1294.46,1,4489,2,0,1.36,BillPay,Fuel,Android,Yes,suspicious
496.22,6,3682,2,1,15.65,P2P,Travel,Android,Yes,suspicious
13205.32,11,2427,1,1,4.39,P2P,Jewelry,Unknown,No,fraud
7625.07,21,997,2,0,1.49,P2P,Fuel,Android,Yes,suspicious
370.76,14,1366,5,0,2.97,Merchant,Groceries,Android,No,suspicious
6086.22,13,2268,1,0,0.35,P2P,Travel,Android,No,suspicious
359.79,9,3137,1,0,2.91,BillPay,Electronics,Android,Yes,suspicious
945.58,21,2739,2,1,3.17,BillPay,Fuel,iOS,No,suspicious
134.55,6,3042,3,2,6.07,Merchant,Travel,iOS,No,fraud
9520.36,1,2332,0,0,12.77,Merchant,Jewelry,Android,No,suspicious
9561.06,5,833,6,0,1.9,P2P,Fuel,Android,No,suspicious
3193.08,21,66,4,0,5.68,P2P,Electronics,Android,No,fraud
1659.3,23,845,3,0,1.06,P2P,Travel,Android,No,suspicious
711.19,3,997,4,0,9.4,P2P,Fuel,iOS,No,suspicious
1736.99,14,3686,1,0,0.99,Merchant,Electronics,Android,No,suspicious
2894.63,3,2584,1,0,10.81,P2P,Travel,iOS,Yes,suspicious
2621.41,18,3440,3,0,4.58,P2P,Groceries,Android,Yes,suspicious
3738.43,11,4706,1,0,1.26,P2P,Electronics,Android,No,suspicious
8168.72,17,101,1,0,1.63,P2P,Travel,Android,Yes,suspicious
1575.67,17,2780,0,0,3.04,Merchant,Fuel,Android,No,safe
2049.41,10,2494,5,2,4.47,Merchant,Electronics,Android,Yes,fraud
854.06,12,165,4,0,6.91,P2P,Groceries,Unknown,Yes,fraud
827.17,8,1291,4,2,2.34,P2P,Electronics,iOS,No,fraud
870.09,18,1115,3,0,4.74,P2P,Groceries,Android,No,suspicious
1065.66,9,2461,3,1,18.94,P2P,Fuel,Android,No,suspicious
2887.87,7,2849,6,0,6.78,BillPay,Groceries,Android,Yes,fraud
571.04,20,4317,3,0,1.38,Merchant,Travel,Android,No,safe
9464.86,12,4756,5,1,8.71,Merchant,Fuel,Android,No,fraud
1813.22,11,2781,6,0,0.34,P2P,Groceries,Android,No,suspicious
4900.79,13,4639,3,1,2.07,P2P,Electronics,Android,No,fraud
738.05,16,452,4,0,12.49,P2P,Electronics,Android,No,suspicious
8346.87,17,2023,0,1,7.18,P2P,Electronics,iOS,No,fraud
1207.91,17,2805,2,0,0.96,Merchant,Groceries,Unknown,Yes,fraud
1472.96,14,1722,1,0,0.17,P2P,Electronics,Android,No,suspicious
2163.04,22,1296,2,0,20.26,P2P,Groceries,Android,No,suspicious
21667.61,17,4512,3,1,2.29,Merchant,Fuel,Android,No,fraud
1834.41,21,1509,3,0,10.28,Merchant,Fuel,Android,No,suspicious
1435.4,22,2984,6,0,1.5,P2P,Travel,Android,No,suspicious
1551.37,5,2709,7,0,2.16,Merchant,Fuel,Android,No,suspicious
1671.08,3,3037,2,3,5.69,P2P,Fuel,Android,Yes,fraud
3497.44,2,3486,2,0,3.64,P2P,Groceries,Android,No,suspicious
3118.84,17,1409,6,0,3.94,Merchant,Jewelry,Android,No,fraud
5329.38,5,1574,1,1,6.71,P2P,Fuel,Android,No,suspicious
6032.01,15,2557,4,1,3.48,P2P,Jewelry,Android,Yes,fraud
1124.6,8,4895,3,0,0.37,P2P,Jewelry,iOS,No,suspicious
2082.32,3,4243,3,1,2.08,P2P,Travel,Android,No,fraud
478.41,17,4483,6,0,1.08,P2P,Jewelry,Android,No,suspicious
1293.91,22,4434,4,0,0.76,P2P,Travel,Android,No,suspicious
393.99,9,2263,4,0,0.9,BillPay,Groceries,iOS,Yes,suspicious
3781.08,0,19,2,2,1.97,Merchant,Fuel,Android,Yes,fraud
2851.25,5,2845,0,2,5.96,Merchant,Groceries,Android,Yes,fraud
3222.54,15,2419,4,1,4.81,P2P,Electronics,Android,No,fraud
495.62,6,3998,5,0,1.68,P2P,Fuel,Unknown,Yes,fraud
355.82,18,924,3,0,4.24,P2P,Electronics,Android,No,suspicious
1869.71,17,146,1,0,12.51,P2P,Electronics,Android,No,suspicious
414.69,12,2004,3,0,5.37,P2P,Travel,Android,Yes,suspicious
1342.03,1,2547,3,0,10.64,P2P,Groceries,Android,Yes,suspicious
789.67,5,2680,5,0,4.01,P2P,Electronics,Android,Yes,fraud
3443.32,21,552,2,0,4.6,P2P,Travel,Android,No,suspicious
452.32,11,3965,2,0,3.04,P2P,Travel,Unknown,Yes,suspicious
6394.73,0,226,1,1,0.98,P2P,Electronics,Android,No,fraud
2119.4,6,2311,2,0,0.4,P2P,Electronics,Android,No,suspicious
974.95,1,3373,2,0,6.06,BillPay,Jewelry,Android,Yes,fraud
1619.14,8,16,3,0,1.97,P2P,Electronics,Android,No,fraud
14709.12,5,503,3,2,0.46,Merchant,Jewelry,iOS,Yes,fraud
4498.34,1,2596,4,0,0.33,P2P,Jewelry,Android,No,fraud
6395.67,8,873,4,0,2.47,Merchant,Fuel,Android,Yes,suspicious
2301.12,22,716,2,0,1.51,Merchant,Groceries,iOS,Yes,suspicious
1205.69,5,2494,5,0,2.05,Merchant,Travel,Android,No,suspicious
417.4,22,3117,2,0,0.82,Merchant,Jewelry,Android,No,suspicious
3079.29,6,4385,2,1,10.95,P2P,Electronics,iOS,No,fraud
861.71,1,3703,1,0,12.62,P2P,Travel,iOS,No,suspicious
4290.49,14,2796,4,0,7.51,Merchant,Electronics,Android,No,suspicious
3324.26,9,3368,2,0,5.8,P2P,Fuel,Android,No,suspicious
1812.54,2,4566,5,0,5.38,P2P,Jewelry,Android,No,fraud
528.15,22,2986,3,0,5.19,P2P,Travel,Android,No,safe
280.61,9,4039,3,1,1.08,Merchant,Groceries,iOS,Yes,fraud
1471.52,16,2267,3,0,3.69,Merchant,Travel,Android,No,suspicious
526.36,5,1987,4,1,0.67,P2P,Jewelry,Android,Yes,fraud
4479.67,17,4407,1,0,0.55,P2P,Groceries,Android,Yes,suspicious
1123.82,20,1388,2,1,8.28,Merchant,Electronics,iOS,No,fraud
1988.38,3,1113,0,1,0.11,Merchant,Fuel,iOS,No,suspicious
1633.18,21,1321,7,1,2.12,P2P,Travel,iOS,Yes,fraud
2675.83,0,1408,2,0,0.94,P2P,Fuel,iOS,Yes,suspicious
163.33,6,229,1,0,3.18,Merchant,Jewelry,Android,No,safe
5097.25,6,261,2,0,12.43,Merchant,Travel,Android,No,suspicious
533.57,5,2537,1,1,0.34,Merchant,Fuel,Android,Yes,suspicious
490.82,8,4881,2,1,0.14,P2P,Groceries,Android,Yes,suspicious
1569.49,18,2714,4,1,3.73,P2P,Travel,Android,No,fraud
611.23,19,2911,3,1,14.62,Merchant,Jewelry,Android,No,fraud
5047.79,2,4605,1,0,23.21,P2P,Groceries,Android,No,suspicious
2589.4,13,4003,2,1,1.45,P2P,Electronics,iOS,Yes,fraud
633.37,18,4037,0,0,6.88,P2P,Travel,Android,Yes,suspicious
1042.89,8,1062,0,1,7.58,P2P,Jewelry,Android,Yes,fraud
957.38,8,1451,6,0,2.99,P2P,Jewelry,iOS,Yes,fraud
353.36,5,4953,3,3,1.28,P2P,Fuel,iOS,No,fraud
475.1,21,1387,6,0,0.45,P2P,Travel,iOS,No,suspicious
2688.39,6,2148,4,1,0.72,P2P,Groceries,iOS,No,fraud
945.77,18,3269,5,0,0.46,P2P,Groceries,iOS,Yes,suspicious
3625.92,9,3375,3,0,0.34,Merchant,Jewelry,Android,Yes,fraud
7278.56,1,460,2,0,2.37,P2P,Travel,iOS,No,suspicious
4109.37,4,3281,2,1,2.89,P2P,Travel,Android,No,fraud
372.62,8,1981,3,0,0.3,Merchant,Electronics,Android,No,suspicious
440.74,3,2257,3,0,2.52,P2P,Groceries,Android,No,suspicious
5052.74,18,1645,2,0,14.41,P2P,Fuel,Android,No,suspicious
3432.6,9,248,3,0,1.24,BillPay,Electronics,Android,No,suspicious
4422.44,5,2884,0,0,2.92,P2P,Electronics,Android,No,suspicious
504.39,15,3197,4,2,3.44,Merchant,Fuel,Android,No,fraud
1505.55,23,3649,6,1,5.09,Merchant,Groceries,Android,Yes,fraud
4203.18,13,3425,7,0,0.84,P2P,Groceries,Android,No,suspicious
1014.94,21,1748,3,1,1.46,BillPay,Electronics,iOS,No,fraud
326.13,4,1193,2,0,3.0,Merchant,Fuel,iOS,No,suspicious
3940.31,18,1026,3,1,15.99,BillPay,Electronics,Android,No,fraud
1033.92,1,4212,4,2,1.88,P2P,Electronics,Android,Yes,fraud
1439.55,22,696,3,0,10.29,P2P,Electronics,Android,Yes,suspicious
1156.11,21,4638,2,1,1.24,P2P,Fuel,Android,No,suspicious
3752.44,21,4943,3,0,1.52,P2P,Groceries,Android,No,suspicious
6879.96,1,2945,2,0,4.83,Merchant,Travel,Android,No,suspicious
910.57,7,2592,4,0,7.61,Merchant,Groceries,iOS,Yes,suspicious
6239.11,18,2581,1,0,0.58,P2P,Jewelry,Android,No,suspicious
437.0,21,3550,1,1,2.3,P2P,Jewelry,Android,No,suspicious
2119.49,5,4825,2,2,0.77,Merchant,Electronics,Android,No,fraud
5394.38,8,2062,3,0,0.95,P2P,Fuel,Android,No,suspicious
347.0,16,733,2,0,4.51,Merchant,Travel,Android,No,safe
1787.2,3,566,4,0,6.44,Merchant,Jewelry,Android,No,fraud
1793.19,10,2101,2,0,5.01,Merchant,Jewelry,Android,No,suspicious
5017.49,7,3146,2,0,1.73,P2P,Fuel,Android,No,suspicious
569.07,11,3101,0,0,6.54,P2P,Groceries,iOS,No,safe
662.44,8,501,4,0,1.54,BillPay,Groceries,Android,No,suspicious
6584.38,18,3633,3,0,0.38,BillPay,Fuel,Android,Yes,suspicious
2944.98,4,2321,4,0,13.2,Merchant,Jewelry,Android,Yes,fraud
292.29,5,987,3,0,1.26,P2P,Travel,Android,No,safe
3305.99,7,3456,2,0,1.37,Merchant,Electronics,Android,No,suspicious
1948.04,5,2847,2,0,0.11,Merchant,Travel,Android,No,suspicious
508.88,1,936,5,1,10.63,P2P,Groceries,Android,No,fraud
5586.06,11,1533,4,0,8.7,Merchant,Groceries,iOS,No,suspicious
4763.76,1,750,4,0,2.78,P2P,Jewelry,Unknown,No,fraud
526.67,10,3558,2,1,0.85,P2P,Electronics,Android,Yes,fraud
1991.26,20,1385,3,2,1.95,P2P,Travel,iOS,No,fraud
1433.44,23,2923,7,0,0.28,P2P,Groceries,Android,No,suspicious
466.32,3,55,3,0,8.7,P2P,Jewelry,Android,No,fraud
4562.53,10,705,4,0,1.47,BillPay,Fuel,iOS,Yes,suspicious
570.39,15,3740,2,0,0.54,Merchant,Travel,iOS,No,safe
5146.28,18,2014,4,0,10.12,P2P,Fuel,iOS,No,suspicious
1261.94,7,2552,7,1,4.85,Merchant,Fuel,Android,No,fraud
2345.43,13,3683,3,0,5.11,Merchant,Fuel,iOS,No,suspicious
1554.03,10,1851,2,1,3.69,P2P,Fuel,Android,Yes,fraud
211.74,3,3850,4,0,1.53,P2P,Fuel,Android,No,suspicious
495.46,17,2700,2,1,0.12,P2P,Electronics,iOS,No,fraud
11063.64,20,4491,4,0,1.19,P2P,Groceries,Android,No,suspicious
907.55,10,930,1,2,0.38,BillPay,Fuel,iOS,No,fraud
2847.1,23,4253,4,2,1.11,P2P,Travel,Android,No,fraud
760.02,10,3697,3,0,5.62,Merchant,Fuel,iOS,Yes,suspicious
532.85,13,2177,3,0,4.03,BillPay,Electronics,Android,Yes,suspicious
19878.92,13,783,3,1,2.19,Merchant,Jewelry,Android,No,fraud
3098.51,8,4878,5,2,8.25,Merchant,Jewelry,iOS,Yes,fraud
346.18,6,734,3,0,1.05,P2P,Groceries,Android,No,safe
1176.8,6,1630,3,1,0.34,P2P,Travel,Android,No,suspicious
539.29,12,3543,2,0,16.7,P2P,Electronics,iOS,Yes,suspicious
1840.12,3,1934,3,1,0.57,P2P,Jewelry,Unknown,Yes,fraud
1997.42,16,2218,5,0,3.67,P2P,Jewelry,Android,No,suspicious
13335.99,22,4284,4,0,3.71,P2P,Travel,Android,No,suspicious
643.48,23,3708,2,0,2.12,P2P,Groceries,Android,No,safe
7551.87,22,3349,1,1,7.2,P2P,Travel,iOS,No,suspicious
1497.63,14,4835,4,0,2.58,Merchant,Groceries,Android,No,suspicious
1971.31,16,3042,4,0,2.4,Merchant,Fuel,Android,No,suspicious
439.03,2,260,2,1,3.33,P2P,Jewelry,Android,No,fraud
921.86,3,4330,0,1,1.29,P2P,Electronics,iOS,No,fraud
5947.69,13,3471,1,1,2.85,P2P,Groceries,Android,No,suspicious
285.18,8,4,5,0,2.41,P2P,Fuel,Android,No,suspicious
746.38,15,4861,2,0,1.68,Merchant,Fuel,Android,Yes,suspicious
1285.29,11,2143,3,0,4.67,Merchant,Groceries,iOS,No,suspicious
11992.5,1,990,4,0,0.73,Merchant,Travel,Android,No,fraud
2913.39,22,4824,3,0,21.87,P2P,Jewelry,Android,No,suspicious
21761.75,10,816,6,1,13.19,BillPay,Groceries,iOS,No,fraud
4340.36,20,2940,1,0,6.61,P2P,Jewelry,Android,No,suspicious
939.07,6,1198,3,0,1.71,P2P,Travel,Android,No,suspicious
586.54,15,231,2,0,6.87,Merchant,Jewelry,Android,Yes,suspicious
2663.94,3,4853,3,1,1.12,P2P,Groceries,Android,Yes,fraud
210.53,0,437,3,1,14.67,P2P,Fuel,Android,No,suspicious
711.98,13,249,3,1,3.93,P2P,Travel,Android,No,suspicious
3785.53,13,4312,4,0,3.99,P2P,Fuel,iOS,No,suspicious
701.7,16,4842,3,3,1.79,P2P,Electronics,Android,Yes,fraud
920.94,12,821,6,1,14.19,P2P,Jewelry,Android,No,fraud
200.47,12,2978,3,2,0.0,P2P,Groceries,Android,Yes,fraud
3757.9,9,979,2,0,2.21,P2P,Electronics,Android,Yes,fraud
1309.66,6,1281,3,0,11.63,BillPay,Jewelry,Android,Yes,suspicious
1014.69,8,4625,5,0,0.49,Merchant,Electronics,Android,No,suspicious
665.94,12,1281,2,0,1.43,BillPay,Groceries,Android,Yes,suspicious
308.97,5,2345,4,0,3.41,BillPay,Jewelry,Android,No,suspicious
3007.62,21,713,7,0,11.54,P2P,Jewelry,Unknown,Yes,fraud
3345.05,7,82,3,0,12.23,P2P,Electronics,Android,No,fraud
1401.57,11,2185,4,0,4.35,Merchant,Jewelry,iOS,No,suspicious
1845.74,13,4089,3,2,8.12,BillPay,Groceries,Android,No,fraud
759.49,8,387,9,0,12.42,Merchant,Electronics,iOS,No,fraud
1593.58,13,4126,4,1,5.67,P2P,Travel,Android,Yes,fraud
987.9,18,1089,1,0,1.79,Merchant,Groceries,Android,Yes,suspicious
6733.43,0,828,1,0,8.63,P2P,Electronics,iOS,No,suspicious
1101.38,10,1173,2,3,13.82,Merchant,Travel,Android,Yes,fraud
2839.76,15,2352,3,0,1.49,P2P,Electronics,Android,No,suspicious
358.2,16,4481,3,0,2.36,BillPay,Jewelry,Android,Yes,suspicious
2304.75,16,1453,2,2,4.72,P2P,Travel,Android,No,fraud
10064.36,0,761,4,2,7.68,Merchant,Travel,Unknown,Yes,fraud
703.56,20,2721,1,1,5.85,BillPay,Fuel,Android,No,suspicious
1488.81,10,200,2,2,0.02,P2P,Fuel,Android,No,fraud
2206.33,8,3609,1,0,0.85,Merchant,Electronics,Android,No,suspicious
988.74,11,4503,4,1,2.37,P2P,Electronics,Android,Yes,fraud
7073.97,21,1383,3,0,3.92,P2P,Groceries,Android,Yes,suspicious
9972.94,4,77,3,1,17.92,P2P,Electronics,iOS,No,fraud
1248.41,20,4340,5,0,0.04,Merchant,Fuel,Android,Yes,suspicious
232.39,7,3063,0,0,18.85,P2P,Jewelry,Android,No,safe
421.18,8,4039,3,0,5.29,P2P,Electronics,Android,No,suspicious
1548.6,5,2473,2,1,8.92,Merchant,Electronics,iOS,Yes,fraud
171.44,14,2223,2,0,0.85,P2P,Jewelry,iOS,No,suspicious
1525.94,14,626,0,0,3.34,Merchant,Electronics,Android,No,suspicious
414.12,2,4711,0,0,3.41,P2P,Groceries,Android,Yes,suspicious
3015.97,17,2570,5,0,3.28,Merchant,Travel,iOS,No,suspicious
2015.97,1,4071,3,0,0.48,Merchant,Groceries,Android,No,suspicious
3922.63,15,1834,3,0,4.92,P2P,Electronics,iOS,No,suspicious
2063.28,19,4379,4,1,0.14,P2P,Travel,Android,Yes,fraud
386.87,3,2884,2,1,1.97,BillPay,Fuel,Android,No,suspicious
743.91,3,4192,4,0,7.29,P2P,Groceries,iOS,Yes,suspicious
872.49,7,1257,3,2,8.29,P2P,Travel,iOS,Yes,fraud
332.15,13,1757,2,0,3.47,Merchant,Groceries,Android,No,safe
1481.52,14,1410,4,0,0.28,P2P,Jewelry,Android,No,suspicious
1557.03,9,2983,9,0,3.62,P2P,Electronics,iOS,Yes,fraud
5101.63,2,2097,2,1,6.21,P2P,Fuel,Android,No,fraud
2133.71,20,3457,2,0,6.29,P2P,Jewelry,iOS,No,suspicious
735.69,15,3588,2,1,1.29,P2P,Electronics,Android,Yes,fraud
1795.31,18,1734,3,2,4.93,P2P,Travel,Unknown,No,fraud
2141.21,18,3552,1,0,0.82,P2P,Electronics,Android,Yes,suspicious
4306.26,19,793,0,0,24.39,P2P,Fuel,Android,No,safe
1303.13,6,484,3,0,1.18,P2P,Groceries,Android,Yes,suspicious
1916.19,23,1010,4,0,1.44,P2P,Electronics,Unknown,Yes,fraud
747.51,7,1243,5,0,0.82,P2P,Jewelry,iOS,No,suspicious
2650.42,17,3085,4,0,1.76,P2P,Jewelry,Android,No,suspicious
812.31,2,2753,4,0,1.62,P2P,Travel,Android,No,suspicious
2979.7,2,3802,3,0,7.36,Merchant,Groceries,Android,No,suspicious
810.74,22,1353,2,0,8.28,P2P,Jewelry,Android,No,suspicious
250.84,22,3411,3,0,2.28,P2P,Groceries,iOS,No,safe
2493.86,3,4344,4,0,2.09,Merchant,Groceries,Android,Yes,fraud
2888.94,6,136,3,0,3.85,Merchant,Travel,iOS,No,suspicious
402.27,13,3919,4,0,3.89,P2P,Groceries,Android,No,suspicious
3729.77,21,620,3,2,2.99,Merchant,Electronics,Android,No,fraud
716.15,3,1045,6,0,9.51,P2P,Jewelry,Android,Yes,fraud
257.69,12,4834,3,0,2.04,Merchant,Jewelry,Android,No,suspicious
6874.48,5,322,5,1,2.52,Merchant,Groceries,iOS,No,fraud
623.47,17,4070,1,0,0.65,P2P,Electronics,Android,No,suspicious
1397.24,18,1272,2,0,1.57,Merchant,Groceries,iOS,No,suspicious
11878.32,21,1499,3,1,7.75,P2P,Travel,Android,No,fraud
952.41,18,3501,4,1,0.28,P2P,Travel,iOS,No,suspicious
8636.33,14,2802,5,0,7.4,BillPay,Electronics,iOS,No,fraud
351.53,16,2809,1,0,0.66,Merchant,Fuel,Android,Yes,suspicious
1605.66,0,4152,0,1,1.32,P2P,Fuel,Android,Yes,fraud
360.73,18,3825,5,0,1.55,P2P,Groceries,Android,Yes,suspicious
1849.5,13,705,4,0,1.66,BillPay,Jewelry,Android,Yes,fraud
1929.93,1,4081,4,0,4.89,P2P,Electronics,Android,Yes,fraud
1008.16,3,4588,2,0,2.14,P2P,Electronics,Android,No,suspicious
4909.77,5,523,7,1,0.18,BillPay,Jewelry,Android,No,fraud
669.42,15,1361,8,0,4.34,P2P,Jewelry,iOS,No,fraud
5875.67,14,3485,5,0,0.21,Merchant,Travel,Android,Yes,fraud
2118.92,5,4085,2,0,0.16,P2P,Fuel,iOS,Yes,suspicious
437.48,7,4609,2,1,1.51,P2P,Groceries,iOS,No,suspicious
4352.29,21,4439,2,0,16.75,P2P,Jewelry,Android,No,suspicious
1728.37,15,8,1,1,1.67,Merchant,Jewelry,Android,No,fraud
764.06,12,4947,4,0,3.59,BillPay,Electronics,iOS,No,suspicious
3857.98,18,891,2,0,1.69,Merchant,Jewelry,Android,No,suspicious
349.74,10,1216,5,2,1.83,P2P,Travel,Android,No,fraud
5103.98,8,793,1,1,4.08,P2P,Groceries,Android,No,suspicious
3091.94,18,4033,1,1,3.26,Merchant,Electronics,iOS,No,fraud
7479.73,3,2649,4,0,7.83,Merchant,Travel,iOS,Yes,fraud
2157.23,13,3031,3,1,0.74,P2P,Travel,Android,No,suspicious
352.28,10,4081,4,1,12.21,P2P,Travel,Android,No,suspicious
1471.16,19,4842,2,1,7.57,P2P,Fuel,Unknown,No,fraud
12638.23,12,2620,5,1,2.42,P2P,Jewelry,Android,Yes,fraud
1962.89,3,4662,5,0,0.01,Merchant,Electronics,Android,Yes,fraud
649.19,16,1949,3,1,3.3,BillPay,Electronics,Android,No,fraud
1300.11,22,251,0,0,18.78,P2P,Groceries,Android,No,safe
608.75,5,892,2,1,4.02,Merchant,Jewelry,iOS,No,fraud
1666.4,7,3063,3,1,11.63,BillPay,Jewelry,Android,No,fraud
298.1,5,4861,3,0,13.81,P2P,Groceries,Android,Yes,suspicious
865.91,18,4086,2,0,5.7,Merchant,Jewelry,iOS,No,suspicious
3111.07,15,4047,1,0,0.21,P2P,Jewelry,iOS,No,suspicious
1458.65,8,4008,3,0,8.78,P2P,Groceries,Unknown,Yes,fraud
199.21,18,3257,4,0,1.51,Merchant,Groceries,iOS,Yes,suspicious
8720.68,5,4984,2,0,0.38,Merchant,Travel,Android,No,suspicious
5669.33,2,984,2,0,3.73,P2P,Fuel,Android,Yes,fraud
2082.49,12,3705,3,1,2.25,P2P,Fuel,Android,No,suspicious
736.35,8,4338,5,0,9.09,P2P,Travel,Android,Yes,suspicious
3119.34,12,1039,6,1,4.13,P2P,Electronics,Android,Yes,fraud
852.83,1,2505,1,0,5.17,Merchant,Groceries,Android,No,suspicious
3551.61,13,3020,0,0,2.2,P2P,Electronics,iOS,Yes,suspicious
2162.44,15,4787,4,0,0.03,P2P,Travel,Android,No,suspicious
3497.18,11,4377,3,1,0.19,P2P,Travel,iOS,Yes,fraud
1798.34,5,311,3,1,1.88,Merchant,Electronics,Android,No,fraud
2270.65,10,316,4,0,1.63,P2P,Fuel,iOS,Yes,suspicious
3911.6,8,1919,2,0,0.31,Merchant,Fuel,Android,No,suspicious
5092.99,6,2483,2,2,2.11,Merchant,Fuel,iOS,No,fraud
3090.13,5,3203,1,0,1.29,P2P,Fuel,iOS,No,suspicious
4723.05,23,2545,3,0,2.18,BillPay,Groceries,Android,Yes,suspicious
3038.24,14,2075,6,0,10.41,Merchant,Groceries,Android,No,suspicious
2973.63,7,3597,6,0,6.3,P2P,Travel,Android,No,suspicious
2302.51,6,1477,5,1,3.18,P2P,Jewelry,Android,No,fraud
848.36,14,3801,1,0,7.24,Merchant,Electronics,Android,Yes,suspicious
2254.73,16,13,4,2,4.96,P2P,Electronics,Android,Yes,fraud
1723.21,20,853,10,1,7.34,P2P,Electronics,Android,Yes,fraud
602.56,10,3366,3,1,9.14,P2P,Groceries,Android,No,suspicious
4313.29,13,2680,2,1,13.05,Merchant,Electronics,Android,Yes,fraud
436.83,19,2304,2,0,9.96,P2P,Electronics,Android,Yes,suspicious
2699.08,10,2604,1,0,4.4,P2P,Jewelry,Android,No,suspicious
1266.13,15,1961,2,0,5.14,Merchant,Jewelry,Android,No,suspicious
6461.77,13,117,5,0,3.97,P2P,Travel,Android,No,suspicious
1999.59,14,624,4,0,0.36,P2P,Fuel,Unknown,No,suspicious
12607.86,7,3691,3,1,9.86,P2P,Groceries,Unknown,Yes,fraud
2337.92,17,2157,3,0,4.26,P2P,Jewelry,iOS,Yes,fraud
386.12,0,2092,3,0,2.4,P2P,Groceries,iOS,No,suspicious
1347.95,9,1361,1,0,14.26,Merchant,Groceries,Android,No,safe
2778.57,5,4599,5,0,12.24,P2P,Travel,Android,Yes,suspicious
462.2,3,2828,3,0,4.54,Merchant,Jewelry,iOS,Yes,fraud
3075.5,6,116,2,0,1.42,Merchant,Travel,iOS,No,suspicious
5563.31,15,4694,3,0,3.92,P2P,Travel,Android,No,suspicious
1274.91,15,3905,3,0,0.27,P2P,Electronics,iOS,Yes,suspicious
1907.84,0,589,3,0,2.63,Merchant,Travel,iOS,No,suspicious
1833.72,3,791,2,0,0.01,P2P,Travel,Android,Yes,suspicious
1230.54,21,4497,3,1,1.06,P2P,Fuel,iOS,No,suspicious
14977.88,4,583,5,0,4.3,P2P,Electronics,Android,Yes,fraud
6918.42,2,469,2,0,3.97,Merchant,Jewelry,iOS,Yes,fraud
667.56,2,874,3,0,5.6,P2P,Travel,iOS,Yes,suspicious
1534.44,23,391,3,1,5.93,P2P,Jewelry,iOS,No,fraud
2732.87,4,3014,2,1,0.19,Merchant,Groceries,iOS,No,fraud
2845.71,4,2492,6,0,12.09,P2P,Groceries,Android,No,fraud
1625.35,21,2249,2,2,0.8,Merchant,Jewelry,Android,No,fraud
1670.51,7,4497,5,0,16.98,P2P,Travel,iOS,Yes,suspicious
1217.93,13,4949,4,0,0.97,Merchant,Jewelry,iOS,Yes,fraud
9389.65,10,2257,3,0,0.55,P2P,Electronics,Android,No,suspicious
1573.15,0,1757,4,0,1.91,P2P,Fuel,Android,No,suspicious
2366.14,7,823,2,0,2.95,P2P,Electronics,iOS,Yes,suspicious
12036.12,19,2984,3,0,4.83,Merchant,Jewelry,Android,Yes,fraud
3583.17,21,3407,8,0,2.07,Merchant,Fuel,Android,Yes,fraud
590.63,6,2384,2,1,6.27,P2P,Jewelry,Android,No,fraud
450.09,8,2698,1,0,3.41,BillPay,Electronics,Android,No,suspicious
517.5,16,4944,0,1,2.47,P2P,Electronics,iOS,No,suspicious
662.68,19,4555,0,0,18.49,BillPay,Groceries,Android,Yes,suspicious
801.44,21,3619,4,0,4.71,P2P,Travel,Android,No,suspicious
3915.85,18,3659,1,0,0.02,Merchant,Groceries,iOS,No,suspicious
1103.95,18,94,1,0,0.52,P2P,Jewelry,Android,Yes,suspicious
13430.69,20,2000,5,1,7.96,P2P,Travel,Android,No,fraud
622.22,13,3307,1,1,0.35,P2P,Electronics,iOS,Yes,fraud
2279.35,4,955,2,1,4.28,Merchant,Electronics,Android,No,fraud
2232.57,19,63,3,0,5.49,BillPay,Travel,Android,No,suspicious
13220.7,20,399,2,1,4.23,P2P,Groceries,iOS,No,fraud
2060.49,0,1596,2,1,8.27,P2P,Groceries,iOS,Yes,fraud
5908.25,12,2662,2,0,11.1,Merchant,Groceries,Android,Yes,suspicious
669.97,1,1516,3,0,2.63,Merchant,Fuel,iOS,No,suspicious
2903.71,10,3422,6,1,1.18,P2P,Groceries,iOS,No,fraud
1331.63,14,2369,2,0,0.14,BillPay,Jewelry,Unknown,No,fraud
760.43,0,3905,4,0,4.58,Merchant,Groceries,Android,Yes,suspicious
1283.44,15,2666,7,0,4.19,BillPay,Groceries,Android,No,suspicious
3274.51,20,1679,4,0,0.59,P2P,Travel,Android,No,suspicious
2015.02,15,2448,1,0,0.25,P2P,Jewelry,iOS,No,suspicious
206.77,20,3828,2,0,0.58,P2P,Fuel,Android,No,safe
961.55,10,2701,4,0,6.23,P2P,Electronics,Android,Yes,fraud
1572.0,17,3405,2,2,5.17,P2P,Groceries,Android,No,fraud
804.21,8,3451,5,0,19.09,P2P,Travel,iOS,Yes,suspicious
545.09,17,4469,3,0,0.7,Merchant,Electronics,Android,Yes,suspicious
1270.84,16,183,2,0,2.73,BillPay,Fuel,Android,No,suspicious
5740.78,11,121,3,0,0.74,P2P,Jewelry,Android,No,suspicious
2099.7,22,300,5,2,2.78,Merchant,Groceries,Android,No,fraud
2770.82,9,3363,1,1,5.85,Merchant,Travel,iOS,Yes,fraud
3202.0,20,4005,3,3,2.83,P2P,Groceries,Android,No,fraud
2594.32,0,2751,4,0,8.6,P2P,Travel,iOS,No,suspicious
1646.46,11,2036,2,0,7.64,P2P,Jewelry,Android,No,suspicious
568.75,12,2273,1,0,1.79,BillPay,Fuel,Android,Yes,suspicious
1310.57,20,2336,4,1,5.98,Merchant,Electronics,Android,No,fraud
335.58,4,2786,5,0,0.33,P2P,Travel,Android,Yes,suspicious
1386.27,7,1459,4,0,0.43,P2P,Fuel,Android,No,suspicious
3539.35,12,2121,2,1,1.86,P2P,Travel,Android,No,suspicious
675.33,18,356,6,1,5.41,Merchant,Jewelry,Android,No,fraud
1388.06,22,820,0,0,1.03,P2P,Travel,Android,Yes,suspicious
6088.92,21,4806,3,0,3.85,Merchant,Fuel,Android,No,suspicious
1168.47,9,320,1,2,10.91,P2P,Fuel,Android,No,fraud
731.36,22,1977,1,1,0.03,Merchant,Groceries,Android,No,suspicious
892.82,1,1027,3,0,0.42,Merchant,Electronics,Android,Yes,fraud
2064.8,18,2070,2,0,1.16,P2P,Electronics,Android,No,suspicious
804.31,14,4453,2,0,22.46,Merchant,Fuel,iOS,Yes,suspicious
1223.61,20,2384,4,0,6.69,P2P,Electronics,Android,No,suspicious
246.26,9,4364,4,0,0.31,P2P,Jewelry,Android,Yes,suspicious
256.46,5,183,4,0,9.51,Merchant,Travel,iOS,No,safe
3249.7,23,1560,5,2,4.63,Merchant,Fuel,Android,No,fraud
408.35,3,2924,3,0,0.01,Merchant,Travel,Android,No,suspicious
10369.63,18,2429,2,0,3.97,BillPay,Jewelry,iOS,No,suspicious
1417.17,18,3894,5,1,3.59,P2P,Travel,Android,No,fraud
1803.41,17,2709,4,0,5.19,Merchant,Travel,Android,No,suspicious
1487.21,6,4723,1,0,2.62,BillPay,Electronics,iOS,No,suspicious
1327.14,19,1133,5,0,1.29,P2P,Jewelry,Android,No,suspicious
2430.38,23,3173,4,0,3.5,P2P,Fuel,Android,No,suspicious
462.77,13,1954,1,1,13.28,BillPay,Jewelry,Android,Yes,fraud
4003.96,22,375,5,0,1.01,P2P,Travel,Android,No,suspicious
2198.71,10,4843,2,1,0.88,P2P,Travel,Android,No,suspicious
1678.05,1,4689,3,0,7.25,BillPay,Fuel,iOS,No,suspicious
1011.66,2,716,4,0,0.9,P2P,Jewelry,iOS,No,fraud
4703.68,15,380,3,1,5.52,P2P,Jewelry,Android,Yes,fraud
1043.14,12,1574,3,0,4.36,Merchant,Fuel,Android,Yes,suspicious
565.08,22,4604,4,0,5.76,Merchant,Electronics,iOS,No,suspicious
24607.2,19,2819,3,0,2.69,P2P,Fuel,Android,Yes,fraud
1205.19,11,3613,4,1,3.42,P2P,Electronics,Android,No,fraud
592.4,13,2965,4,0,6.5,Merchant,Groceries,Android,No,suspicious
6484.57,20,4222,4,1,1.3,P2P,Fuel,Android,No,fraud
1646.28,16,3353,6,0,2.04,P2P,Fuel,Android,No,suspicious
2235.85,22,4798,0,0,0.31,P2P,Jewelry,Android,Yes,suspicious
545.56,21,4172,5,0,1.93,BillPay,Jewelry,Unknown,Yes,fraud
2391.72,6,774,2,1,1.78,P2P,Travel,iOS,No,suspicious
839.5,22,2113,4,0,2.4,P2P,Fuel,Android,Yes,suspicious
260.77,13,1782,5,0,2.45,BillPay,Groceries,Android,Yes,suspicious
1861.59,22,3228,3,1,0.66,P2P,Travel,Android,Yes,fraud
417.79,21,212,4,0,1.76,Merchant,Electronics,iOS,No,suspicious
2205.6,3,1174,3,0,1.05,Merchant,Travel,Android,No,suspicious
2892.16,3,4162,2,0,14.1,P2P,Electronics,Android,No,suspicious
4236.74,8,1261,4,0,6.14,Merchant,Electronics,iOS,No,suspicious
976.11,20,341,4,0,3.59,Merchant,Jewelry,Android,No,suspicious
1516.76,0,1978,2,1,3.09,P2P,Travel,Android,No,fraud
886.76,6,2597,1,1,2.41,Merchant,Jewelry,Android,No,fraud
2109.95,6,4774,5,0,12.61,Merchant,Jewelry,iOS,No,suspicious
656.67,18,2576,3,0,2.55,P2P,Jewelry,Android,No,suspicious
1059.98,15,3367,3,0,0.74,P2P,Electronics,Android,No,suspicious
3194.18,12,1223,2,1,6.9,P2P,Jewelry,iOS,Yes,fraud
1230.48,19,3547,0,0,1.82,P2P,Jewelry,Android,No,suspicious
1692.4,16,2179,1,0,3.08,BillPay,Groceries,iOS,No,safe
4628.84,20,3662,3,0,1.06,P2P,Groceries,iOS,No,suspicious
827.67,16,3603,4,0,12.71,P2P,Electronics,Android,No,suspicious
495.75,5,292,4,1,1.29,P2P,Groceries,Android,No,suspicious
694.72,18,1219,3,1,0.68,P2P,Fuel,Android,No,suspicious
1481.64,7,100,4,0,1.83,Merchant,Fuel,Android,No,suspicious
102.12,16,1735,0,0,2.49,Merchant,Travel,Android,Yes,safe
3412.74,7,3507,3,1,4.22,P2P,Electronics,Unknown,No,fraud
7337.55,1,2979,3,0,7.01,P2P,Groceries,Android,No,suspicious
2470.95,13,178,3,0,3.79,Merchant,Jewelry,iOS,No,suspicious
10913.62,19,690,4,0,0.2,P2P,Fuel,iOS,Yes,fraud
1879.28,3,4180,2,0,11.14,P2P,Groceries,Android,Yes,suspicious
1308.71,15,3563,2,0,1.18,P2P,Fuel,Android,Yes,suspicious
2751.42,12,49,5,1,6.32,P2P,Electronics,Android,No,fraud
3335.31,12,3533,2,0,6.02,Merchant,Travel,Android,No,suspicious
963.46,8,3598,1,0,3.71,Merchant,Jewelry,iOS,No,suspicious
850.85,19,329,3,0,7.12,P2P,Jewelry,Android,Yes,suspicious
1596.88,7,931,4,0,0.17,P2P,Jewelry,Android,No,suspicious
3249.51,16,344,5,0,1.38,P2P,Jewelry,Android,Yes,fraud
2538.81,6,497,3,1,2.61,P2P,Jewelry,Android,No,fraud
567.24,13,4753,2,0,0.55,P2P,Groceries,iOS,No,safe
1031.56,9,3261,4,0,7.39,Merchant,Groceries,iOS,No,suspicious
1910.57,0,306,5,1,0.32,Merchant,Jewelry,Android,No,fraud
3523.84,20,2950,3,2,1.19,P2P,Groceries,Android,No,fraud
3252.69,9,3431,2,0,8.23,Merchant,Groceries,iOS,No,suspicious
4703.47,14,1599,1,0,1.7,P2P,Jewelry,iOS,No,suspicious
1002.83,2,2687,6,0,8.54,BillPay,Travel,Android,No,suspicious
1205.18,14,1240,4,2,2.46,P2P,Electronics,iOS,No,fraud
2062.03,15,4239,3,0,2.17,P2P,Jewelry,Unknown,Yes,fraud
13946.82,16,3735,7,0,5.23,P2P,Fuel,Android,Yes,fraud
4886.25,5,1296,1,0,0.1,Merchant,Fuel,Android,No,suspicious
4338.14,19,4943,5,0,5.57,P2P,Travel,Android,Yes,suspicious
1285.98,10,1379,3,1,14.73,BillPay,Groceries,Android,No,suspicious
689.33,3,3702,5,0,0.49,P2P,Travel,Android,No,suspicious
4712.44,21,2778,5,0,7.39,BillPay,Groceries,Android,No,suspicious
373.3,17,2038,5,0,5.33,P2P,Fuel,Android,No,suspicious
1217.97,2,3014,1,0,2.11,Merchant,Travel,Android,Yes,suspicious
1077.68,5,38,2,0,0.05,P2P,Groceries,iOS,No,suspicious
9940.26,3,1819,2,0,1.5,P2P,Electronics,Android,No,fraud
2273.57,22,3790,2,0,18.93,P2P,Electronics,iOS,Yes,suspicious
850.74,8,3147,2,1,6.67,P2P,Jewelry,Android,No,fraud
2019.28,21,4804,5,0,0.15,Merchant,Electronics,Android,No,suspicious
1693.02,21,2007,3,0,3.26,P2P,Groceries,Android,Yes,suspicious
1274.05,10,1951,5,0,0.63,P2P,Groceries,Android,No,suspicious
2649.34,21,664,2,1,1.06,P2P,Travel,Android,No,suspicious
21797.79,18,3792,2,1,1.72,P2P,Electronics,Android,No,fraud
7611.36,8,4490,5,1,0.47,BillPay,Jewelry,Android,Yes,fraud
1164.73,1,4660,1,1,2.01,P2P,Fuel,Android,No,suspicious
2427.1,2,4631,4,1,5.62,Merchant,Jewelry,Android,No,fraud
1025.81,2,4660,3,0,7.54,P2P,Jewelry,Android,No,suspicious
3255.84,23,4787,1,0,1.06,P2P,Electronics,Android,Yes,suspicious
1903.41,4,666,1,0,13.38,P2P,Travel,Android,Yes,suspicious
1077.17,10,4058,4,0,5.45,P2P,Travel,Android,No,suspicious
2511.82,7,3914,3,1,6.19,P2P,Fuel,Android,No,suspicious
502.21,14,561,4,0,0.43,P2P,Fuel,iOS,No,suspicious
9130.52,15,2424,3,0,3.62,P2P,Travel,iOS,No,suspicious
8977.84,3,3743,2,0,23.03,P2P,Travel,iOS,No,suspicious
4411.31,20,2557,3,0,8.38,P2P,Travel,Android,No,suspicious
907.9,4,4211,3,0,1.4,P2P,Jewelry,iOS,No,suspicious
4212.82,9,2978,3,0,3.42,BillPay,Electronics,iOS,Yes,fraud
2224.63,11,937,1,1,4.33,P2P,Groceries,Android,No,suspicious
417.3,3,1857,2,0,2.11,P2P,Travel,Android,Yes,suspicious
824.13,18,4117,1,1,4.72,P2P,Jewelry,iOS,Yes,fraud
1786.43,11,3235,2,2,2.26,P2P,Electronics,Android,No,fraud
9912.27,8,1013,1,0,0.39,Merchant,Fuel,Android,No,suspicious
501.17,7,901,0,1,0.2,P2P,Fuel,Android,No,suspicious
5158.73,14,4212,2,0,3.34,P2P,Fuel,Unknown,No,suspicious
2757.12,0,2796,8,1,2.01,P2P,Travel,Android,No,fraud
1320.61,2,2043,3,1,3.72,Merchant,Electronics,Android,No,fraud
4209.97,0,4172,3,0,3.37,BillPay,Travel,Android,No,suspicious
932.69,17,4472,1,0,0.01,P2P,Jewelry,iOS,No,suspicious
9849.85,10,2225,3,1,6.57,P2P,Fuel,iOS,No,fraud
1248.54,11,4853,3,0,2.8,Merchant,Jewelry,Android,Yes,suspicious
231.06,15,19,4,0,6.48,Merchant,Jewelry,Unknown,No,fraud
2947.03,5,2464,4,2,0.35,P2P,Jewelry,Android,Yes,fraud
546.13,5,3667,4,0,15.37,Merchant,Jewelry,Android,No,suspicious
2490.38,3,3859,4,0,1.03,P2P,Jewelry,Android,No,fraud
11986.7,1,1630,3,0,2.01,P2P,Groceries,Android,Yes,fraud
291.19,9,4358,5,1,9.0,P2P,Groceries,Android,Yes,fraud
1112.66,20,2914,1,1,7.32,P2P,Groceries,Android,Yes,fraud
1560.29,7,1820,5,1,1.08,P2P,Jewelry,Android,Yes,fraud
391.45,8,4801,3,0,1.31,P2P,Travel,iOS,No,safe
5870.39,5,3608,3,0,0.25,P2P,Fuel,iOS,No,suspicious
2422.69,15,394,3,0,9.45,P2P,Fuel,Android,Yes,suspicious
4317.0,19,931,5,1,7.31,P2P,Jewelry,iOS,No,fraud
773.24,3,3750,2,1,7.97,P2P,Travel,Unknown,Yes,fraud
2935.47,5,1398,6,0,5.87,P2P,Groceries,Android,No,suspicious
2561.85,15,3251,5,1,6.08,Merchant,Fuel,iOS,Yes,fraud
213.53,13,4223,4,0,7.24,Merchant,Electronics,iOS,No,suspicious
6880.38,15,4458,3,0,0.63,Merchant,Electronics,Android,No,suspicious
1305.35,6,4822,1,0,2.72,BillPay,Fuel,iOS,Yes,suspicious
1750.85,6,4081,1,0,4.42,BillPay,Jewelry,Android,No,suspicious
7299.58,7,3124,2,0,4.52,Merchant,Travel,Android,No,suspicious
3994.2,5,3015,2,0,0.36,P2P,Travel,iOS,No,suspicious
2293.93,12,2718,5,1,0.34,P2P,Travel,Android,No,fraud
3797.07,8,1031,2,0,3.4,P2P,Fuel,iOS,No,suspicious
7893.02,1,4729,3,0,5.49,P2P,Groceries,Android,Yes,fraud
1666.37,6,4359,4,0,1.58,P2P,Jewelry,Android,No,suspicious
2645.84,3,1573,5,0,2.52,P2P,Fuel,Android,Yes,fraud
698.82,16,1824,1,0,4.66,P2P,Jewelry,Android,Yes,suspicious
1510.34,7,1969,3,1,5.21,P2P,Groceries,Android,No,suspicious
3948.39,14,4762,1,0,9.72,P2P,Jewelry,Unknown,No,fraud
5211.36,21,2934,1,1,19.65,Merchant,Fuel,Android,No,suspicious
1257.26,19,2432,4,1,2.58,Merchant,Jewelry,Android,No,fraud
871.41,19,3325,2,1,2.02,Merchant,Jewelry,Android,No,fraud
2224.76,14,2523,2,0,6.19,P2P,Groceries,Android,No,suspicious
473.64,10,1915,3,1,10.24,Merchant,Groceries,Android,Yes,fraud
3738.36,14,4319,3,0,0.73,Merchant,Fuel,Android,Yes,suspicious
4281.19,23,2688,4,1,1.08,Merchant,Travel,Unknown,No,fraud
1086.5,18,3180,1,0,2.79,P2P,Groceries,Android,No,safe
4774.67,21,4073,3,0,8.94,Merchant,Fuel,Android,Yes,suspicious
4141.99,1,2523,0,0,0.74,Merchant,Fuel,Android,No,suspicious
3580.98,20,811,6,2,1.62,P2P,Fuel,Android,No,fraud
3964.88,19,1418,3,1,5.24,P2P,Groceries,Android,No,fraud
960.06,20,1535,3,1,1.61,P2P,Travel,Android,Yes,fraud
1109.3,10,2594,2,0,8.32,Merchant,Travel,Android,Yes,suspicious
9283.22,12,2820,5,1,8.58,P2P,Jewelry,Android,Yes,fraud
3234.51,20,4367,1,0,13.55,P2P,Fuel,Android,No,suspicious
1894.93,11,4641,2,0,4.03,BillPay,Electronics,Unknown,No,fraud
2227.94,6,4160,1,2,10.97,P2P,Fuel,iOS,No,fraud
341.84,19,3611,0,0,0.75,P2P,Electronics,Android,No,safe
4560.14,10,4862,6,0,3.98,P2P,Electronics,Android,No,fraud
2592.6,12,2144,3,1,0.37,Merchant,Jewelry,iOS,No,fraud
311.95,21,3577,5,0,16.41,P2P,Groceries,Android,No,suspicious
951.96,4,1961,1,0,4.49,Merchant,Jewelry,Android,No,suspicious
7633.67,17,3381,4,0,3.19,P2P,Groceries,Android,No,suspicious
1734.73,0,3194,2,0,1.38,P2P,Fuel,Android,Yes,suspicious
1130.57,23,2980,1,0,2.94,P2P,Travel,Android,Yes,suspicious
342.91,0,762,2,1,3.34,Merchant,Groceries,Unknown,No,fraud
646.6,15,4954,4,0,1.84,BillPay,Jewelry,iOS,No,suspicious
572.69,0,2206,3,0,4.94,P2P,Travel,Android,No,suspicious
4778.73,11,4492,2,1,13.57,P2P,Electronics,Android,No,fraud
5873.94,13,4815,3,1,4.04,P2P,Groceries,Android,No,fraud
1299.16,18,4496,1,1,2.89,Merchant,Jewelry,Android,No,fraud
1979.3,1,162,6,0,1.3,P2P,Jewelry,Android,No,fraud
689.54,7,4066,6,0,4.8,P2P,Jewelry,Android,No,suspicious
1347.13,1,4074,7,0,2.8,Merchant,Travel,iOS,No,fraud
1922.34,10,1043,1,0,3.94,BillPay,Electronics,iOS,No,suspicious
890.69,11,817,5,0,4.18,P2P,Groceries,Android,No,suspicious
602.92,4,3515,4,0,12.27,P2P,Fuel,Android,Yes,suspicious
571.74,7,717,3,0,11.53,BillPay,Groceries,Android,No,safe
3475.24,0,427,2,0,7.95,P2P,Electronics,Android,Yes,fraud
2688.86,13,999,2,0,15.47,Merchant,Fuel,Android,No,suspicious
7648.59,13,4128,0,0,2.54,P2P,Jewelry,Android,No,suspicious
3963.34,6,1631,7,1,5.49,P2P,Travel,iOS,No,fraud
1762.54,3,1051,4,0,4.23,P2P,Jewelry,Unknown,No,fraud
474.46,6,561,2,0,0.68,Merchant,Jewelry,Android,No,suspicious
2303.59,6,3631,1,1,6.31,P2P,Fuel,Android,Yes,fraud
943.36,14,4001,3,0,2.24,P2P,Groceries,Android,Yes,suspicious
1275.43,12,3622,2,0,0.86,P2P,Travel,Android,Yes,suspicious
1334.64,15,605,2,1,2.51,P2P,Travel,iOS,No,suspicious
1276.72,21,2978,4,0,1.39,P2P,Travel,Android,No,suspicious
4316.39,10,970,3,0,5.57,P2P,Jewelry,iOS,No,suspicious
2315.54,6,2926,6,0,15.33,Merchant,Electronics,Android,Yes,fraud
586.1,14,651,2,1,2.27,BillPay,Travel,Android,No,suspicious
569.0,4,4836,3,0,13.67,P2P,Groceries,Android,No,suspicious
1170.09,13,152,4,0,6.5,P2P,Travel,Android,No,suspicious
135.94,6,2886,6,0,5.8,P2P,Travel,Android,No,suspicious
1394.44,19,4796,4,0,3.71,BillPay,Groceries,Android,No,suspicious
3781.33,3,3871,2,0,7.61,P2P,Electronics,Android,No,fraud
1180.23,16,2167,0,0,6.07,P2P,Jewelry,Android,No,suspicious
1356.51,23,3479,4,0,2.06,P2P,Jewelry,Android,No,suspicious
1275.87,20,2590,5,2,4.55,P2P,Jewelry,Android,Yes,fraud
811.36,14,497,0,0,22.86,Merchant,Travel,Android,No,safe
6291.41,8,1432,0,0,4.39,P2P,Fuel,iOS,No,suspicious
2560.81,12,1992,3,0,5.47,Merchant,Groceries,Android,No,suspicious
10194.67,13,4558,5,0,21.76,P2P,Groceries,Android,No,suspicious
6126.72,21,896,1,0,0.55,Merchant,Fuel,Android,No,suspicious
1883.5,13,2432,0,0,5.33,P2P,Electronics,iOS,No,suspicious
1616.47,0,104,3,1,0.62,Merchant,Travel,Android,Yes,fraud
9772.68,18,3472,2,0,1.75,P2P,Jewelry,iOS,Yes,fraud
3724.85,14,1062,2,1,3.82,P2P,Electronics,Android,No,fraud
542.58,19,1515,3,1,2.38,BillPay,Groceries,Android,No,suspicious
604.77,1,3597,5,0,1.01,Merchant,Groceries,Android,No,suspicious
1450.14,6,4079,2,3,6.0,Merchant,Travel,Android,No,fraud
1775.78,15,1173,2,0,7.09,BillPay,Groceries,iOS,Yes,suspicious
36677.49,16,351,8,0,3.54,P2P,Fuel,Android,No,fraud
606.33,5,4141,3,0,1.56,Merchant,Travel,Android,No,safe
675.97,21,942,1,0,6.85,BillPay,Fuel,iOS,Yes,suspicious
1473.86,22,3661,3,0,4.55,BillPay,Travel,Android,No,suspicious
3569.57,14,80,2,2,0.29,Merchant,Groceries,Android,No,fraud
873.96,22,1743,4,0,0.26,Merchant,Electronics,Unknown,No,fraud
694.82,18,480,8,0,7.67,P2P,Groceries,iOS,Yes,fraud
4669.03,22,940,5,1,9.42,Merchant,Fuel,Android,No,fraud
1483.97,19,2979,1,0,3.71,P2P,Electronics,Android,No,suspicious
3462.57,12,1113,6,0,4.76,P2P,Jewelry,Android,No,fraud
4343.48,7,3233,4,0,0.45,P2P,Groceries,iOS,Yes,suspicious
362.41,3,4469,3,0,1.85,P2P,Fuel,Unknown,No,suspicious
1674.22,13,3908,3,0,10.94,Merchant,Jewelry,Android,No,suspicious
896.32,13,4661,3,0,0.17,Merchant,Electronics,Android,No,suspicious
315.64,20,1216,5,0,0.32,P2P,Travel,Android,Yes,suspicious
4746.54,20,1834,1,0,0.35,P2P,Jewelry,Android,Yes,suspicious
6818.05,18,2487,0,0,0.78,P2P,Groceries,iOS,No,suspicious
601.05,10,4387,1,0,9.97,Merchant,Fuel,Android,No,safe
7260.02,2,879,1,1,3.77,P2P,Travel,iOS,No,fraud
1850.25,4,3968,2,0,1.12,P2P,Electronics,Android,No,suspicious
530.81,10,4103,2,1,6.93,Merchant,Electronics,Android,Yes,fraud
4492.99,14,3006,2,0,7.37,Merchant,Groceries,iOS,No,suspicious
4289.3,3,2373,1,0,3.67,P2P,Fuel,Android,Yes,suspicious
4942.0,1,1456,2,0,1.85,Merchant,Electronics,Android,No,fraud
2896.16,1,3467,5,0,1.54,P2P,Fuel,Android,No,suspicious
400.41,8,2131,5,0,3.13,P2P,Travel,Android,No,suspicious
1235.01,12,1050,3,0,13.44,Merchant,Electronics,iOS,Yes,suspicious
4895.49,8,4562,3,2,1.52,P2P,Travel,iOS,No,fraud
401.49,11,1887,1,0,9.68,P2P,Electronics,Android,No,suspicious
562.44,8,1891,3,0,0.59,Merchant,Electronics,Android,Yes,suspicious
1894.51,22,1361,2,0,2.79,P2P,Groceries,Android,No,suspicious
837.05,4,3925,1,0,1.93,P2P,Groceries,iOS,Yes,suspicious
7294.95,20,3904,1,0,4.51,Merchant,Electronics,iOS,No,suspicious
2832.41,16,3748,2,0,3.92,Merchant,Jewelry,iOS,No,suspicious
1017.27,23,3707,3,1,1.94,P2P,Fuel,Unknown,No,fraud
3501.15,0,245,5,0,5.08,P2P,Groceries,Android,Yes,fraud
4952.86,5,4734,1,1,1.18,P2P,Jewelry,Android,No,fraud
2183.52,15,224,2,0,3.58,Merchant,Travel,Android,No,suspicious
1343.56,7,2493,1,0,6.54,Merchant,Fuel,Android,No,safe
753.05,2,4964,2,1,1.72,Merchant,Fuel,Android,No,fraud
1322.86,13,1752,2,1,5.35,Merchant,Electronics,Android,No,fraud
436.93,13,944,1,1,0.38,Merchant,Groceries,Android,Yes,suspicious
1670.36,3,4460,4,0,11.25,P2P,Travel,iOS,No,suspicious
1361.99,23,1423,2,0,6.92,P2P,Fuel,Android,No,suspicious
1960.34,17,1372,3,0,0.26,BillPay,Jewelry,Android,No,suspicious
2012.77,11,4503,2,2,5.18,P2P,Electronics,Android,No,fraud
1376.6,3,1751,2,0,3.61,P2P,Jewelry,iOS,No,suspicious
4012.08,10,894,2,0,3.09,P2P,Electronics,Android,Yes,fraud
3229.94,5,1161,4,1,0.88,P2P,Electronics,Android,No,fraud
1236.75,10,3184,2,0,1.69,P2P,Travel,Android,No,safe
1248.94,22,4474,3,0,14.68,P2P,Groceries,Android,No,suspicious
477.77,18,505,0,0,5.79,BillPay,Fuel,Unknown,No,suspicious
762.45,16,1637,5,0,0.26,P2P,Groceries,Android,No,suspicious
725.93,3,1856,5,0,5.9,P2P,Jewelry,Unknown,Yes,fraud
766.41,19,1003,2,0,3.02,Merchant,Electronics,Android,No,suspicious
354.09,2,2508,2,0,6.23,P2P,Jewelry,Android,No,suspicious
3239.62,13,3087,3,1,9.46,P2P,Fuel,iOS,No,fraud
2131.91,15,2756,5,1,8.78,P2P,Groceries,iOS,Yes,fraud
792.9,19,4522,1,0,2.03,BillPay,Travel,Android,No,safe
10569.99,21,1847,3,1,1.05,Merchant,Jewelry,Android,No,fraud
2954.65,16,2691,2,0,1.15,P2P,Groceries,Android,No,suspicious
428.59,11,4324,2,0,1.76,BillPay,Groceries,Android,No,safe
682.53,0,1204,4,0,0.25,Merchant,Jewelry,Android,No,suspicious
4786.82,8,1815,3,0,8.73,P2P,Jewelry,Android,No,suspicious
538.84,3,3491,0,0,19.2,P2P,Electronics,Android,No,suspicious
2123.19,17,1743,3,0,0.4,P2P,Travel,Android,Yes,suspicious
947.43,11,2234,4,0,1.29,Merchant,Fuel,Android,No,suspicious
47924.54,12,3124,4,0,3.04,P2P,Groceries,Android,Yes,fraud
2034.09,5,1876,3,0,1.49,P2P,Groceries,Android,No,suspicious
1983.46,15,3492,2,1,3.81,P2P,Groceries,Android,No,suspicious
5496.92,2,2888,2,0,1.53,P2P,Fuel,iOS,No,suspicious
1069.99,3,1877,5,0,0.27,Merchant,Jewelry,Android,No,fraud
867.59,20,3879,8,0,5.17,P2P,Fuel,Unknown,Yes,fraud
1847.97,11,2264,2,1,1.65,P2P,Fuel,iOS,No,suspicious
1022.29,22,1402,4,1,1.54,BillPay,Jewelry,iOS,Yes,fraud
6714.51,19,4579,1,0,1.33,BillPay,Travel,iOS,No,suspicious
698.56,23,2256,2,0,1.01,P2P,Groceries,Android,No,safe
760.81,23,4940,2,1,5.0,P2P,Electronics,Android,Yes,fraud
1661.84,23,691,6,0,4.61,P2P,Groceries,iOS,Yes,suspicious
1257.09,21,3490,2,1,1.23,Merchant,Fuel,iOS,No,suspicious
16020.94,1,2817,1,0,5.73,BillPay,Electronics,Android,No,fraud
491.69,22,2705,2,0,10.14,Merchant,Fuel,Android,Yes,suspicious
4588.83,5,2702,6,2,6.66,P2P,Groceries,Android,Yes,fraud
3403.77,1,3291,0,0,7.48,P2P,Jewelry,iOS,No,suspicious
870.5,12,2618,5,0,1.05,P2P,Fuel,iOS,No,suspicious
1575.66,2,2814,1,1,0.09,P2P,Electronics,Android,No,fraud
1360.92,16,4972,2,2,1.42,P2P,Groceries,Android,Yes,fraud
544.49,12,2359,5,0,0.48,Merchant,Travel,Android,No,suspicious
997.28,12,3734,2,0,1.04,Merchant,Electronics,Android,No,suspicious
2400.55,0,2913,3,0,0.17,BillPay,Jewelry,Android,No,fraud
1096.74,6,2760,1,2,4.66,P2P,Jewelry,Android,Yes,fraud
2147.88,6,2371,5,0,1.99,P2P,Jewelry,Android,Yes,fraud
709.32,23,1067,3,0,0.03,Merchant,Groceries,Android,No,suspicious
769.9,21,3657,3,0,0.04,BillPay,Jewelry,Android,No,suspicious
14911.02,23,4394,0,0,3.73,P2P,Fuel,Android,No,suspicious
481.09,18,1715,1,0,1.16,Merchant,Electronics,Android,No,suspicious
3141.11,13,1077,4,0,4.74,P2P,Electronics,Android,No,suspicious
1180.14,22,361,3,1,9.13,Merchant,Travel,iOS,Yes,fraud
2292.69,4,2924,1,0,8.8,P2P,Electronics,Android,Yes,fraud
1163.75,17,842,3,0,0.08,P2P,Travel,Android,Yes,suspicious
2081.57,12,3840,1,0,2.93,Merchant,Groceries,iOS,No,safe
2498.88,17,2393,1,0,9.39,P2P,Groceries,Android,No,safe
1940.82,15,4188,2,0,1.24,P2P,Groceries,Android,No,suspicious
4863.61,21,2994,4,0,3.06,P2P,Jewelry,Android,Yes,fraud
3437.36,15,231,3,0,3.88,Merchant,Jewelry,Android,No,suspicious
2166.0,18,1186,2,0,1.61,Merchant,Fuel,Android,No,suspicious
3958.45,12,4494,2,1,6.92,Merchant,Jewelry,iOS,No,fraud
3741.28,20,543,4,0,2.98,P2P,Fuel,Android,Yes,suspicious
377.09,4,1751,4,0,0.71,P2P,Jewelry,Android,No,suspicious
3104.3,0,1505,3,1,5.69,P2P,Jewelry,Android,Yes,fraud
181.49,19,3040,5,0,11.88,P2P,Electronics,Android,No,suspicious
974.87,2,221,2,1,0.98,Merchant,Fuel,Android,No,fraud
2262.12,16,4922,1,1,6.56,Merchant,Jewelry,iOS,Yes,fraud
294.21,16,2458,6,1,5.98,Merchant,Travel,Android,No,suspicious
266.86,17,1385,4,0,5.85,P2P,Groceries,Android,Yes,suspicious
1209.22,2,2246,0,0,1.96,P2P,Travel,Unknown,Yes,fraud
541.98,3,2921,1,0,6.36,BillPay,Travel,iOS,No,suspicious
929.46,0,2482,3,0,2.12,Merchant,Groceries,Unknown,No,fraud
5776.3,21,1587,7,0,5.45,P2P,Jewelry,iOS,Yes,fraud
463.98,8,1990,0,0,9.47,Merchant,Travel,Unknown,Yes,suspicious
2352.22,5,1061,4,1,0.4,BillPay,Jewelry,Android,No,fraud
2063.57,6,3079,2,1,0.47,P2P,Jewelry,iOS,No,fraud
9361.03,1,1141,6,0,16.77,Merchant,Travel,iOS,No,fraud
857.85,10,2407,5,0,13.89,P2P,Electronics,iOS,No,suspicious
173.83,10,4380,3,0,9.9,Merchant,Jewelry,Android,No,suspicious
3401.44,12,1713,1,0,7.96,P2P,Electronics,Android,No,suspicious
1968.17,9,3613,3,1,3.37,BillPay,Groceries,Android,Yes,fraud
14794.55,15,4122,0,0,3.67,Merchant,Electronics,Android,Yes,fraud
1088.94,14,1330,6,0,12.21,Merchant,Travel,Unknown,No,fraud
2141.05,18,2537,2,0,9.53,P2P,Fuel,Android,No,suspicious
1775.49,9,2618,7,0,1.23,BillPay,Jewelry,Android,Yes,fraud
3847.59,4,809,2,1,1.31,P2P,Jewelry,Android,No,fraud
1812.64,15,845,6,1,6.91,Merchant,Travel,iOS,No,fraud
1110.87,13,228,5,0,4.09,P2P,Jewelry,Android,No,suspicious
225.44,16,3208,7,1,4.64,Merchant,Groceries,Android,Yes,fraud
89.39,15,4210,7,0,4.72,Merchant,Groceries,iOS,No,suspicious
466.77,9,719,3,0,0.34,P2P,Fuel,Android,No,safe
3575.79,21,3915,2,0,3.23,P2P,Groceries,Android,No,suspicious
1441.54,12,3131,2,0,4.43,Merchant,Electronics,Android,No,suspicious
14114.09,7,2348,2,0,6.45,Merchant,Fuel,Android,No,suspicious
1926.31,12,2755,3,0,0.17,Merchant,Jewelry,Android,No,suspicious
1267.82,14,4440,4,0,17.01,Merchant,Jewelry,Android,Yes,fraud
1796.1,6,1874,2,0,3.29,Merchant,Jewelry,Android,No,suspicious
628.64,14,4546,2,1,3.59,P2P,Fuel,Android,No,suspicious
172.97,5,3205,3,0,0.95,P2P,Jewelry,Unknown,No,suspicious
1527.75,2,4937,3,1,4.65,P2P,Electronics,iOS,No,fraud
4396.7,6,2284,1,0,2.12,P2P,Electronics,iOS,Yes,suspicious
1492.24,6,3494,2,3,11.27,P2P,Jewelry,Android,No,fraud
627.93,5,1400,5,0,12.1,Merchant,Groceries,Android,No,suspicious
7652.11,23,4248,7,1,0.36,P2P,Travel,Android,No,fraud
1130.8,13,3236,2,1,1.11,BillPay,Travel,Android,No,suspicious
498.81,22,1603,7,0,1.22,Merchant,Electronics,Android,No,suspicious
3111.49,0,3068,5,0,1.01,P2P,Travel,iOS,Yes,fraud
465.68,17,1016,0,0,4.79,P2P,Electronics,iOS,Yes,suspicious
717.2,15,4008,3,0,0.0,P2P,Travel,Android,No,suspicious
3422.88,10,3872,4,1,0.68,Merchant,Groceries,iOS,No,fraud
1514.59,19,2769,0,0,3.22,P2P,Electronics,Android,Yes,suspicious
1265.15,23,102,7,0,2.87,Merchant,Electronics,Android,No,fraud
981.8,2,3518,2,0,1.13,BillPay,Groceries,iOS,No,suspicious
1370.36,6,2123,6,0,1.08,BillPay,Jewelry,Android,No,suspicious
203.06,8,4101,3,1,2.07,P2P,Jewelry,Android,Yes,fraud
1824.54,5,423,3,0,3.03,P2P,Fuel,Android,No,suspicious
1794.31,3,2966,4,1,4.75,P2P,Electronics,Android,Yes,fraud
423.4,20,4805,2,0,3.07,P2P,Electronics,iOS,Yes,suspicious
3098.1,6,3065,2,1,1.31,P2P,Electronics,Android,Yes,fraud
1949.91,14,1204,6,0,8.7,P2P,Jewelry,Android,Yes,fraud
3319.13,6,4191,0,0,4.61,P2P,Electronics,Android,Yes,suspicious
666.97,9,4029,4,0,2.07,P2P,Travel,iOS,Yes,suspicious
1522.32,9,3895,0,1,1.42,Merchant,Electronics,Android,No,suspicious
8897.69,17,568,6,0,6.5,P2P,Electronics,Android,No,fraud
986.37,17,524,1,0,1.69,P2P,Electronics,Android,No,suspicious
1156.59,4,3866,5,0,10.2,Merchant,Jewelry,Android,Yes,fraud
750.82,7,4014,6,0,7.01,P2P,Groceries,Android,No,suspicious
1144.31,5,2468,6,0,0.15,Merchant,Travel,Android,No,suspicious
2317.73,12,2525,2,2,1.79,P2P,Jewelry,Android,No,fraud
9121.27,17,4957,1,1,6.54,P2P,Electronics,iOS,Yes,fraud
1050.03,1,3251,4,0,16.27,P2P,Electronics,Android,No,fraud
5321.13,23,994,3,0,2.57,BillPay,Jewelry,Android,No,suspicious
4955.15,8,909,3,1,10.03,P2P,Travel,Android,No,fraud
1412.3,0,2582,3,0,8.33,Merchant,Groceries,Android,No,suspicious
10936.73,1,2447,2,0,4.86,P2P,Groceries,Android,No,suspicious
1099.32,4,1424,6,0,6.97,Merchant,Travel,iOS,No,suspicious
11092.58,6,2327,2,1,0.23,P2P,Travel,Android,Yes,fraud
2074.85,10,3719,4,3,6.86,Merchant,Jewelry,iOS,No,fraud
410.43,3,1267,1,0,1.55,Merchant,Travel,Android,No,suspicious
921.81,6,3390,1,2,6.42,P2P,Travel,Android,No,fraud
2035.58,12,4142,3,1,1.59,Merchant,Jewelry,Android,No,fraud
1150.65,23,1688,2,1,8.95,P2P,Travel,Android,No,suspicious
645.8,12,4750,6,0,3.43,P2P,Jewelry,Android,Yes,fraud
5978.18,13,646,2,0,15.86,Merchant,Groceries,Android,Yes,suspicious
8729.75,16,407,3,1,5.17,P2P,Jewelry,Android,No,fraud
1241.6,5,4115,2,0,3.7,P2P,Travel,iOS,No,safe
675.96,19,1173,1,0,6.23,P2P,Jewelry,iOS,No,suspicious
1768.71,18,3315,1,1,0.9,BillPay,Fuel,Android,No,suspicious
526.46,3,2539,3,0,0.32,P2P,Jewelry,Android,No,suspicious
3953.22,14,4892,3,0,1.14,BillPay,Travel,Android,No,suspicious
1576.5,17,3533,3,0,17.15,BillPay,Travel,Android,No,suspicious
2983.14,23,4735,3,0,12.65,P2P,Groceries,Android,No,suspicious
4921.31,11,851,2,0,2.82,BillPay,Electronics,Android,Yes,fraud
2052.95,14,473,1,1,2.85,P2P,Travel,Android,No,suspicious
946.33,0,1030,7,1,0.78,P2P,Groceries,Android,No,fraud
3172.04,0,1288,1,0,6.21,Merchant,Fuel,iOS,Yes,suspicious
1298.63,17,3226,3,0,3.06,Merchant,Fuel,Unknown,Yes,fraud
389.2,2,1702,4,0,2.9,P2P,Jewelry,iOS,No,suspicious
910.13,9,421,1,2,3.5,P2P,Groceries,iOS,No,fraud
4016.3,22,925,4,1,5.18,P2P,Jewelry,Android,No,fraud
1393.99,20,2268,2,0,21.17,P2P,Groceries,iOS,Yes,suspicious
4607.51,19,2924,4,0,3.01,Merchant,Jewelry,Android,Yes,fraud
2007.73,5,1685,2,1,1.17,Merchant,Jewelry,iOS,Yes,fraud
960.07,10,3177,4,1,1.07,BillPay,Jewelry,Android,Yes,fraud
1754.7,9,4,4,1,7.38,Merchant,Fuel,Unknown,No,fraud
1058.4,2,2083,2,0,0.2,P2P,Groceries,iOS,No,suspicious
1851.79,6,1088,2,0,4.86,P2P,Travel,iOS,No,suspicious
755.19,5,1150,1,2,8.27,P2P,Jewelry,Android,Yes,fraud
579.95,17,756,1,0,9.19,Merchant,Jewelry,Android,No,suspicious
578.76,10,4074,3,0,1.06,P2P,Groceries,Android,No,safe
6644.86,6,890,2,0,3.43,P2P,Groceries,iOS,No,suspicious
2736.01,12,679,7,0,7.79,P2P,Fuel,Android,No,suspicious
12583.4,9,4467,3,1,20.37,P2P,Jewelry,Android,No,fraud
854.21,22,2559,2,0,17.05,Merchant,Electronics,iOS,Yes,suspicious
3733.49,2,1885,3,2,8.15,Merchant,Groceries,Unknown,No,fraud
924.1,15,1306,4,0,11.34,P2P,Jewelry,Android,No,suspicious
1500.84,6,4727,4,1,0.36,P2P,Groceries,Android,Yes,fraud
536.72,13,4323,4,1,1.16,Merchant,Travel,Android,No,suspicious
609.69,20,3059,1,0,8.95,P2P,Jewelry,Android,Yes,suspicious
2441.78,14,682,3,1,8.22,BillPay,Electronics,iOS,No,fraud
2345.77,21,599,5,0,1.6,P2P,Electronics,iOS,No,suspicious
12705.78,7,243,5,0,14.76,P2P,Fuel,Android,No,suspicious
2174.94,15,4397,4,0,0.7,P2P,Electronics,iOS,Yes,fraud
2645.48,16,2072,7,1,3.15,P2P,Electronics,iOS,No,fraud
1309.34,21,1050,0,0,8.87,P2P,Electronics,iOS,Yes,suspicious
1441.56,22,2282,4,1,5.81,P2P,Groceries,iOS,No,fraud
1492.42,0,1077,2,0,0.27,P2P,Jewelry,Android,No,suspicious
2391.41,7,1143,3,0,0.55,P2P,Jewelry,Android,No,suspicious
4578.63,9,3639,3,1,2.07,P2P,Jewelry,iOS,Yes,fraud
651.53,20,2597,3,0,1.85,P2P,Groceries,Android,No,suspicious
5933.88,2,4243,3,0,6.32,P2P,Fuel,Unknown,Yes,fraud
5276.94,9,3005,1,0,5.92,P2P,Electronics,Android,No,suspicious
2679.32,12,2186,2,0,2.48,BillPay,Groceries,Android,No,suspicious
576.93,9,3624,0,0,6.5,P2P,Electronics,Android,No,suspicious
3251.78,7,3110,6,0,3.45,P2P,Travel,iOS,No,suspicious
1183.02,14,2438,4,0,6.78,P2P,Travel,Android,No,suspicious
847.99,15,2561,2,0,7.96,P2P,Travel,iOS,Yes,suspicious
806.83,16,639,3,0,11.0,P2P,Fuel,Android,No,suspicious
10370.36,6,4509,6,0,1.95,P2P,Fuel,Android,No,suspicious
289.69,17,2494,5,0,2.53,P2P,Travel,Android,No,suspicious
276.04,20,4617,2,2,0.47,P2P,Groceries,Android,No,fraud
13843.72,3,1546,5,0,1.3,Merchant,Jewelry,iOS,No,fraud
386.56,20,2496,6,0,0.42,P2P,Travel,Android,No,suspicious
68.26,21,2504,5,1,1.68,P2P,Fuel,iOS,Yes,fraud
1111.49,8,2398,7,0,3.95,Merchant,Groceries,Android,No,suspicious
16186.15,5,4896,2,0,4.7,P2P,Electronics,Android,No,suspicious
3766.58,14,3637,1,1,4.24,P2P,Jewelry,iOS,No,fraud
342.07,17,4757,1,0,7.17,BillPay,Fuel,Android,No,safe
529.22,11,4738,2,2,6.57,Merchant,Electronics,iOS,Yes,fraud
394.3,23,176,4,0,4.06,P2P,Groceries,Android,Yes,suspicious
497.87,9,551,3,0,2.19,P2P,Jewelry,Android,Yes,suspicious
2185.88,4,1166,5,0,3.59,P2P,Electronics,Android,No,fraud
708.41,21,2672,2,0,1.11,P2P,Groceries,Unknown,No,suspicious
3273.05,19,2681,3,0,2.51,P2P,Electronics,Android,Yes,fraud
12787.29,1,2789,2,0,11.71,P2P,Electronics,Android,No,fraud
3543.42,4,2231,6,1,0.82,P2P,Travel,Android,Yes,fraud
4392.83,13,489,3,0,6.58,P2P,Jewelry,iOS,No,suspicious
7514.87,5,1269,2,1,4.05,Merchant,Groceries,Android,Yes,fraud
1124.27,18,832,6,0,6.19,Merchant,Groceries,Android,No,suspicious
602.84,20,948,4,0,3.3,P2P,Fuel,Android,No,suspicious
537.38,6,2174,1,0,24.6,Merchant,Jewelry,Android,No,suspicious
918.25,10,699,8,1,0.13,P2P,Travel,Android,No,fraud
4130.93,7,2629,2,1,5.34,P2P,Groceries,iOS,Yes,fraud
1967.56,9,879,3,0,2.82,P2P,Electronics,Android,No,suspicious
7437.43,8,3650,6,0,3.67,P2P,Jewelry,iOS,No,fraud
868.19,2,1192,2,0,0.49,Merchant,Travel,iOS,No,suspicious
654.93,23,2154,2,0,9.03,P2P,Electronics,Android,No,suspicious
946.85,12,3315,3,0,12.9,BillPay,Groceries,Android,Yes,suspicious
899.25,11,4709,2,0,1.61,P2P,Jewelry,Android,No,suspicious
1103.66,10,587,0,2,12.91,Merchant,Jewelry,Android,No,fraud
464.75,23,3088,6,0,7.06,P2P,Travel,Android,No,suspicious
1112.07,17,928,5,1,0.67,P2P,Groceries,Android,Yes,fraud
1569.74,9,1543,2,0,4.77,P2P,Groceries,Android,No,suspicious
3152.34,21,3186,6,0,1.5,P2P,Fuel,iOS,No,suspicious
3226.95,8,3187,9,0,6.54,P2P,Electronics,Android,No,fraud
282.73,12,4854,4,0,4.01,Merchant,Electronics,Android,No,suspicious
26369.51,12,2825,1,0,0.89,P2P,Jewelry,Android,No,suspicious
897.65,20,2404,2,0,0.36,P2P,Fuel,Android,No,safe
336.22,6,2920,2,0,0.04,P2P,Jewelry,Android,No,suspicious
1680.57,17,3304,4,0,3.78,Merchant,Groceries,iOS,No,suspicious
4310.33,3,4451,4,0,0.96,P2P,Jewelry,iOS,Yes,fraud
750.63,12,1605,6,0,3.73,Merchant,Fuel,Android,No,suspicious
632.27,3,695,2,1,0.46,Merchant,Electronics,Android,No,fraud
8650.32,10,4524,1,1,0.86,Merchant,Electronics,iOS,No,fraud
1531.24,2,3677,4,0,9.14,P2P,Jewelry,iOS,No,fraud
1405.36,10,2143,2,1,6.99,P2P,Groceries,Android,No,suspicious
880.27,18,2765,6,0,0.05,P2P,Groceries,Unknown,No,fraud
2268.77,14,2193,7,0,2.76,P2P,Fuel,Android,No,suspicious
1074.72,1,812,3,0,1.6,P2P,Groceries,Android,No,suspicious
4516.05,2,4978,3,0,3.33,Merchant,Travel,Android,Yes,fraud
1302.44,4,4803,0,0,3.92,P2P,Jewelry,Android,No,suspicious
1619.37,1,1263,4,0,3.72,P2P,Travel,Android,No,suspicious
2883.53,21,1892,2,0,12.43,P2P,Jewelry,Android,No,suspicious
379.82,13,2480,2,0,6.97,P2P,Electronics,iOS,No,suspicious
1211.4,17,1331,3,0,4.62,P2P,Fuel,Android,Yes,suspicious
4947.86,8,2618,3,0,0.76,Merchant,Fuel,Android,No,suspicious
2197.84,3,1199,1,0,3.54,P2P,Jewelry,Android,No,suspicious
3697.83,10,898,2,0,3.9,P2P,Groceries,iOS,No,suspicious
13157.05,8,1318,3,0,1.51,Merchant,Travel,iOS,No,suspicious
432.38,5,2736,4,0,1.35,P2P,Groceries,Android,No,suspicious
9329.54,13,4329,1,0,4.84,P2P,Groceries,Android,No,suspicious
6414.97,21,1194,3,0,1.29,P2P,Fuel,Android,No,suspicious
1005.58,7,832,2,0,7.07,P2P,Fuel,Android,No,safe
898.39,14,3596,3,0,18.85,P2P,Electronics,Android,No,suspicious
2212.68,18,2974,2,1,0.08,P2P,Electronics,Android,No,fraud
2294.7,10,3534,1,0,3.71,P2P,Jewelry,Unknown,Yes,fraud
333.57,18,1970,2,0,1.26,P2P,Electronics,Unknown,Yes,fraud
994.3,16,3508,3,1,5.1,P2P,Travel,Android,Yes,fraud
1443.91,22,3178,2,0,6.67,P2P,Electronics,Android,No,suspicious
749.08,18,858,2,0,1.69,P2P,Jewelry,Android,No,suspicious
2933.43,19,2185,5,0,1.51,BillPay,Fuel,Android,No,suspicious
2064.96,9,1051,0,2,4.48,P2P,Fuel,Android,No,fraud
5955.44,11,1814,4,0,2.52,P2P,Travel,Android,No,suspicious
1532.4,4,3114,2,0,1.26,P2P,Jewelry,iOS,Yes,fraud
1579.81,3,3473,2,1,1.81,P2P,Travel,Android,Yes,fraud
4543.78,8,4379,5,2,0.35,P2P,Electronics,Android,No,fraud
2807.41,6,3876,2,0,1.51,BillPay,Electronics,Android,No,suspicious
615.22,7,1047,3,0,0.88,P2P,Fuel,Android,No,safe
17045.71,0,3593,3,0,0.12,P2P,Electronics,Android,No,fraud
1225.93,14,2949,5,0,0.22,Merchant,Electronics,Android,No,suspicious
3801.33,12,4380,3,1,0.15,P2P,Travel,Android,Yes,fraud
2598.24,5,519,3,1,1.01,P2P,Fuel,Android,Yes,fraud
5544.44,2,314,4,2,1.82,P2P,Fuel,Android,Yes,fraud
1028.23,15,4054,2,0,0.62,P2P,Travel,Android,No,safe
202.95,9,3290,3,1,2.28,Merchant,Fuel,Android,No,suspicious
3454.54,10,49,1,0,1.34,P2P,Electronics,Unknown,No,fraud
2697.67,9,2376,5,1,2.61,P2P,Fuel,Android,Yes,fraud
1867.76,21,645,2,0,3.83,P2P,Jewelry,Android,No,suspicious
639.12,13,614,1,0,0.18,Merchant,Electronics,Android,Yes,suspicious
2402.35,2,285,4,0,0.01,Merchant,Groceries,iOS,Yes,fraud
1874.18,3,3612,5,0,4.69,BillPay,Jewelry,Android,Yes,fraud
572.46,17,1576,4,0,3.77,P2P,Fuel,iOS,Yes,suspicious
1504.5,11,860,3,0,2.77,Merchant,Groceries,iOS,Yes,suspicious
2179.33,19,1153,6,1,0.96,P2P,Jewelry,Android,Yes,fraud
643.95,5,3387,2,0,11.58,BillPay,Jewelry,Android,Yes,suspicious
8638.52,9,3575,4,1,6.04,P2P,Jewelry,iOS,No,fraud
2469.95,23,2029,2,0,3.33,P2P,Electronics,Android,No,suspicious
4480.61,5,3401,1,0,1.45,Merchant,Jewelry,Android,No,suspicious
2481.95,12,4135,5,0,6.2,Merchant,Electronics,Android,No,suspicious
524.77,10,2010,3,0,0.25,Merchant,Jewelry,Android,No,suspicious
1342.62,20,4482,3,0,2.55,P2P,Groceries,iOS,Yes,suspicious
1376.95,9,4467,6,0,0.97,P2P,Travel,Android,No,suspicious
507.61,19,3846,2,1,13.19,P2P,Jewelry,Android,No,fraud
6330.09,1,3884,3,0,2.37,Merchant,Fuel,Android,No,suspicious
1081.81,7,3589,5,4,1.95,P2P,Electronics,Unknown,Yes,fraud
787.64,6,686,6,0,8.17,BillPay,Electronics,Android,Yes,fraud
6691.67,23,943,3,1,1.2,P2P,Travel,Android,No,fraud
1113.89,0,4429,3,0,9.51,Merchant,Electronics,Android,Yes,fraud
1196.24,21,1236,1,0,5.54,P2P,Travel,Android,No,safe
889.11,9,2043,2,0,1.15,P2P,Fuel,Unknown,No,suspicious
597.13,22,1565,4,1,2.8,P2P,Electronics,iOS,No,fraud
455.06,19,4876,5,1,17.02,Merchant,Electronics,Android,No,fraud
1405.34,14,4693,2,0,2.98,BillPay,Fuel,Android,No,suspicious
3233.64,23,3024,1,0,3.26,P2P,Jewelry,Android,Yes,suspicious
508.68,14,1265,4,1,5.78,Merchant,Jewelry,iOS,No,fraud
186.85,4,2561,1,0,0.99,Merchant,Electronics,Android,No,suspicious
3914.0,6,4126,2,0,0.27,Merchant,Travel,Android,Yes,suspicious
2687.05,22,3330,7,1,7.49,BillPay,Groceries,Android,Yes,fraud
2202.27,9,3754,2,0,0.4,P2P,Jewelry,iOS,Yes,suspicious
1908.42,11,2453,3,1,12.63,Merchant,Jewelry,Unknown,No,fraud
3715.09,1,1081,5,3,16.91,P2P,Groceries,Android,Yes,fraud
1311.26,8,1805,2,1,2.29,P2P,Groceries,Android,Yes,fraud
2694.27,14,3593,7,1,6.2,Merchant,Jewelry,iOS,No,fraud
1750.28,14,3823,5,1,6.6,P2P,Jewelry,Android,No,fraud
6652.81,14,341,1,0,0.55,Merchant,Jewelry,Unknown,No,fraud
2404.78,2,3267,2,1,1.12,Merchant,Fuel,Android,No,fraud
1577.61,12,2649,2,0,0.21,P2P,Electronics,iOS,No,suspicious
451.62,21,1561,6,0,0.39,P2P,Travel,Android,No,suspicious
1764.17,8,1756,2,0,8.34,P2P,Travel,Android,No,suspicious
3336.61,4,4053,2,0,1.19,P2P,Jewelry,iOS,No,suspicious
1982.28,14,2265,5,1,5.3,P2P,Electronics,Android,No,fraud
5025.97,17,2927,6,2,1.38,P2P,Travel,Android,No,fraud
488.94,11,2042,3,0,6.19,Merchant,Jewelry,iOS,Yes,suspicious
2127.07,5,1582,0,0,2.22,P2P,Groceries,iOS,No,safe
905.17,19,3794,1,1,4.72,Merchant,Fuel,Android,No,suspicious
451.1,13,4866,2,0,10.78,P2P,Fuel,Android,No,safe
2468.99,1,2223,1,1,0.23,P2P,Groceries,Unknown,Yes,fraud
1870.88,23,2565,4,0,1.12,P2P,Jewelry,iOS,No,suspicious
3817.77,19,4797,3,0,2.98,P2P,Electronics,Android,No,suspicious
1833.48,13,3287,4,0,1.05,BillPay,Fuel,Android,No,suspicious
4293.47,8,1067,3,0,0.12,P2P,Fuel,Android,Yes,suspicious
1070.75,20,908,3,0,13.63,P2P,Fuel,Android,No,suspicious
307.62,21,4725,1,0,10.71,P2P,Jewelry,iOS,Yes,suspicious
452.33,14,428,3,0,4.65,Merchant,Fuel,Android,No,safe
1980.49,13,2004,2,0,5.47,P2P,Travel,Android,Yes,suspicious
1425.89,2,2212,4,1,0.68,P2P,Groceries,Android,No,fraud
2520.51,15,2915,5,0,3.26,Merchant,Jewelry,Unknown,No,fraud
641.98,11,3347,2,2,4.22,P2P,Fuel,iOS,No,fraud
1061.5,16,2160,6,0,2.96,P2P,Electronics,Android,No,suspicious
322.67,7,4935,4,0,1.99,P2P,Travel,Android,No,suspicious
3318.38,6,1855,0,1,0.56,P2P,Travel,Android,No,suspicious
897.18,16,2391,4,0,4.56,Merchant,Groceries,Unknown,Yes,fraud
1617.94,12,2746,7,0,6.17,P2P,Fuel,Android,Yes,fraud
1815.94,8,2587,3,0,8.32,P2P,Electronics,Android,Yes,fraud
5391.12,1,1460,2,1,9.82,BillPay,Groceries,Android,No,fraud
3128.41,12,702,3,2,5.78,P2P,Jewelry,Android,No,fraud
27565.78,19,3795,1,1,3.79,P2P,Travel,Android,No,fraud
9273.69,19,2386,1,1,2.25,P2P,Travel,Android,No,suspicious
2760.93,7,804,5,0,5.36,BillPay,Groceries,Android,No,suspicious
3303.24,0,3742,0,0,0.26,BillPay,Groceries,Android,No,suspicious
1658.93,0,2531,6,0,5.0,P2P,Fuel,iOS,No,suspicious
4866.76,8,2979,2,1,8.01,P2P,Electronics,iOS,No,fraud
3070.3,4,3753,2,0,3.02,Merchant,Fuel,Android,Yes,suspicious
7399.23,7,4731,3,0,0.54,Merchant,Travel,iOS,No,suspicious
16414.93,5,3279,5,0,1.48,P2P,Jewelry,iOS,No,fraud
1116.05,1,2317,1,1,1.86,Merchant,Jewelry,Android,Yes,fraud
617.37,15,2291,1,1,4.98,BillPay,Electronics,Android,Yes,fraud
497.25,17,2652,5,0,1.87,BillPay,Jewelry,Android,No,suspicious
3114.02,19,3084,4,0,0.11,BillPay,Travel,iOS,Yes,suspicious
1267.78,2,81,0,0,3.15,P2P,Fuel,Android,Yes,fraud
1757.36,20,2015,5,1,6.41,Merchant,Travel,Android,No,fraud
1529.69,6,4677,3,1,9.91,P2P,Jewelry,Android,No,fraud
3019.28,16,569,2,1,1.53,P2P,Jewelry,Android,No,fraud
4692.13,14,2036,6,0,2.19,Merchant,Jewelry,Android,No,fraud
3741.03,13,4755,4,1,1.54,P2P,Travel,Android,Yes,fraud
2141.33,11,3679,2,0,1.03,Merchant,Travel,Android,No,suspicious
1279.13,13,2406,2,1,5.12,P2P,Fuel,Android,No,suspicious
1143.28,15,1605,5,0,1.35,P2P,Jewelry,Android,No,suspicious
1208.12,15,4247,0,1,0.43,BillPay,Fuel,iOS,No,suspicious
1702.26,13,3177,2,1,0.36,P2P,Electronics,Android,No,fraud
823.63,8,3375,2,0,3.12,Merchant,Fuel,iOS,Yes,suspicious
3047.9,6,1108,0,0,1.2,P2P,Electronics,Android,Yes,suspicious
5581.84,13,896,5,1,2.63,P2P,Jewelry,Android,No,fraud
694.47,16,911,3,1,14.2,Merchant,Jewelry,Android,No,fraud
4155.51,1,1123,2,2,2.6,P2P,Fuel,iOS,No,fraud
223.64,0,3476,2,0,2.92,BillPay,Electronics,Android,Yes,suspicious
354.15,5,4548,2,2,2.99,Merchant,Jewelry,Android,No,fraud
414.93,10,4889,3,0,5.18,Merchant,Groceries,iOS,No,safe
2004.92,5,2786,1,2,3.02,P2P,Travel,iOS,Yes,fraud
9555.9,22,4330,3,1,4.15,Merchant,Fuel,Android,No,fraud
330.5,11,1094,3,0,1.0,Merchant,Jewelry,Android,No,suspicious
2136.93,23,1707,6,0,4.5,BillPay,Jewelry,Android,No,fraud
1220.86,18,316,8,1,6.24,P2P,Jewelry,Android,Yes,fraud
18062.33,4,285,3,1,7.74,P2P,Jewelry,Android,No,fraud
630.21,20,1629,2,0,3.1,Merchant,Groceries,Android,No,safe
1736.61,9,2976,3,0,6.24,P2P,Travel,Android,No,suspicious
513.7,1,3996,3,0,2.34,Merchant,Jewelry,Android,No,suspicious
2429.45,17,2447,0,1,2.24,P2P,Travel,Android,Yes,fraud
941.46,20,1257,3,0,3.45,P2P,Groceries,Android,No,suspicious
528.63,10,281,1,1,1.12,Merchant,Fuel,iOS,No,suspicious
1698.57,9,774,0,0,3.59,P2P,Travel,Android,Yes,suspicious
1832.2,23,632,3,0,4.56,Merchant,Travel,Unknown,No,suspicious
547.58,6,3081,2,1,6.15,P2P,Fuel,iOS,Yes,fraud
1199.59,11,2921,0,1,3.65,P2P,Travel,Android,Yes,suspicious
1352.43,23,3224,7,0,1.12,Merchant,Groceries,Android,No,suspicious
2734.72,13,4245,4,0,4.73,P2P,Fuel,Android,No,suspicious
3991.32,12,2058,3,0,2.54,P2P,Jewelry,Android,No,suspicious
1601.59,16,3014,3,0,2.68,P2P,Fuel,iOS,Yes,suspicious
1672.94,21,4635,7,0,3.66,P2P,Electronics,Android,Yes,fraud
4897.83,17,865,4,0,2.41,P2P,Jewelry,Android,Yes,fraud
260.81,22,4723,3,1,10.43,Merchant,Travel,Android,No,suspicious
1966.18,5,798,5,0,0.18,P2P,Groceries,Android,No,suspicious
4258.63,12,1628,4,0,2.47,P2P,Groceries,Android,No,suspicious
602.49,9,4429,3,0,0.15,P2P,Jewelry,Android,No,suspicious
886.44,23,4515,3,0,1.23,Merchant,Jewelry,Android,No,suspicious
3610.72,14,1717,6,3,6.89,P2P,Groceries,Android,Yes,fraud
1058.11,10,4650,1,1,5.65,P2P,Fuel,Android,No,suspicious
198.96,4,1317,2,0,15.46,P2P,Jewelry,iOS,No,suspicious
2597.16,0,2986,1,0,2.91,BillPay,Groceries,iOS,No,suspicious
7821.59,11,569,3,0,3.47,P2P,Fuel,Android,No,suspicious
3828.47,5,462,6,0,11.63,P2P,Fuel,Android,Yes,fraud
2681.09,15,2184,2,0,0.15,P2P,Travel,iOS,Yes,suspicious
2611.53,0,560,1,0,8.31,P2P,Travel,Android,No,suspicious
3305.78,8,2110,6,1,0.29,Merchant,Jewelry,Android,No,fraud
15237.26,8,554,3,1,5.17,Merchant,Groceries,Android,Yes,fraud
2898.82,11,3529,2,0,6.33,P2P,Fuel,Android,No,suspicious
891.7,23,3481,2,0,1.3,P2P,Electronics,Android,No,suspicious
1178.73,21,3013,6,0,5.74,P2P,Electronics,Unknown,Yes,fraud
3284.77,3,4022,4,0,7.05,P2P,Groceries,Android,Yes,fraud
727.4,15,3310,4,0,0.89,P2P,Fuel,Android,No,suspicious
3061.13,0,48,5,0,7.65,P2P,Fuel,Unknown,No,fraud
1581.41,17,2069,2,1,25.4,Merchant,Fuel,Android,No,suspicious
785.91,12,2315,2,0,6.15,P2P,Electronics,Android,Yes,suspicious
850.58,14,4491,2,0,2.66,BillPay,Groceries,Android,No,safe
2621.21,7,1430,4,0,9.08,Merchant,Travel,Android,Yes,suspicious
3299.05,6,2932,4,1,2.83,BillPay,Fuel,iOS,No,fraud
883.53,6,4772,1,0,9.09,Merchant,Groceries,Android,No,safe
4317.74,4,404,3,1,1.29,P2P,Jewelry,iOS,Yes,fraud
2313.47,1,2135,2,1,0.62,Merchant,Groceries,Unknown,No,fraud
236.17,9,3163,2,0,12.66,BillPay,Groceries,Android,No,safe
5463.36,23,4175,3,2,0.31,Merchant,Travel,Android,No,fraud
2907.95,17,4037,9,0,3.59,P2P,Travel,Android,Yes,fraud
12756.79,10,1219,1,1,14.28,P2P,Electronics,Android,No,fraud
2993.23,3,4663,2,1,3.01,Merchant,Travel,iOS,No,fraud
1931.13,5,2334,4,2,4.06,P2P,Electronics,Android,No,fraud
2162.02,3,2741,6,0,1.64,P2P,Groceries,iOS,No,suspicious
933.78,17,2360,1,0,0.27,Merchant,Groceries,Android,No,safe
717.22,20,4516,4,0,0.78,P2P,Jewelry,Android,No,suspicious
5021.58,20,4803,10,0,16.33,P2P,Travel,iOS,No,fraud
1915.55,20,1864,3,0,5.91,P2P,Electronics,Android,No,suspicious
4722.74,18,1411,4,0,5.37,P2P,Groceries,Android,Yes,suspicious
746.83,2,3832,4,1,1.79,P2P,Electronics,Android,No,fraud
1409.56,15,3239,4,1,2.62,P2P,Fuel,iOS,No,fraud
8546.78,2,176,2,1,0.75,Merchant,Groceries,Android,No,fraud
7543.7,5,1947,1,0,8.92,BillPay,Fuel,Android,Yes,suspicious
8975.15,6,3950,3,0,0.81,Merchant,Fuel,Android,No,suspicious
3565.06,23,383,2,0,11.02,P2P,Groceries,Android,No,suspicious
768.55,12,1952,2,0,0.04,P2P,Fuel,Android,No,safe
3058.35,22,2603,5,0,4.37,Merchant,Travel,Android,No,suspicious
1669.24,17,2686,2,0,0.78,BillPay,Jewelry,Android,No,suspicious
2282.97,22,1723,5,0,7.88,BillPay,Fuel,Android,No,suspicious
14232.09,3,269,5,1,0.36,Merchant,Electronics,Android,Yes,fraud
2723.07,16,2219,2,0,11.25,BillPay,Travel,Android,Yes,suspicious
4321.74,11,3421,4,0,0.53,Merchant,Fuel,Android,No,suspicious
7113.75,9,2944,2,0,1.45,P2P,Fuel,Android,Yes,suspicious
969.15,13,1263,3,0,1.32,Merchant,Electronics,Android,No,suspicious
738.86,10,3250,1,0,0.88,Merchant,Travel,Android,Yes,suspicious
272.01,18,4524,4,1,1.95,Merchant,Groceries,Android,No,suspicious
1316.64,19,2151,2,0,12.43,P2P,Groceries,iOS,No,suspicious
488.02,6,4756,4,0,8.92,P2P,Jewelry,Android,No,suspicious
1190.69,12,2605,3,0,1.03,Merchant,Fuel,Android,No,suspicious
607.23,6,1473,1,0,9.23,P2P,Fuel,Android,No,safe
1364.44,9,1940,2,2,2.63,P2P,Groceries,iOS,No,fraud
1047.58,23,1338,6,0,10.34,P2P,Jewelry,Android,Yes,fraud
508.84,11,2972,2,2,17.91,P2P,Fuel,Android,No,fraud
2235.15,5,1110,2,0,0.98,P2P,Travel,Android,Yes,suspicious
1621.03,7,3843,4,0,5.02,Merchant,Jewelry,iOS,No,suspicious
1223.81,9,1043,3,2,9.12,P2P,Travel,Unknown,No,fraud
686.57,17,4968,3,0,7.46,Merchant,Groceries,Android,No,suspicious
5381.09,21,1832,2,1,4.97,BillPay,Jewelry,Android,Yes,fraud
3088.16,19,3892,6,1,1.13,Merchant,Groceries,Android,No,fraud
5745.64,6,1946,1,0,5.49,P2P,Groceries,Android,No,suspicious
1882.51,14,764,4,1,5.19,P2P,Fuel,Android,No,fraud
8433.48,0,772,1,2,1.97,BillPay,Travel,iOS,Yes,fraud
1710.19,12,3966,0,0,0.07,Merchant,Travel,Android,No,safe
966.27,19,1361,2,0,19.07,P2P,Fuel,Android,No,safe
1578.7,14,1934,3,1,12.27,P2P,Electronics,Android,Yes,fraud
6432.35,4,4444,6,1,3.81,P2P,Groceries,iOS,No,fraud
1163.39,16,1019,3,1,6.15,P2P,Fuel,iOS,No,suspicious
2110.61,19,1872,2,1,9.92,P2P,Travel,Android,Yes,fraud
603.69,16,1453,1,0,3.07,P2P,Groceries,Android,No,safe
696.11,11,4512,2,0,0.7,P2P,Travel,Android,No,safe
212.36,15,3285,4,0,3.11,P2P,Fuel,Android,Yes,suspicious
3495.23,13,1601,1,0,0.93,P2P,Travel,iOS,No,suspicious
15044.69,13,4034,5,1,15.68,BillPay,Jewelry,Android,Yes,fraud
6441.63,9,4458,5,0,4.86,BillPay,Electronics,Android,Yes,fraud
228.98,2,3084,2,0,1.87,P2P,Groceries,Android,No,suspicious
1779.64,2,738,2,0,16.17,Merchant,Travel,Android,No,suspicious
2039.85,7,3916,5,0,7.28,P2P,Fuel,iOS,No,suspicious
882.91,9,2616,5,0,1.01,P2P,Groceries,Android,No,suspicious
471.04,22,3150,3,1,2.11,P2P,Travel,Android,No,suspicious
1269.08,19,2172,6,0,1.13,P2P,Travel,iOS,Yes,suspicious
1138.15,15,1701,1,0,7.66,P2P,Groceries,Android,No,safe
861.37,14,725,1,0,0.29,P2P,Jewelry,Android,No,suspicious
2348.43,22,3953,7,0,7.35,Merchant,Electronics,Android,Yes,fraud
7775.94,7,1061,7,0,4.4,P2P,Groceries,iOS,No,suspicious
346.7,23,4005,2,0,0.75,Merchant,Jewelry,Android,No,suspicious
4943.85,9,1129,5,0,2.94,BillPay,Groceries,iOS,No,suspicious
1391.37,19,4336,6,0,15.29,Merchant,Jewelry,Android,No,suspicious
7601.2,13,4293,5,0,1.89,Merchant,Travel,Android,Yes,fraud
1481.94,5,2790,6,0,5.34,P2P,Fuel,iOS,No,suspicious
1213.17,11,4229,0,0,5.28,BillPay,Travel,Android,Yes,suspicious
982.39,3,3959,3,0,1.34,P2P,Travel,Unknown,No,fraud
2646.27,12,436,5,0,4.19,Merchant,Groceries,Android,No,suspicious
931.49,18,12,3,0,8.64,P2P,Electronics,iOS,No,fraud
921.05,8,3168,5,1,1.25,BillPay,Electronics,iOS,Yes,fraud
1363.54,10,678,3,0,0.39,BillPay,Travel,Android,No,suspicious
2119.15,12,2045,6,1,1.27,Merchant,Groceries,Android,No,fraud
259.75,1,560,2,0,10.09,P2P,Fuel,Android,Yes,suspicious
1962.53,22,3307,1,0,1.13,P2P,Jewelry,Android,Yes,suspicious
669.96,12,2887,4,0,11.0,P2P,Fuel,iOS,Yes,suspicious
495.62,20,715,2,0,25.07,P2P,Electronics,Unknown,Yes,fraud
3806.46,13,1269,5,0,1.35,Merchant,Groceries,Android,No,suspicious
1092.58,6,2933,2,0,1.17,Merchant,Fuel,Android,No,safe
9310.51,19,4289,1,0,1.81,BillPay,Travel,Android,No,suspicious
10382.4,1,1349,3,0,1.77,P2P,Electronics,iOS,No,fraud
3270.73,7,3802,6,0,7.41,P2P,Fuel,Android,No,suspicious
1704.94,2,3214,5,2,8.93,P2P,Groceries,iOS,No,fraud
2792.85,12,3162,1,0,2.64,P2P,Fuel,Android,Yes,suspicious
1692.61,2,1256,5,0,7.35,P2P,Fuel,Android,No,suspicious
1159.68,1,2023,2,0,2.74,Merchant,Fuel,Android,Yes,suspicious
327.78,10,405,4,0,4.08,Merchant,Travel,Android,No,suspicious
1388.32,8,231,0,0,2.04,BillPay,Jewelry,iOS,No,suspicious
4846.35,8,4055,3,0,2.64,P2P,Groceries,Android,Yes,suspicious
3985.36,22,930,2,0,2.6,P2P,Electronics,Android,No,suspicious
1829.5,15,4528,8,0,2.13,P2P,Electronics,Unknown,No,fraud
247.24,17,3737,6,1,10.94,Merchant,Travel,iOS,No,suspicious
2654.14,5,3753,5,0,3.47,P2P,Groceries,Android,Yes,suspicious
474.65,3,976,4,1,0.86,P2P,Travel,iOS,No,fraud
6113.15,5,3209,1,0,0.19,Merchant,Electronics,Unknown,Yes,fraud
5563.24,9,3500,2,2,8.12,Merchant,Fuel,Android,No,fraud
4235.71,13,4823,2,0,2.43,Merchant,Groceries,Android,Yes,suspicious
9230.99,15,3568,3,0,3.83,P2P,Fuel,Android,Yes,suspicious
2194.12,15,701,5,0,2.34,Merchant,Travel,Android,Yes,suspicious
2137.5,12,1389,3,0,15.1,P2P,Electronics,Android,Yes,fraud
1131.23,15,2791,5,0,3.66,P2P,Electronics,Android,No,suspicious
4515.27,20,2613,3,1,3.58,P2P,Electronics,iOS,No,fraud
632.66,21,1234,2,0,4.17,Merchant,Fuel,iOS,No,safe
1575.15,3,3701,2,0,15.05,BillPay,Jewelry,Android,Yes,fraud
1127.01,7,2187,3,0,5.02,Merchant,Fuel,iOS,Yes,suspicious
6765.58,5,1383,3,1,12.7,P2P,Jewelry,Android,Yes,fraud
895.49,21,943,6,0,0.58,P2P,Groceries,Unknown,No,fraud
871.27,1,2212,1,0,5.11,P2P,Travel,iOS,No,suspicious
1880.55,18,784,4,0,2.23,P2P,Groceries,Android,Yes,suspicious
517.14,7,2547,5,0,0.92,P2P,Travel,iOS,Yes,suspicious
714.44,13,4621,1,0,1.46,BillPay,Fuel,Unknown,No,suspicious
19899.11,1,1150,0,0,6.26,P2P,Electronics,Android,No,fraud
4312.92,17,1726,5,0,1.61,P2P,Groceries,Android,Yes,suspicious
531.03,5,4463,2,0,0.58,P2P,Fuel,Android,Yes,suspicious
226.79,21,4496,6,0,2.99,P2P,Jewelry,Android,No,suspicious
3150.24,21,186,5,0,0.69,Merchant,Fuel,iOS,No,suspicious
1487.5,8,642,4,0,0.88,BillPay,Travel,Android,Yes,suspicious
2017.34,7,4369,3,0,5.58,P2P,Electronics,Android,No,suspicious
1321.35,1,2205,3,0,9.32,P2P,Jewelry,Android,No,suspicious
5669.54,4,1394,2,0,9.61,P2P,Fuel,Android,No,suspicious
2528.92,18,2234,5,1,3.84,Merchant,Travel,Android,No,fraud
5204.32,7,2572,0,1,0.93,Merchant,Fuel,iOS,No,suspicious
2296.12,4,3380,3,0,10.38,Merchant,Fuel,Android,Yes,fraud
765.25,13,644,4,0,3.01,P2P,Jewelry,Android,No,suspicious
1008.26,4,3572,1,0,2.22,P2P,Groceries,Android,Yes,suspicious
2791.98,3,3831,5,3,6.37,P2P,Jewelry,Android,No,fraud
5741.09,5,2322,0,0,1.67,P2P,Fuel,Android,No,suspicious
4436.55,11,1353,4,0,7.46,Merchant,Electronics,iOS,No,suspicious
659.83,2,2416,2,0,6.65,Merchant,Travel,Android,No,suspicious
14327.51,10,4627,2,1,2.01,P2P,Groceries,Android,No,fraud
3547.59,7,2362,2,0,10.86,Merchant,Fuel,Android,Yes,suspicious
468.0,22,4246,4,0,3.21,Merchant,Groceries,Android,Yes,suspicious
403.4,0,2804,4,0,12.48,Merchant,Groceries,iOS,No,suspicious
2143.2,18,3735,3,1,10.79,Merchant,Travel,Android,No,suspicious
4776.75,0,3728,1,1,2.8,P2P,Jewelry,Android,Yes,fraud
1888.29,22,4844,2,0,7.46,P2P,Fuel,Android,No,suspicious
1235.62,17,4561,5,0,1.3,P2P,Groceries,iOS,No,suspicious
11760.98,10,447,5,2,2.53,P2P,Fuel,iOS,No,fraud
1489.35,16,1194,3,0,1.61,P2P,Jewelry,Android,No,suspicious
2099.35,2,3639,4,0,0.11,P2P,Travel,iOS,No,suspicious
293.63,18,3643,2,0,3.22,P2P,Groceries,Android,No,safe
1508.63,12,1128,3,0,2.78,P2P,Electronics,Android,No,suspicious
1258.08,10,3700,3,0,3.63,Merchant,Groceries,Unknown,No,suspicious
479.23,13,27,2,0,1.55,P2P,Electronics,Android,No,suspicious
802.74,14,347,8,0,5.07,P2P,Fuel,Android,Yes,fraud
1067.55,13,3266,2,0,0.33,Merchant,Fuel,Android,Yes,suspicious
5101.97,16,1077,5,2,2.66,Merchant,Groceries,Android,No,fraud
2574.82,0,1479,1,1,2.83,P2P,Travel,Unknown,Yes,fraud
1005.03,15,2715,4,0,0.09,Merchant,Jewelry,Android,Yes,fraud
2285.72,16,449,6,1,12.43,P2P,Fuel,Android,No,fraud
1542.51,0,3425,2,0,0.59,P2P,Travel,Android,Yes,suspicious
1975.3,11,3663,6,1,2.41,Merchant,Groceries,Android,Yes,fraud
207.8,7,2765,2,2,4.19,Merchant,Fuel,Android,No,fraud
993.02,23,3905,2,0,0.64,Merchant,Electronics,Unknown,No,fraud
982.24,4,4719,2,0,7.65,P2P,Jewelry,Android,No,suspicious
6368.95,4,1769,5,0,0.01,P2P,Electronics,Android,Yes,fraud
676.06,3,3807,4,0,1.94,P2P,Electronics,iOS,No,suspicious
286.51,15,3007,1,0,0.9,BillPay,Travel,iOS,Yes,suspicious
1626.91,23,2447,4,0,3.8,Merchant,Travel,Android,Yes,suspicious
6764.58,13,4406,4,1,14.79,Merchant,Jewelry,iOS,No,fraud
450.36,23,3223,5,0,8.1,Merchant,Electronics,Android,No,suspicious
5383.93,23,3372,6,0,5.14,BillPay,Groceries,Android,No,suspicious
1543.94,9,4288,1,0,0.15,Merchant,Travel,Android,No,safe
1295.68,1,557,5,1,6.66,Merchant,Electronics,Android,No,fraud
1408.03,20,2619,3,0,5.19,P2P,Electronics,Android,No,suspicious
356.97,11,4264,3,0,3.1,Merchant,Electronics,Android,Yes,suspicious
346.71,1,2206,0,0,5.66,Merchant,Fuel,iOS,No,safe
684.9,18,7,3,0,3.73,P2P,Jewelry,Android,No,suspicious
1642.92,7,1758,2,1,0.26,P2P,Electronics,Android,No,fraud
366.67,6,4331,6,1,9.21,Merchant,Electronics,Android,No,fraud
886.75,5,4169,3,1,3.47,P2P,Electronics,Android,No,fraud
615.07,20,541,5,0,8.04,BillPay,Travel,iOS,No,suspicious
2438.27,13,3634,2,3,4.57,P2P,Fuel,Android,No,fraud
5022.53,22,2578,4,0,9.67,P2P,Electronics,Android,Yes,fraud
988.83,3,4894,0,1,4.69,P2P,Fuel,iOS,No,suspicious
401.19,1,3783,3,0,11.77,P2P,Jewelry,Android,Yes,fraud
8757.81,18,3539,4,1,5.47,P2P,Travel,Android,No,fraud
11532.42,1,4301,4,0,2.76,P2P,Travel,Android,No,fraud
1718.67,21,958,2,0,4.37,P2P,Fuel,Android,No,suspicious
510.79,7,415,0,2,2.78,Merchant,Groceries,Android,No,fraud
269.38,15,1206,2,0,9.85,P2P,Electronics,Android,Yes,suspicious
552.35,22,2847,1,0,10.31,P2P,Travel,iOS,No,safe
1184.32,20,2574,2,1,1.76,BillPay,Electronics,Android,No,fraud
647.82,19,2688,1,0,1.66,Merchant,Travel,Android,No,safe
2797.58,18,2798,0,2,0.73,P2P,Groceries,Android,No,fraud
1200.97,5,756,3,2,5.99,Merchant,Travel,Android,No,fraud
421.33,7,1544,2,0,8.37,Merchant,Fuel,iOS,No,safe
1475.0,23,3689,3,0,5.07,P2P,Travel,Android,Yes,suspicious
324.96,1,4853,4,0,2.44,Merchant,Travel,Android,No,suspicious
614.78,13,3323,0,1,12.2,Merchant,Travel,Android,No,suspicious
1218.1,17,1400,2,0,3.89,P2P,Electronics,iOS,Yes,suspicious
348.96,10,4303,4,0,5.1,P2P,Electronics,Android,No,suspicious
5324.04,6,4492,6,0,0.78,P2P,Travel,Android,Yes,fraud
2584.31,9,4668,0,0,2.84,Merchant,Electronics,Android,No,suspicious
705.92,5,4222,1,0,11.71,P2P,Travel,iOS,No,safe
2244.77,9,2665,2,0,2.31,Merchant,Jewelry,Android,Yes,suspicious
1259.21,12,2531,1,0,0.76,Merchant,Electronics,Android,No,suspicious
2746.55,3,959,0,1,1.46,P2P,Travel,iOS,No,fraud
7090.71,12,933,2,1,7.75,Merchant,Travel,Android,No,fraud
510.2,17,2714,3,0,3.68,Merchant,Travel,Android,No,safe
828.9,6,4947,4,0,6.06,Merchant,Jewelry,Android,Yes,fraud
1855.46,7,4857,2,0,3.5,P2P,Electronics,Android,Yes,suspicious
4831.92,21,414,6,0,0.26,BillPay,Groceries,iOS,Yes,fraud
2087.43,22,4427,5,1,5.54,P2P,Travel,Android,Yes,fraud
861.64,20,460,7,1,0.21,Merchant,Jewelry,Android,No,fraud
1819.26,14,1725,4,0,4.49,BillPay,Travel,Android,Yes,suspicious
1180.59,16,1020,4,0,0.21,P2P,Jewelry,Android,No,suspicious
1681.28,8,1202,5,0,3.04,P2P,Fuel,Android,No,suspicious
1493.57,19,4674,2,1,6.4,BillPay,Groceries,Android,Yes,fraud
2116.99,1,4525,0,1,9.48,Merchant,Jewelry,Android,No,fraud
1400.72,21,4761,4,0,0.3,P2P,Jewelry,iOS,No,suspicious
1193.83,15,2692,6,2,0.43,Merchant,Fuel,Android,No,fraud
798.7,23,3503,0,0,10.16,BillPay,Fuel,iOS,Yes,suspicious
1103.85,14,4967,3,0,4.49,P2P,Electronics,Android,No,suspicious
341.4,7,2250,3,1,2.37,BillPay,Electronics,Unknown,No,fraud
3203.32,15,384,3,1,1.2,P2P,Electronics,iOS,No,fraud
593.19,13,4204,2,0,9.14,P2P,Groceries,iOS,No,safe
8342.9,23,1922,5,0,6.5,BillPay,Jewelry,Android,No,fraud
3364.37,14,93,4,1,1.49,P2P,Groceries,Android,No,fraud
2021.1,6,2369,2,0,5.68,P2P,Fuel,Android,No,suspicious
63.97,16,2980,1,1,0.12,P2P,Travel,Android,No,suspicious
4659.73,19,4801,1,0,7.66,P2P,Travel,Android,No,suspicious
1601.4,16,4096,3,0,0.1,Merchant,Electronics,Android,Yes,fraud
4101.37,15,108,6,1,7.68,P2P,Jewelry,Android,No,fraud
1446.14,3,2211,4,0,8.1,P2P,Travel,iOS,No,suspicious
1192.24,13,1310,0,0,1.6,Merchant,Fuel,Android,No,safe
2651.26,2,3804,5,0,4.71,P2P,Groceries,iOS,Yes,fraud
1379.87,11,1275,0,0,0.49,P2P,Groceries,Android,No,safe
4594.18,7,4529,0,0,1.57,Merchant,Groceries,Android,No,safe
1577.22,17,664,2,1,1.6,P2P,Electronics,Android,No,fraud
4065.19,17,4438,1,0,4.77,P2P,Travel,Android,Yes,suspicious
639.34,3,4301,3,2,3.65,Merchant,Travel,Android,No,fraud
3227.21,11,4881,1,0,5.13,Merchant,Travel,Android,No,suspicious
10625.0,15,4447,4,1,7.89,Merchant,Fuel,iOS,No,fraud
1189.09,0,2244,4,1,0.21,P2P,Electronics,Android,No,fraud
644.84,17,2733,3,0,6.48,P2P,Travel,Android,Yes,suspicious
8427.51,4,4898,4,0,0.35,P2P,Groceries,Android,No,suspicious
5156.9,22,122,4,0,8.61,Merchant,Electronics,Android,Yes,fraud
418.02,14,1739,2,0,1.5,P2P,Fuel,Android,No,safe
7540.41,22,2926,7,0,0.64,Merchant,Jewelry,Android,No,fraud
1100.78,3,3814,3,0,3.33,P2P,Travel,Android,No,suspicious
6278.3,0,2513,2,0,4.1,Merchant,Groceries,Android,No,suspicious
1345.56,5,4901,8,0,7.37,P2P,Fuel,Android,No,suspicious
1298.82,19,3160,0,0,1.3,Merchant,Electronics,Android,No,suspicious
668.19,10,1143,5,0,0.97,P2P,Fuel,Android,Yes,suspicious
1914.04,18,2561,1,0,0.21,P2P,Jewelry,iOS,Yes,suspicious
3545.94,11,3143,3,0,10.12,Merchant,Electronics,iOS,No,suspicious
2463.75,16,2932,3,0,3.12,P2P,Fuel,Android,No,suspicious
1130.02,17,2808,3,0,4.74,P2P,Electronics,iOS,Yes,suspicious
468.8,10,1407,3,0,2.73,Merchant,Jewelry,Android,No,suspicious
1983.98,19,4795,5,0,1.02,Merchant,Fuel,iOS,No,suspicious
5392.34,20,4933,0,0,0.31,Merchant,Fuel,Unknown,No,suspicious
1027.86,16,4304,5,0,1.79,P2P,Travel,Android,No,suspicious
5116.11,9,2822,7,0,1.1,Merchant,Electronics,iOS,No,fraud
5558.5,7,1983,5,0,2.92,P2P,Jewelry,Android,Yes,fraud
6704.0,11,4585,1,0,1.93,Merchant,Groceries,Android,No,suspicious
297.71,10,4903,5,1,9.16,BillPay,Groceries,iOS,No,suspicious
661.86,8,3687,5,0,6.48,Merchant,Fuel,Android,No,suspicious
20931.48,0,566,1,1,3.1,Merchant,Electronics,Android,Yes,fraud
292.63,6,1299,4,2,11.42,Merchant,Fuel,iOS,No,fraud
593.03,11,177,3,1,12.43,P2P,Fuel,Android,Yes,fraud
4126.9,3,671,4,1,0.64,P2P,Groceries,Android,No,fraud
2240.48,5,3139,1,0,2.71,Merchant,Jewelry,Android,No,suspicious
1066.23,22,4594,1,1,7.43,P2P,Jewelry,Android,No,fraud
686.82,2,1726,2,0,2.41,Merchant,Electronics,Android,Yes,fraud
664.53,13,1200,5,0,3.29,Merchant,Fuel,Android,No,suspicious
1769.72,18,1500,3,0,6.26,Merchant,Fuel,Android,Yes,suspicious
662.28,6,3440,0,0,3.72,P2P,Fuel,Android,No,safe
405.27,15,3665,5,1,1.45,P2P,Travel,Android,Yes,fraud
21447.42,16,3266,0,0,12.09,P2P,Electronics,Android,Yes,fraud
1457.99,17,2726,1,1,16.64,P2P,Jewelry,iOS,No,fraud
633.49,4,4802,1,1,7.45,P2P,Travel,iOS,Yes,fraud
3061.36,13,1840,5,1,1.8,P2P,Travel,Android,No,fraud
12868.33,1,3845,4,1,4.9,P2P,Electronics,Android,Yes,fraud
590.04,5,1910,3,0,1.85,P2P,Jewelry,Android,No,suspicious
914.35,6,4390,4,0,5.24,P2P,Travel,Android,No,suspicious
