age,monthly_salary,profession,education_level,location,home_status,family_wealth,marital_status,marriage_type,government_job,dowry_amount_lakhs
23,164382,Business Owner,Diploma,Tier-1,Own,Middle,Single,Arranged,0,27.0
24,199919,Government Officer,PhD,Tier-2,Rented,Upper-Middle,Single,Love,1,32.5
34,155285,Private Job,Bachelors,Rural,Rented,Middle,Married,Arranged,0,10.5
40,175805,Software Engineer,PhD,Tier-2,Own,Upper,Divorced,Love,0,23.5
31,42576,Software Engineer,Masters,Tier-1,Own,Upper,Married,Love,0,12.0
35,197484,Freelancer,Bachelors,Tier-1,Rented,Upper-Middle,Married,Love,0,12.5
22,144979,CA,Diploma,Tier-3,Own,Lower,Divorced,Arranged,0,20.0
37,51950,CA,Diploma,Tier-2,Own,Upper,Single,Arranged,0,21.5
29,29848,Government Officer,PhD,Tier-3,Rented,Upper,Married,Arranged,1,15.0
35,61887,Business Owner,Bachelors,Tier-3,Own,Lower,Married,Arranged,0,11.0
24,138518,CA,PhD,Tier-3,Rented,Upper-Middle,Divorced,Love,0,17.5
35,124223,CA,Bachelors,Rural,Rented,Upper,Divorced,Love,0,14.0
25,167937,Freelancer,Masters,Tier-2,Rented,Middle,Divorced,Arranged,0,18.0
23,137650,CA,Bachelors,Tier-3,Own,Lower,Single,Arranged,0,25.5
28,184062,Private Job,Bachelors,Tier-2,Rented,Middle,Single,Love,0,22.0
28,113595,Private Job,Bachelors,Rural,Rented,Lower,Divorced,Arranged,0,13.5
25,104589,Doctor,Diploma,Tier-3,Rented,Middle,Divorced,Love,0,13.5
31,91402,Software Engineer,Masters,Tier-3,Rented,Upper-Middle,Single,Love,0,19.5
32,111223,CA,PhD,Rural,Own,Upper-Middle,Single,Love,0,23.5
31,26815,Government Officer,PhD,Rural,Own,Upper,Married,Love,1,15.0
31,144195,CA,Masters,Tier-2,Rented,Upper,Married,Love,0,13.0
25,101246,Private Job,Bachelors,Tier-1,Own,Upper,Married,Arranged,0,14.0
36,63692,Software Engineer,Masters,Rural,Own,Upper,Divorced,Arranged,0,17.0
40,104754,Freelancer,Diploma,Tier-3,Own,Upper,Single,Love,0,18.0
25,136879,Freelancer,Masters,Tier-2,Own,Lower,Divorced,Love,0,17.5
26,151181,Private Job,Masters,Tier-3,Own,Upper-Middle,Married,Arranged,0,15.5
29,153651,Business Owner,PhD,Rural,Rented,Upper,Divorced,Love,0,16.5
29,80106,Business Owner,Diploma,Tier-3,Own,Upper,Married,Love,0,9.0
22,158401,Software Engineer,Diploma,Tier-2,Rented,Upper,Single,Love,0,21.5
24,182694,Freelancer,Masters,Tier-1,Rented,Lower,Single,Arranged,0,25.0
36,75172,CA,PhD,Tier-3,Own,Upper,Divorced,Arranged,0,19.5
34,176282,Freelancer,Diploma,Tier-3,Rented,Upper,Single,Arranged,0,20.5
35,199630,Doctor,Diploma,Rural,Rented,Upper-Middle,Married,Love,0,12.0
34,78054,Private Job,PhD,Tier-3,Own,Upper-Middle,Married,Love,0,10.5
31,21791,Doctor,PhD,Rural,Own,Lower,Married,Love,0,9.5
22,168299,Private Job,Diploma,Tier-2,Rented,Lower,Single,Arranged,0,22.0
33,167370,Business Owner,Diploma,Tier-1,Rented,Upper-Middle,Divorced,Arranged,0,19.0
32,180885,Doctor,Bachelors,Rural,Rented,Lower,Married,Love,0,12.5
22,87094,Private Job,PhD,Rural,Own,Middle,Married,Arranged,0,12.0
32,158278,Government Officer,PhD,Tier-3,Rented,Lower,Divorced,Arranged,1,26.5
30,172057,Software Engineer,Masters,Tier-1,Own,Upper,Married,Arranged,0,20.5
37,32166,Business Owner,PhD,Rural,Rented,Upper-Middle,Single,Arranged,0,17.5
39,66345,Doctor,Diploma,Tier-3,Own,Middle,Divorced,Love,0,14.5
30,126438,Private Job,Masters,Tier-2,Rented,Lower,Married,Love,0,10.0
32,192871,Business Owner,PhD,Rural,Own,Upper-Middle,Single,Arranged,0,28.5
25,23906,Government Officer,Diploma,Tier-3,Rented,Lower,Married,Love,1,10.0
35,121315,Freelancer,Bachelors,Tier-1,Own,Upper-Middle,Single,Arranged,0,24.0
38,67246,Freelancer,PhD,Rural,Own,Upper-Middle,Divorced,Arranged,0,15.0
30,116225,Doctor,Masters,Tier-3,Own,Upper,Divorced,Love,0,19.0
40,131274,Private Job,Masters,Tier-3,Rented,Upper-Middle,Divorced,Love,0,14.5
37,39029,CA,PhD,Tier-3,Rented,Middle,Married,Love,0,7.5
34,118572,Government Officer,PhD,Tier-1,Own,Upper-Middle,Married,Love,1,22.5
25,48974,Freelancer,Bachelors,Tier-2,Own,Upper-Middle,Married,Love,0,7.0
40,148352,Business Owner,PhD,Tier-3,Own,Upper-Middle,Married,Arranged,0,17.0
24,182529,Doctor,Masters,Tier-2,Own,Middle,Single,Love,0,28.5
38,41607,Government Officer,Bachelors,Tier-3,Own,Upper-Middle,Divorced,Love,1,20.0
25,30498,Business Owner,PhD,Tier-2,Rented,Upper-Middle,Married,Love,0,7.5
36,104165,Freelancer,PhD,Rural,Rented,Lower,Married,Love,0,7.0
26,20946,CA,Masters,Tier-2,Rented,Upper-Middle,Divorced,Love,0,12.0
33,155329,Private Job,PhD,Tier-1,Rented,Middle,Divorced,Arranged,0,20.5
25,64887,Doctor,PhD,Tier-2,Own,Upper-Middle,Divorced,Arranged,0,20.5
33,26198,Business Owner,PhD,Rural,Own,Lower,Divorced,Love,0,13.0
40,44083,Freelancer,PhD,Tier-3,Own,Middle,Married,Love,0,8.0
35,61465,Private Job,PhD,Tier-3,Own,Upper,Divorced,Love,0,15.0
25,33116,Business Owner,PhD,Tier-3,Rented,Middle,Married,Love,0,6.5
26,92883,Private Job,Bachelors,Tier-3,Rented,Lower,Divorced,Arranged,0,13.5
40,125894,Doctor,Bachelors,Tier-3,Rented,Lower,Married,Love,0,10.5
31,53496,Doctor,Masters,Rural,Own,Upper-Middle,Single,Love,0,20.0
30,198388,Government Officer,Diploma,Tier-2,Own,Lower,Married,Love,1,22.5
27,66664,Freelancer,Masters,Tier-3,Rented,Upper,Single,Arranged,0,17.0
25,117471,CA,Masters,Tier-3,Rented,Upper,Married,Arranged,0,12.5
26,113152,Software Engineer,Masters,Tier-1,Own,Middle,Divorced,Arranged,0,22.5
33,107358,CA,Masters,Rural,Rented,Lower,Divorced,Love,0,14.0
22,123754,CA,Masters,Rural,Rented,Upper,Divorced,Arranged,0,17.0
32,131521,Government Officer,Diploma,Rural,Rented,Upper-Middle,Divorced,Love,1,19.5
33,98412,Private Job,Masters,Rural,Rented,Middle,Married,Arranged,0,8.5
27,55090,Doctor,Masters,Rural,Own,Upper,Married,Love,0,10.0
40,126772,Private Job,Bachelors,Tier-1,Rented,Lower,Married,Love,0,10.0
27,109219,Private Job,PhD,Rural,Own,Middle,Married,Love,0,11.0
38,150060,Software Engineer,Masters,Rural,Own,Upper,Divorced,Love,0,19.5
33,30448,Doctor,PhD,Tier-2,Own,Lower,Single,Love,0,22.0
32,38996,Business Owner,Masters,Tier-2,Rented,Middle,Divorced,Love,0,11.5
37,108062,Private Job,Masters,Tier-3,Own,Lower,Married,Arranged,0,13.0
27,187904,Software Engineer,Diploma,Rural,Own,Upper-Middle,Married,Arranged,0,16.0
36,177469,Government Officer,Bachelors,Rural,Own,Middle,Divorced,Arranged,1,27.5
40,195048,Government Officer,Masters,Tier-3,Rented,Lower,Married,Arranged,1,22.5
30,168022,Software Engineer,Bachelors,Rural,Own,Lower,Divorced,Love,0,19.0
36,48384,Private Job,Masters,Rural,Own,Middle,Married,Love,0,7.0
36,58286,Doctor,PhD,Tier-2,Own,Upper,Divorced,Love,0,18.0
24,157176,Private Job,Diploma,Tier-1,Rented,Middle,Married,Love,0,10.5
25,108604,CA,PhD,Tier-3,Rented,Lower,Divorced,Love,0,16.0
33,44889,CA,Masters,Tier-1,Own,Upper-Middle,Divorced,Arranged,0,19.0
36,92208,Freelancer,Diploma,Tier-2,Own,Upper,Divorced,Love,0,13.5
24,121023,Business Owner,Masters,Tier-3,Rented,Middle,Married,Love,0,10.0
30,69026,Government Officer,PhD,Rural,Rented,Middle,Divorced,Love,1,19.0
27,156710,CA,Bachelors,Tier-1,Rented,Upper,Single,Love,0,23.5
26,65816,Private Job,PhD,Rural,Rented,Upper-Middle,Divorced,Love,0,11.0
34,104863,Business Owner,Diploma,Tier-1,Rented,Middle,Single,Arranged,0,21.0
26,54319,Government Officer,Masters,Tier-2,Rented,Lower,Divorced,Arranged,1,21.5
32,181693,Business Owner,PhD,Tier-1,Own,Middle,Married,Love,0,19.0
36,180201,Private Job,Bachelors,Tier-1,Rented,Lower,Married,Arranged,0,15.0
25,186205,Freelancer,Bachelors,Rural,Rented,Upper,Married,Arranged,0,11.0
26,87026,Business Owner,Bachelors,Tier-3,Rented,Middle,Married,Arranged,0,9.0
24,163871,Government Officer,Masters,Tier-3,Own,Lower,Single,Love,1,32.0
30,187399,Business Owner,PhD,Rural,Rented,Upper-Middle,Divorced,Love,0,18.0
30,78523,Government Officer,PhD,Tier-3,Own,Upper-Middle,Single,Arranged,1,30.5
33,148491,Doctor,Masters,Rural,Rented,Middle,Divorced,Arranged,0,18.5
24,159667,Freelancer,PhD,Tier-1,Rented,Middle,Single,Love,0,22.5
35,130833,Business Owner,Diploma,Tier-1,Rented,Lower,Married,Arranged,0,12.5
22,187389,Software Engineer,Diploma,Rural,Rented,Lower,Married,Arranged,0,13.0
40,39657,Freelancer,Bachelors,Tier-1,Rented,Upper-Middle,Single,Love,0,14.5
24,160705,Business Owner,Diploma,Tier-1,Own,Upper-Middle,Divorced,Arranged,0,22.0
26,115729,Doctor,PhD,Rural,Rented,Middle,Single,Arranged,0,23.0
36,73530,Private Job,Diploma,Tier-2,Rented,Upper,Divorced,Arranged,0,12.5
22,69650,Private Job,Diploma,Tier-1,Rented,Upper-Middle,Divorced,Arranged,0,13.0
31,163201,Business Owner,Bachelors,Rural,Own,Middle,Married,Arranged,0,15.0
39,62635,Government Officer,Masters,Tier-2,Own,Upper-Middle,Divorced,Arranged,1,25.0
35,55388,Business Owner,PhD,Tier-3,Rented,Lower,Single,Love,0,17.5
34,142918,Software Engineer,Bachelors,Rural,Own,Upper-Middle,Divorced,Arranged,0,20.0
35,28889,Doctor,Bachelors,Tier-3,Rented,Upper-Middle,Married,Love,0,5.5
23,143838,Software Engineer,Bachelors,Tier-3,Own,Upper,Married,Love,0,14.0
26,53725,Private Job,Bachelors,Tier-1,Rented,Middle,Single,Arranged,0,18.5
34,109020,Private Job,Diploma,Rural,Own,Upper,Married,Love,0,8.0
35,146344,Software Engineer,Diploma,Tier-1,Own,Middle,Divorced,Arranged,0,22.0
38,151520,Freelancer,Masters,Rural,Own,Upper-Middle,Divorced,Arranged,0,18.5
25,79288,Freelancer,Bachelors,Rural,Own,Upper-Middle,Single,Arranged,0,18.5
32,195826,Government Officer,PhD,Rural,Rented,Lower,Divorced,Arranged,1,27.5
35,102537,CA,Diploma,Tier-3,Own,Upper,Single,Love,0,21.0
38,132137,Software Engineer,Bachelors,Tier-1,Own,Upper,Single,Love,0,25.5
32,174395,Private Job,PhD,Rural,Rented,Lower,Single,Arranged,0,23.5
28,91822,CA,PhD,Rural,Own,Upper-Middle,Married,Arranged,0,14.5
32,32175,Private Job,Bachelors,Tier-2,Own,Upper-Middle,Single,Love,0,17.5
39,178181,Freelancer,PhD,Tier-1,Rented,Upper-Middle,Married,Arranged,0,15.5
37,110303,Private Job,PhD,Rural,Rented,Middle,Single,Arranged,0,20.5
24,92289,Doctor,Bachelors,Tier-3,Rented,Upper,Single,Love,0,19.0
40,109391,CA,Masters,Tier-2,Rented,Upper-Middle,Single,Love,0,21.0
26,61365,CA,Diploma,Tier-2,Rented,Lower,Married,Love,0,7.0
33,44061,CA,Masters,Tier-2,Rented,Lower,Single,Arranged,0,20.0
34,160326,Government Officer,PhD,Rural,Rented,Upper,Divorced,Arranged,1,26.0
32,52891,CA,Masters,Tier-3,Own,Middle,Divorced,Arranged,0,17.5
38,36379,Freelancer,Diploma,Rural,Own,Lower,Married,Love,0,3.5
33,123661,Software Engineer,PhD,Tier-3,Own,Upper,Single,Love,0,25.0
22,120106,Freelancer,Masters,Tier-1,Rented,Upper,Divorced,Arranged,0,17.0
27,143170,Doctor,PhD,Tier-3,Own,Upper,Married,Arranged,0,18.5
29,172215,Business Owner,Bachelors,Tier-3,Own,Lower,Single,Love,0,24.5
32,113702,Software Engineer,Masters,Tier-1,Rented,Middle,Single,Love,0,22.5
33,139244,Software Engineer,Masters,Tier-3,Rented,Middle,Divorced,Arranged,0,18.5
27,164220,Freelancer,Diploma,Tier-3,Rented,Lower,Divorced,Love,0,13.0
26,128739,Freelancer,PhD,Tier-2,Own,Upper,Divorced,Arranged,0,20.0
28,188263,Private Job,PhD,Tier-1,Own,Upper,Divorced,Love,0,23.0
30,62579,Business Owner,Masters,Tier-2,Own,Upper,Divorced,Love,0,16.0
22,172888,Private Job,Masters,Tier-2,Own,Upper-Middle,Single,Love,0,25.5
38,165837,Software Engineer,PhD,Tier-3,Own,Middle,Divorced,Love,0,22.0
34,184228,Business Owner,Masters,Tier-2,Rented,Upper,Married,Love,0,14.0
30,138600,Software Engineer,Masters,Rural,Own,Upper-Middle,Divorced,Arranged,0,20.5
33,129101,Freelancer,Masters,Tier-2,Own,Middle,Married,Love,0,12.0
32,161054,Business Owner,Masters,Tier-3,Own,Upper,Divorced,Love,0,20.0
32,113345,Private Job,Masters,Tier-3,Rented,Upper,Married,Arranged,0,10.5
32,78441,Government Officer,Masters,Tier-1,Rented,Upper,Single,Love,1,26.5
22,198303,Software Engineer,Bachelors,Tier-2,Own,Upper-Middle,Single,Love,0,27.5
31,130413,Private Job,Bachelors,Tier-3,Rented,Lower,Divorced,Love,0,13.5
26,193236,Freelancer,Bachelors,Rural,Own,Upper-Middle,Married,Arranged,0,14.5
34,152910,Software Engineer,Diploma,Tier-2,Own,Lower,Divorced,Love,0,19.5
38,144849,Business Owner,Bachelors,Rural,Rented,Upper,Single,Love,0,19.0
38,118366,CA,Bachelors,Tier-1,Own,Upper,Single,Arranged,0,26.5
28,175011,Business Owner,PhD,Rural,Own,Lower,Single,Arranged,0,27.5
25,35649,Freelancer,Diploma,Tier-1,Own,Upper-Middle,Married,Love,0,6.5
28,83550,CA,Bachelors,Rural,Rented,Upper-Middle,Married,Love,0,7.0
35,67723,Government Officer,PhD,Tier-3,Own,Upper-Middle,Divorced,Arranged,1,25.0
35,44778,CA,Masters,Tier-1,Own,Middle,Single,Arranged,0,24.0
29,185692,Government Officer,PhD,Tier-1,Rented,Upper,Divorced,Love,1,28.0
40,118372,Doctor,Bachelors,Tier-1,Rented,Upper,Divorced,Love,0,17.0
31,107444,Doctor,Bachelors,Tier-3,Rented,Lower,Single,Love,0,19.5
25,177483,Software Engineer,Masters,Rural,Own,Lower,Married,Love,0,15.5
38,163793,Business Owner,PhD,Tier-2,Own,Lower,Divorced,Love,0,22.0
28,40028,Freelancer,PhD,Tier-3,Own,Middle,Married,Love,0,8.0
34,134042,CA,Masters,Tier-2,Rented,Upper-Middle,Married,Love,0,12.5
34,21659,Software Engineer,PhD,Tier-1,Rented,Middle,Single,Love,0,19.0
22,27656,Government Officer,Bachelors,Tier-1,Own,Middle,Married,Love,1,16.0
25,60891,Private Job,PhD,Tier-3,Rented,Upper,Single,Love,0,17.0
27,160042,Software Engineer,Diploma,Tier-3,Rented,Upper,Single,Arranged,0,23.0
28,72969,Business Owner,Masters,Rural,Rented,Middle,Single,Arranged,0,18.5
28,21745,Doctor,Masters,Rural,Rented,Upper-Middle,Single,Arranged,0,17.5
31,111881,Government Officer,PhD,Tier-1,Own,Upper-Middle,Divorced,Love,1,27.5
33,175621,Business Owner,Diploma,Tier-2,Own,Lower,Divorced,Arranged,0,21.5
34,25122,Freelancer,PhD,Rural,Own,Middle,Divorced,Arranged,0,13.0
35,23165,Freelancer,Diploma,Rural,Rented,Upper,Single,Arranged,0,12.0
31,35120,Doctor,PhD,Tier-3,Rented,Lower,Married,Love,0,8.0
25,144724,Doctor,Bachelors,Rural,Rented,Upper-Middle,Single,Arranged,0,22.5
25,150207,Business Owner,Masters,Rural,Rented,Upper-Middle,Single,Arranged,0,22.5
23,187000,Freelancer,Diploma,Tier-2,Rented,Lower,Divorced,Love,0,15.0
22,124527,Business Owner,PhD,Tier-1,Rented,Upper-Middle,Divorced,Arranged,0,20.0
27,111113,CA,Diploma,Rural,Own,Upper,Single,Arranged,0,22.5
36,32427,Doctor,Diploma,Rural,Own,Lower,Divorced,Arranged,0,14.0
27,88236,Freelancer,Masters,Tier-3,Own,Upper-Middle,Married,Love,0,9.0
37,199075,Private Job,PhD,Tier-3,Rented,Upper,Divorced,Arranged,0,20.5
24,103364,Doctor,Diploma,Rural,Own,Upper,Single,Love,0,20.5
24,191218,Government Officer,Masters,Rural,Rented,Upper,Married,Love,1,19.5
32,123624,Government Officer,Diploma,Tier-1,Own,Middle,Married,Love,1,20.0
23,85930,Freelancer,PhD,Rural,Own,Upper-Middle,Married,Arranged,0,11.0
34,155805,Doctor,PhD,Tier-2,Rented,Lower,Divorced,Love,0,20.0
36,49668,Business Owner,Bachelors,Tier-1,Own,Middle,Single,Love,0,20.0
39,99747,Freelancer,Diploma,Tier-2,Own,Lower,Single,Arranged,0,20.5
24,172708,Doctor,PhD,Rural,Rented,Upper-Middle,Single,Arranged,0,26.0
25,173256,Software Engineer,Diploma,Rural,Rented,Lower,Married,Love,0,10.5
29,130291,Doctor,PhD,Rural,Rented,Upper-Middle,Married,Arranged,0,14.0
23,44123,CA,Bachelors,Tier-2,Rented,Lower,Divorced,Love,0,12.0
31,174516,CA,PhD,Rural,Own,Middle,Divorced,Arranged,0,23.5
23,143885,Software Engineer,Diploma,Rural,Rented,Lower,Married,Love,0,9.0
36,79719,Doctor,Masters,Tier-2,Rented,Upper,Single,Love,0,20.0
31,140616,Private Job,PhD,Tier-3,Rented,Middle,Divorced,Arranged,0,18.0
40,94557,Software Engineer,PhD,Tier-2,Own,Middle,Single,Love,0,24.5
32,177952,Private Job,PhD,Rural,Rented,Upper,Single,Arranged,0,23.5
35,103701,Doctor,Diploma,Rural,Own,Upper,Single,Arranged,0,22.5
35,169004,Business Owner,Bachelors,Tier-1,Rented,Upper-Middle,Single,Love,0,23.0
29,35386,Private Job,Bachelors,Tier-2,Own,Middle,Single,Love,0,17.5
30,151581,Software Engineer,Bachelors,Tier-3,Rented,Upper-Middle,Divorced,Love,0,16.5
28,151999,CA,PhD,Tier-3,Rented,Middle,Married,Love,0,13.5
31,58689,Freelancer,PhD,Tier-1,Rented,Middle,Single,Arranged,0,19.5
35,178539,Private Job,PhD,Tier-1,Own,Lower,Divorced,Arranged,0,24.5
29,186012,Freelancer,Diploma,Tier-2,Rented,Lower,Married,Arranged,0,12.0
40,74876,Doctor,PhD,Tier-1,Own,Upper-Middle,Single,Love,0,25.0
28,122177,Business Owner,Bachelors,Rural,Own,Middle,Single,Arranged,0,23.0
28,102060,Business Owner,Masters,Tier-2,Rented,Middle,Married,Love,0,10.0
39,174808,Software Engineer,Bachelors,Rural,Rented,Lower,Married,Arranged,0,13.5
40,154758,Freelancer,Bachelors,Tier-1,Rented,Upper,Single,Love,0,20.5
26,92942,Private Job,Bachelors,Tier-2,Rented,Upper,Divorced,Arranged,0,14.5
40,187961,Doctor,Masters,Tier-1,Own,Lower,Married,Love,0,19.5
22,70880,Business Owner,Masters,Tier-3,Rented,Lower,Married,Arranged,0,9.5
35,134557,Government Officer,PhD,Tier-2,Rented,Middle,Single,Arranged,1,31.5
39,175776,Private Job,PhD,Rural,Rented,Upper-Middle,Single,Love,0,21.5
30,78013,Business Owner,Masters,Tier-1,Rented,Upper,Single,Arranged,0,21.5
36,78445,Software Engineer,Bachelors,Tier-1,Rented,Upper,Single,Love,0,19.5
22,70006,Freelancer,Bachelors,Tier-3,Rented,Lower,Married,Arranged,0,6.5
32,63534,Business Owner,Diploma,Tier-3,Own,Lower,Single,Love,0,18.0
39,128881,Business Owner,Diploma,Tier-1,Own,Lower,Married,Arranged,0,15.0
28,20632,Freelancer,Diploma,Tier-3,Rented,Middle,Single,Arranged,0,13.0
33,196981,Doctor,PhD,Tier-1,Rented,Middle,Single,Love,0,28.0
36,167937,Software Engineer,Diploma,Tier-1,Rented,Upper,Divorced,Arranged,0,20.0
29,157147,Private Job,PhD,Tier-3,Own,Middle,Single,Love,0,24.5
22,44837,Doctor,Diploma,Tier-1,Rented,Upper-Middle,Married,Arranged,0,9.5
28,51624,Freelancer,Bachelors,Tier-1,Rented,Lower,Divorced,Love,0,10.5
31,136333,Software Engineer,Masters,Rural,Own,Middle,Divorced,Arranged,0,20.5
27,196133,Government Officer,PhD,Rural,Own,Lower,Single,Arranged,1,35.5
26,158847,Doctor,PhD,Tier-3,Rented,Middle,Married,Arranged,0,16.0
39,80039,Doctor,PhD,Tier-1,Rented,Lower,Married,Love,0,12.5
25,77357,Freelancer,Diploma,Tier-3,Own,Lower,Married,Love,0,6.5
34,53028,CA,Bachelors,Tier-1,Rented,Upper,Single,Arranged,0,20.5
38,192323,CA,PhD,Tier-1,Rented,Lower,Divorced,Love,0,22.5
36,109797,Software Engineer,Bachelors,Rural,Own,Middle,Divorced,Arranged,0,18.0
34,142305,Freelancer,Masters,Rural,Rented,Lower,Divorced,Love,0,13.0
32,141473,Private Job,PhD,Tier-3,Rented,Upper,Single,Arranged,0,23.0
30,116658,Private Job,Diploma,Tier-2,Own,Middle,Married,Arranged,0,12.5
32,91616,Government Officer,PhD,Tier-3,Rented,Upper,Divorced,Love,1,21.5
37,45599,Government Officer,PhD,Tier-1,Rented,Upper,Married,Arranged,1,18.0
28,89430,Software Engineer,Diploma,Tier-1,Own,Lower,Married,Love,0,12.0
24,118018,Software Engineer,PhD,Rural,Own,Lower,Single,Arranged,0,25.5
31,136587,CA,Diploma,Tier-3,Rented,Upper-Middle,Divorced,Arranged,0,16.5
30,199286,Software Engineer,Bachelors,Tier-1,Own,Upper,Single,Arranged,0,30.5
38,69194,Freelancer,Bachelors,Tier-1,Rented,Lower,Single,Arranged,0,18.0
30,147494,CA,Diploma,Tier-3,Own,Middle,Divorced,Arranged,0,20.0
31,91832,Freelancer,Bachelors,Rural,Own,Middle,Single,Arranged,0,19.5
26,71629,Government Officer,PhD,Tier-2,Own,Middle,Divorced,Love,1,24.5
28,128283,Government Officer,Diploma,Rural,Own,Upper,Divorced,Arranged,1,24.0
32,106271,Software Engineer,Diploma,Tier-3,Own,Upper-Middle,Single,Love,0,21.0
22,136590,Business Owner,Diploma,Tier-2,Rented,Lower,Single,Arranged,0,21.5
39,157522,CA,Diploma,Tier-1,Rented,Upper,Divorced,Arranged,0,19.5
37,165380,Software Engineer,Diploma,Rural,Own,Lower,Single,Arranged,0,25.0
38,174166,Software Engineer,Masters,Rural,Rented,Upper,Single,Love,0,22.5
26,59105,CA,Diploma,Tier-3,Own,Lower,Single,Arranged,0,20.5
23,158980,Private Job,PhD,Tier-2,Rented,Lower,Divorced,Arranged,0,19.5
29,99063,CA,Diploma,Rural,Rented,Upper,Divorced,Love,0,11.5
30,29836,CA,Diploma,Tier-3,Own,Lower,Divorced,Arranged,0,14.0
31,42949,Private Job,Masters,Tier-2,Rented,Middle,Single,Arranged,0,18.0
37,60166,CA,PhD,Tier-2,Rented,Upper,Single,Love,0,20.0
26,64795,Doctor,Diploma,Tier-3,Own,Lower,Married,Arranged,0,11.5
31,168521,Government Officer,Bachelors,Tier-2,Own,Middle,Married,Love,1,22.0
33,58748,Private Job,PhD,Tier-2,Rented,Lower,Divorced,Arranged,0,14.5
23,38907,CA,Diploma,Tier-3,Own,Upper-Middle,Divorced,Arranged,0,14.5
39,50570,Government Officer,Masters,Tier-3,Own,Upper,Married,Love,1,16.5
38,72613,Software Engineer,Bachelors,Tier-1,Own,Middle,Single,Love,0,22.5
36,177957,Government Officer,Diploma,Tier-3,Rented,Upper-Middle,Divorced,Arranged,1,24.5
35,29681,CA,Masters,Tier-1,Own,Middle,Single,Love,0,21.0
22,25262,Private Job,Masters,Rural,Own,Upper,Single,Arranged,0,18.0
35,88876,Private Job,Bachelors,Tier-2,Rented,Lower,Married,Love,0,7.0
40,99631,Private Job,Bachelors,Tier-2,Own,Upper,Divorced,Love,0,15.5
29,196505,Freelancer,Masters,Tier-2,Own,Upper-Middle,Married,Love,0,15.5
26,95212,Freelancer,Masters,Tier-2,Own,Middle,Single,Love,0,20.5
37,168769,Freelancer,Diploma,Tier-3,Rented,Middle,Divorced,Arranged,0,15.0
33,156019,CA,PhD,Tier-1,Own,Upper-Middle,Single,Love,0,28.5
35,23886,Doctor,Masters,Tier-2,Own,Lower,Married,Love,0,10.5
39,89036,Government Officer,PhD,Tier-3,Rented,Lower,Single,Love,1,26.0
31,103865,Freelancer,Diploma,Tier-2,Own,Lower,Divorced,Love,0,14.0
23,25713,Business Owner,PhD,Tier-1,Own,Lower,Divorced,Love,0,16.0
30,171087,Software Engineer,PhD,Tier-1,Own,Upper,Single,Love,0,29.5
33,120464,Doctor,PhD,Tier-3,Rented,Upper-Middle,Single,Love,0,22.5
37,118245,Software Engineer,PhD,Tier-1,Own,Lower,Divorced,Arranged,0,23.5
24,76986,Software Engineer,Bachelors,Tier-3,Rented,Upper-Middle,Married,Arranged,0,9.5
40,22121,Software Engineer,Diploma,Tier-1,Rented,Upper,Married,Love,0,6.0
37,184146,CA,Masters,Tier-3,Own,Lower,Divorced,Love,0,22.0
37,20634,Private Job,Diploma,Tier-3,Own,Upper-Middle,Single,Arranged,0,17.0
38,146363,Business Owner,Bachelors,Tier-3,Rented,Upper,Single,Love,0,20.0
22,178251,Doctor,Bachelors,Tier-2,Rented,Upper-Middle,Single,Love,0,24.0
24,123639,CA,Diploma,Tier-2,Rented,Lower,Married,Love,0,10.0
24,160982,Government Officer,Diploma,Tier-3,Rented,Middle,Divorced,Arranged,1,24.0
34,132201,CA,Bachelors,Tier-1,Own,Upper-Middle,Married,Arranged,0,17.5
25,123008,CA,Diploma,Tier-2,Own,Upper-Middle,Married,Arranged,0,15.0
40,166727,Software Engineer,Masters,Rural,Own,Upper-Middle,Divorced,Love,0,20.0
34,46693,CA,Diploma,Tier-2,Rented,Upper,Married,Arranged,0,8.0
40,189146,Freelancer,PhD,Rural,Rented,Upper,Divorced,Love,0,16.0
39,148417,Government Officer,PhD,Tier-2,Own,Lower,Divorced,Love,1,28.0
28,48999,Doctor,PhD,Rural,Rented,Middle,Single,Love,0,17.5
22,93500,CA,PhD,Tier-3,Rented,Upper,Single,Arranged,0,22.5
27,49453,CA,Masters,Tier-3,Own,Middle,Divorced,Love,0,15.0
31,121902,Private Job,Bachelors,Tier-1,Own,Middle,Single,Arranged,0,25.0
24,98283,Doctor,Diploma,Rural,Rented,Lower,Single,Arranged,0,19.0
36,155468,Private Job,Bachelors,Tier-2,Own,Upper-Middle,Married,Arranged,0,15.5
39,60778,Freelancer,Masters,Rural,Own,Middle,Single,Arranged,0,19.0
37,154611,Business Owner,Bachelors,Tier-1,Own,Upper-Middle,Divorced,Arranged,0,22.5
22,123647,Government Officer,Masters,Tier-3,Rented,Upper,Single,Love,1,27.0
27,114575,Government Officer,PhD,Tier-1,Own,Upper,Married,Arranged,1,24.5
40,168533,Government Officer,Masters,Tier-3,Rented,Upper,Married,Love,1,19.0
26,160160,Software Engineer,Masters,Rural,Rented,Upper,Divorced,Arranged,0,19.0
27,128804,Doctor,Masters,Tier-2,Own,Middle,Divorced,Arranged,0,22.5
31,173569,Private Job,Diploma,Tier-3,Own,Lower,Married,Love,0,12.5
31,181319,CA,Masters,Tier-1,Rented,Middle,Single,Arranged,0,28.0
27,81637,Business Owner,Bachelors,Tier-1,Rented,Lower,Single,Arranged,0,21.0
32,82491,Private Job,Masters,Tier-3,Own,Middle,Single,Love,0,20.0
29,139270,Private Job,Diploma,Rural,Rented,Middle,Divorced,Love,0,11.5
26,170106,CA,Masters,Rural,Rented,Lower,Divorced,Arranged,0,19.5
25,143330,Private Job,Masters,Tier-3,Rented,Upper,Divorced,Love,0,15.0
28,80402,Business Owner,Bachelors,Tier-1,Own,Upper-Middle,Single,Love,0,22.0
24,87998,Software Engineer,Diploma,Tier-2,Own,Middle,Married,Arranged,0,13.0
25,146829,Doctor,Bachelors,Tier-1,Own,Upper,Single,Love,0,26.5
25,122947,Business Owner,PhD,Tier-2,Own,Upper-Middle,Married,Love,0,15.0
36,179173,Business Owner,Masters,Tier-3,Own,Middle,Single,Arranged,0,27.5
32,121604,Doctor,Masters,Tier-1,Rented,Middle,Single,Arranged,0,25.5
28,62373,Freelancer,Bachelors,Tier-1,Own,Upper-Middle,Divorced,Arranged,0,16.0
25,92739,Doctor,Masters,Tier-3,Own,Middle,Divorced,Love,0,18.0
28,184580,Private Job,PhD,Tier-3,Rented,Upper,Married,Arranged,0,15.0
24,102188,CA,Diploma,Rural,Own,Upper,Divorced,Love,0,15.0
23,23174,CA,Diploma,Tier-1,Rented,Upper-Middle,Single,Love,0,16.0
36,42344,Freelancer,Diploma,Rural,Own,Upper-Middle,Married,Love,0,4.0
33,138701,Private Job,Diploma,Tier-1,Rented,Middle,Single,Arranged,0,21.5
25,114569,Business Owner,PhD,Tier-3,Own,Upper,Married,Love,0,13.5
29,26559,CA,Masters,Rural,Own,Middle,Married,Love,0,8.0
22,163848,Software Engineer,Diploma,Tier-2,Rented,Lower,Married,Love,0,12.0
23,149497,Private Job,Diploma,Tier-1,Own,Upper-Middle,Married,Arranged,0,15.0
37,168074,Business Owner,Diploma,Tier-2,Own,Middle,Divorced,Love,0,19.0
30,181949,Private Job,Bachelors,Tier-2,Rented,Upper-Middle,Divorced,Love,0,17.0
28,104033,Government Officer,Bachelors,Tier-1,Own,Lower,Married,Love,1,20.0
38,62391,Software Engineer,Bachelors,Tier-1,Rented,Upper-Middle,Married,Arranged,0,11.0
25,54249,Business Owner,PhD,Tier-1,Own,Lower,Divorced,Arranged,0,19.5
22,131762,Freelancer,PhD,Rural,Own,Middle,Married,Arranged,0,13.5
35,173195,Doctor,PhD,Tier-1,Rented,Lower,Divorced,Arranged,0,24.0
27,48339,Government Officer,Masters,Tier-2,Own,Upper-Middle,Divorced,Love,1,22.0
28,116808,Software Engineer,Masters,Tier-2,Own,Middle,Married,Arranged,0,16.5
28,27416,Software Engineer,Diploma,Tier-2,Own,Upper,Married,Arranged,0,10.0
38,40444,Private Job,Bachelors,Tier-3,Own,Upper-Middle,Married,Love,0,7.0
32,104554,Software Engineer,Bachelors,Rural,Own,Middle,Divorced,Arranged,0,18.0
26,68170,Government Officer,Bachelors,Rural,Own,Upper,Single,Arranged,1,27.0
24,169684,Doctor,Diploma,Rural,Rented,Upper-Middle,Divorced,Arranged,0,17.5
40,176327,Software Engineer,Diploma,Tier-1,Rented,Lower,Single,Arranged,0,25.5
32,141541,Freelancer,PhD,Rural,Own,Upper,Divorced,Love,0,17.0
37,124604,Freelancer,Diploma,Tier-3,Rented,Middle,Married,Love,0,6.0
25,22889,Private Job,PhD,Tier-2,Own,Middle,Married,Love,0,9.0
26,35334,CA,PhD,Rural,Rented,Upper,Divorced,Love,0,11.5
26,132226,Software Engineer,Masters,Tier-2,Rented,Upper,Single,Love,0,22.5
38,119065,Software Engineer,Diploma,Tier-1,Rented,Lower,Single,Arranged,0,22.5
31,105513,Private Job,Masters,Tier-1,Rented,Lower,Single,Love,0,20.0
35,122250,Private Job,Diploma,Tier-1,Own,Upper,Divorced,Love,0,17.0
23,147473,Freelancer,Masters,Tier-1,Own,Upper,Married,Love,0,14.0
31,32960,Business Owner,Masters,Tier-2,Own,Lower,Divorced,Love,0,14.5
26,59776,Freelancer,PhD,Tier-2,Own,Upper,Married,Arranged,0,11.5
29,91048,Doctor,Masters,Tier-2,Rented,Lower,Divorced,Love,0,16.0
22,108378,CA,Diploma,Tier-3,Own,Middle,Divorced,Love,0,16.0
30,160461,Government Officer,Diploma,Tier-2,Own,Lower,Single,Love,1,31.0
32,170082,Private Job,Diploma,Tier-3,Own,Lower,Single,Love,0,22.5
24,181050,Software Engineer,Diploma,Tier-1,Rented,Upper-Middle,Divorced,Love,0,19.0
25,134595,Business Owner,PhD,Tier-2,Own,Lower,Single,Love,0,25.5
30,20132,Government Officer,Bachelors,Tier-2,Rented,Upper,Married,Love,1,12.0
30,133872,Government Officer,Diploma,Rural,Own,Upper,Single,Arranged,1,29.5
38,181710,Private Job,Masters,Tier-3,Own,Upper-Middle,Divorced,Love,0,20.0
22,26013,Software Engineer,PhD,Tier-2,Own,Upper-Middle,Single,Love,0,21.0
27,45747,CA,Bachelors,Rural,Rented,Middle,Divorced,Love,0,10.0
37,90249,Software Engineer,Masters,Rural,Own,Upper-Middle,Married,Love,0,11.5
30,189745,Freelancer,PhD,Tier-1,Own,Lower,Single,Love,0,27.0
28,141616,Government Officer,Masters,Rural,Rented,Lower,Single,Arranged,1,29.0
36,151275,Business Owner,Diploma,Tier-2,Own,Lower,Married,Love,0,13.5
28,78031,Doctor,Diploma,Tier-3,Rented,Upper,Divorced,Love,0,12.0
29,130858,Private Job,Masters,Tier-3,Own,Lower,Divorced,Love,0,17.5
36,178104,Freelancer,PhD,Tier-2,Rented,Lower,Divorced,Love,0,17.5
39,158772,CA,Diploma,Tier-2,Rented,Upper,Single,Arranged,0,23.5
39,110341,Freelancer,Masters,Tier-1,Rented,Upper-Middle,Married,Arranged,0,11.5
32,136723,Private Job,Bachelors,Tier-2,Rented,Middle,Divorced,Love,0,14.5
23,34987,Freelancer,PhD,Tier-3,Rented,Upper,Single,Arranged,0,16.5
32,184665,CA,PhD,Tier-3,Rented,Upper-Middle,Single,Love,0,25.0
39,177333,CA,Diploma,Tier-3,Rented,Lower,Divorced,Arranged,0,18.5
24,105250,CA,Masters,Rural,Rented,Upper,Single,Arranged,0,21.0
25,52079,Private Job,Masters,Rural,Own,Upper,Divorced,Arranged,0,14.5
25,30367,Government Officer,Diploma,Rural,Own,Upper-Middle,Married,Arranged,1,14.5
28,112548,Business Owner,Diploma,Rural,Own,Lower,Divorced,Love,0,14.5
31,159197,Doctor,Masters,Tier-1,Own,Upper,Married,Arranged,0,20.0
25,101207,Private Job,Masters,Rural,Own,Upper-Middle,Single,Love,0,20.0
32,44861,Business Owner,Diploma,Tier-1,Own,Middle,Divorced,Love,0,14.0
36,36278,Government Officer,Bachelors,Tier-1,Rented,Upper-Middle,Single,Love,1,23.5
24,126035,CA,Masters,Tier-3,Rented,Lower,Single,Arranged,0,23.0
37,130866,Freelancer,PhD,Tier-3,Own,Upper,Married,Arranged,0,14.5
32,73681,Business Owner,PhD,Tier-3,Own,Middle,Single,Arranged,0,23.5
24,188360,Private Job,PhD,Rural,Rented,Lower,Married,Arranged,0,14.0
27,46910,Private Job,Masters,Rural,Own,Lower,Divorced,Love,0,12.0
29,181826,Business Owner,Masters,Tier-2,Own,Lower,Divorced,Arranged,0,24.0
30,160682,Doctor,Masters,Tier-3,Rented,Upper,Married,Arranged,0,15.5
31,84161,Private Job,PhD,Rural,Own,Middle,Married,Arranged,0,12.0
29,149493,Software Engineer,Bachelors,Tier-2,Rented,Upper,Married,Arranged,0,14.0
24,173891,Doctor,Diploma,Tier-2,Own,Upper-Middle,Married,Love,0,16.0
31,93776,Doctor,Bachelors,Tier-3,Rented,Upper,Single,Arranged,0,21.0
34,123397,CA,Diploma,Rural,Rented,Upper,Single,Love,0,18.0
37,182986,Freelancer,Bachelors,Tier-3,Rented,Lower,Single,Love,0,20.0
25,156550,Freelancer,Bachelors,Tier-2,Own,Upper,Single,Arranged,0,24.5
36,58724,Freelancer,PhD,Tier-2,Rented,Lower,Married,Arranged,0,8.5
23,43155,Software Engineer,Bachelors,Tier-2,Rented,Lower,Divorced,Arranged,0,14.0
36,43634,Software Engineer,PhD,Tier-2,Own,Lower,Divorced,Arranged,0,19.0
40,111282,Freelancer,Diploma,Tier-1,Own,Lower,Single,Love,0,20.5
36,94972,Freelancer,PhD,Tier-1,Own,Upper,Single,Arranged,0,24.5
26,56409,Freelancer,PhD,Rural,Rented,Upper,Married,Love,0,4.5
28,116825,Doctor,Diploma,Tier-2,Rented,Upper-Middle,Divorced,Arranged,0,17.0
34,103256,Government Officer,PhD,Tier-2,Own,Upper-Middle,Single,Love,1,31.0
27,164188,Freelancer,Bachelors,Tier-3,Rented,Middle,Single,Arranged,0,21.0
22,30348,CA,Diploma,Tier-1,Own,Lower,Single,Arranged,0,21.5
23,64902,Software Engineer,Diploma,Tier-1,Rented,Upper,Single,Love,0,18.0
40,172596,Government Officer,Diploma,Tier-2,Rented,Lower,Single,Arranged,1,30.5
22,128978,Freelancer,PhD,Tier-2,Rented,Lower,Married,Love,0,10.0
30,27900,CA,Diploma,Tier-1,Rented,Upper-Middle,Single,Arranged,0,18.0
24,58701,Freelancer,Diploma,Rural,Own,Lower,Single,Love,0,14.5
31,136768,Doctor,PhD,Tier-1,Rented,Middle,Divorced,Love,0,20.0
25,57119,CA,Diploma,Tier-1,Own,Middle,Single,Arranged,0,22.5
28,70669,CA,PhD,Tier-3,Own,Lower,Divorced,Love,0,17.5
37,132824,Doctor,Bachelors,Tier-2,Own,Middle,Married,Love,0,15.0
28,183984,Doctor,Masters,Tier-3,Own,Upper-Middle,Married,Arranged,0,19.5
32,58868,Doctor,Diploma,Tier-2,Rented,Upper,Married,Arranged,0,9.0
27,136497,Freelancer,Masters,Tier-2,Own,Upper,Divorced,Arranged,0,19.5
29,42842,Government Officer,Masters,Tier-2,Rented,Middle,Married,Love,1,14.0
27,155671,Software Engineer,Masters,Tier-1,Rented,Upper-Middle,Single,Arranged,0,26.5
28,186145,Private Job,Masters,Rural,Rented,Lower,Single,Arranged,0,23.0
34,182483,Business Owner,Bachelors,Tier-3,Own,Upper,Married,Love,0,15.0
30,139286,Doctor,Diploma,Rural,Rented,Middle,Single,Love,0,19.0
24,182668,Doctor,Masters,Tier-3,Own,Upper-Middle,Single,Arranged,0,29.5
39,188317,Private Job,Masters,Tier-1,Rented,Upper,Married,Love,0,14.0
38,65069,Private Job,Diploma,Tier-2,Rented,Upper,Single,Love,0,15.0
30,161681,Government Officer,PhD,Rural,Own,Upper-Middle,Divorced,Arranged,1,29.0
32,182682,Doctor,Diploma,Tier-1,Rented,Upper,Divorced,Arranged,0,21.5
29,125170,Doctor,Masters,Tier-3,Rented,Upper,Single,Arranged,0,23.5
35,39298,Doctor,Bachelors,Tier-2,Own,Middle,Divorced,Love,0,15.0
28,153283,Software Engineer,Diploma,Tier-3,Rented,Upper-Middle,Single,Love,0,20.5
32,55794,Doctor,Masters,Tier-1,Rented,Lower,Single,Arranged,0,22.0
36,126535,Business Owner,PhD,Tier-2,Rented,Upper,Married,Arranged,0,14.0
28,89227,Government Officer,Masters,Tier-2,Rented,Upper-Middle,Single,Arranged,1,28.0
40,159919,Government Officer,Masters,Tier-1,Rented,Upper-Middle,Divorced,Love,1,25.5
38,166778,Business Owner,Bachelors,Rural,Own,Upper-Middle,Single,Arranged,0,25.0
38,56486,Business Owner,Masters,Tier-3,Own,Lower,Divorced,Arranged,0,16.5
36,68962,Business Owner,Diploma,Rural,Rented,Upper,Divorced,Arranged,0,11.0
24,102409,Private Job,Diploma,Tier-3,Own,Middle,Married,Love,0,9.0
35,115177,Private Job,PhD,Tier-3,Own,Lower,Single,Love,0,22.5
38,86214,Software Engineer,Bachelors,Tier-1,Rented,Middle,Married,Arranged,0,12.0
29,173053,CA,Diploma,Tier-1,Own,Lower,Single,Arranged,0,28.5
36,80356,Doctor,Masters,Tier-2,Rented,Lower,Married,Love,0,10.5
34,130363,Freelancer,Diploma,Tier-1,Rented,Upper-Middle,Married,Love,0,8.5
35,28730,Government Officer,Bachelors,Rural,Own,Upper-Middle,Married,Love,1,13.0
24,137881,CA,Diploma,Tier-2,Rented,Upper-Middle,Single,Arranged,0,22.5
37,127278,CA,Masters,Tier-3,Rented,Lower,Single,Arranged,0,23.0
34,110509,Private Job,PhD,Tier-1,Own,Middle,Divorced,Arranged,0,21.5
23,176862,Government Officer,Masters,Rural,Rented,Lower,Married,Arranged,1,20.5
23,142191,Government Officer,PhD,Tier-1,Own,Lower,Divorced,Love,1,29.0
40,58389,Freelancer,Bachelors,Tier-3,Own,Upper-Middle,Married,Arranged,0,8.5
39,103875,CA,Bachelors,Rural,Own,Upper-Middle,Single,Love,0,21.0
27,82164,Government Officer,PhD,Tier-2,Rented,Lower,Single,Arranged,1,29.0
38,165032,Freelancer,Bachelors,Tier-2,Own,Upper,Divorced,Love,0,18.0
24,29576,Government Officer,Diploma,Tier-2,Own,Lower,Married,Arranged,1,16.0
29,38516,CA,Bachelors,Tier-1,Rented,Upper-Middle,Divorced,Love,0,12.5
24,70879,Software Engineer,Masters,Tier-1,Rented,Middle,Divorced,Arranged,0,17.5
22,67744,Government Officer,Diploma,Tier-1,Own,Upper,Single,Arranged,1,29.0
25,157871,Government Officer,Diploma,Tier-1,Own,Upper,Divorced,Love,1,26.5
31,58696,Business Owner,Bachelors,Rural,Rented,Upper-Middle,Single,Love,0,14.5
38,139943,CA,Masters,Tier-3,Rented,Upper-Middle,Single,Arranged,0,23.5
28,153787,Private Job,Masters,Tier-1,Own,Upper,Married,Arranged,0,17.5
35,165749,Government Officer,Diploma,Tier-3,Rented,Upper-Middle,Divorced,Arranged,1,24.0
27,129653,Business Owner,Bachelors,Tier-1,Own,Middle,Divorced,Arranged,0,21.0
37,39222,CA,Bachelors,Tier-3,Own,Upper-Middle,Divorced,Arranged,0,15.5
35,97944,Freelancer,Diploma,Tier-3,Own,Upper-Middle,Single,Arranged,0,19.5
32,34419,CA,Masters,Tier-1,Own,Middle,Divorced,Arranged,0,18.5
29,181164,Government Officer,Masters,Rural,Own,Middle,Divorced,Love,1,27.0
37,171163,CA,Diploma,Rural,Own,Middle,Single,Arranged,0,25.5
36,159453,Government Officer,PhD,Tier-1,Rented,Upper,Divorced,Arranged,1,28.5
38,175821,Software Engineer,PhD,Rural,Own,Upper-Middle,Divorced,Love,0,21.5
26,120088,Software Engineer,PhD,Tier-1,Own,Upper-Middle,Divorced,Love,0,22.0
32,43031,Private Job,Masters,Rural,Rented,Middle,Single,Arranged,0,16.0
33,92673,CA,Bachelors,Tier-2,Rented,Middle,Married,Love,0,9.5
34,148054,Freelancer,Diploma,Tier-3,Rented,Lower,Single,Love,0,17.0
26,111417,Doctor,Diploma,Rural,Rented,Upper,Single,Arranged,0,20.0
37,36494,Private Job,Bachelors,Rural,Own,Upper-Middle,Single,Arranged,0,17.5
28,180192,Freelancer,Bachelors,Tier-2,Rented,Middle,Single,Arranged,0,23.0
25,34148,Freelancer,Bachelors,Tier-1,Rented,Upper-Middle,Single,Love,0,14.5
32,145299,Government Officer,PhD,Rural,Own,Lower,Single,Arranged,1,33.0
25,132569,Government Officer,Bachelors,Tier-2,Rented,Upper,Single,Arranged,1,29.5
38,165626,Private Job,Diploma,Tier-2,Rented,Middle,Divorced,Love,0,15.0
25,95880,Software Engineer,Diploma,Tier-3,Rented,Middle,Married,Arranged,0,9.5
28,160978,CA,Masters,Rural,Own,Upper,Married,Arranged,0,17.0
38,150370,Freelancer,Masters,Tier-3,Rented,Upper,Married,Arranged,0,11.5
38,147851,Private Job,PhD,Tier-1,Rented,Upper-Middle,Married,Arranged,0,15.0
35,181309,Software Engineer,Diploma,Tier-1,Rented,Lower,Single,Arranged,0,26.0
24,24577,CA,Masters,Tier-3,Rented,Lower,Divorced,Love,0,11.0
35,165137,Software Engineer,Bachelors,Rural,Rented,Middle,Married,Arranged,0,13.0
34,57959,Business Owner,Masters,Rural,Rented,Upper-Middle,Single,Love,0,15.5
40,120873,Government Officer,PhD,Tier-2,Own,Upper,Married,Love,1,22.0
26,22935,Freelancer,Diploma,Tier-3,Own,Lower,Single,Arranged,0,16.0
30,178027,CA,Bachelors,Tier-3,Rented,Lower,Single,Arranged,0,24.5
28,182054,Freelancer,Diploma,Tier-3,Own,Lower,Married,Arranged,0,14.0
35,122284,Software Engineer,PhD,Tier-1,Own,Middle,Divorced,Love,0,22.0
23,167849,CA,PhD,Rural,Own,Upper-Middle,Single,Love,0,26.0
30,137922,Doctor,PhD,Rural,Rented,Lower,Single,Love,0,22.0
39,179467,Doctor,Diploma,Rural,Own,Lower,Divorced,Arranged,0,21.0
28,40288,Software Engineer,Bachelors,Rural,Rented,Middle,Single,Love,0,15.0
34,84577,Business Owner,Masters,Tier-3,Own,Upper-Middle,Divorced,Arranged,0,18.0
37,162371,Freelancer,Diploma,Tier-2,Own,Upper,Single,Love,0,22.0
37,174091,Government Officer,Masters,Tier-2,Own,Lower,Single,Love,1,33.5
40,128678,Government Officer,Bachelors,Tier-2,Own,Upper,Divorced,Arranged,1,27.0
26,101848,Freelancer,PhD,Rural,Own,Upper,Divorced,Arranged,0,17.0
30,97950,Doctor,Masters,Rural,Own,Upper-Middle,Divorced,Love,0,17.0
23,35265,Government Officer,PhD,Tier-3,Rented,Upper-Middle,Married,Love,1,13.5
28,73393,Freelancer,Diploma,Rural,Own,Upper-Middle,Married,Love,0,5.5
40,194601,Business Owner,Masters,Tier-3,Own,Lower,Single,Arranged,0,28.5
26,149980,Doctor,Diploma,Tier-1,Rented,Upper,Single,Arranged,0,24.5
38,48433,CA,Diploma,Tier-2,Own,Middle,Single,Love,0,19.0
30,86540,Government Officer,Bachelors,Tier-1,Rented,Lower,Married,Love,1,16.0
37,72595,Private Job,Masters,Tier-2,Rented,Middle,Married,Love,0,7.5
26,26148,Software Engineer,Diploma,Tier-3,Rented,Lower,Single,Love,0,14.0
32,143048,Business Owner,PhD,Tier-2,Own,Lower,Divorced,Arranged,0,23.0
29,107032,Freelancer,Diploma,Tier-3,Own,Lower,Married,Love,0,8.0
25,59969,CA,Bachelors,Rural,Own,Upper-Middle,Single,Love,0,18.5
35,164950,Government Officer,PhD,Tier-2,Own,Upper,Married,Arranged,1,26.0
31,73756,Doctor,Diploma,Tier-2,Own,Lower,Divorced,Love,0,16.0
38,170563,Business Owner,PhD,Rural,Own,Upper,Married,Love,0,15.5
25,83037,Business Owner,PhD,Tier-2,Rented,Middle,Divorced,Arranged,0,17.0
40,51516,Freelancer,PhD,Tier-2,Own,Lower,Divorced,Love,0,14.5
29,190575,Freelancer,Bachelors,Tier-3,Rented,Upper-Middle,Single,Love,0,20.5
23,26296,Freelancer,Bachelors,Tier-1,Rented,Lower,Single,Arranged,0,16.0
34,151866,Private Job,Masters,Tier-1,Rented,Upper,Single,Love,0,22.5
26,185892,CA,Bachelors,Tier-1,Rented,Lower,Married,Arranged,0,17.0
39,176642,Software Engineer,PhD,Tier-3,Rented,Upper-Middle,Single,Love,0,24.5
29,25542,Doctor,Bachelors,Tier-2,Rented,Lower,Single,Arranged,0,18.5
30,195911,CA,Masters,Rural,Rented,Upper-Middle,Single,Love,0,23.5
40,54847,Business Owner,Masters,Tier-1,Own,Lower,Divorced,Love,0,16.5
30,176060,Private Job,PhD,Rural,Own,Middle,Married,Love,0,14.5
30,25239,Government Officer,Masters,Rural,Rented,Lower,Single,Arranged,1,23.0
34,151534,CA,PhD,Tier-1,Own,Lower,Divorced,Arranged,0,25.5
27,42343,CA,Bachelors,Rural,Own,Middle,Married,Love,0,8.0
33,176121,Software Engineer,Bachelors,Rural,Own,Middle,Single,Arranged,0,26.5
30,38416,Private Job,Masters,Tier-2,Rented,Upper,Divorced,Love,0,10.5
25,194576,Doctor,Bachelors,Tier-1,Own,Lower,Divorced,Arranged,0,26.0
25,103685,Private Job,Masters,Tier-3,Own,Lower,Married,Arranged,0,13.0
23,184047,Doctor,Masters,Tier-2,Own,Lower,Divorced,Arranged,0,25.5
37,23397,Freelancer,PhD,Tier-1,Own,Upper,Married,Love,0,9.0
23,116793,CA,Diploma,Rural,Rented,Middle,Divorced,Love,0,12.5
39,188202,Government Officer,PhD,Tier-2,Rented,Upper,Married,Arranged,1,24.0
38,127979,Doctor,Bachelors,Tier-1,Own,Lower,Married,Arranged,0,17.5
37,32320,Doctor,PhD,Tier-3,Rented,Upper-Middle,Divorced,Love,0,13.0
28,65607,Software Engineer,Bachelors,Tier-2,Own,Upper-Middle,Married,Arranged,0,13.0
27,167145,Private Job,PhD,Tier-1,Rented,Upper-Middle,Divorced,Arranged,0,21.0
28,153856,Freelancer,Masters,Rural,Own,Upper,Married,Arranged,0,13.5
40,182514,Software Engineer,Diploma,Tier-2,Rented,Lower,Divorced,Love,0,18.0
34,97857,Doctor,Masters,Tier-1,Own,Upper,Single,Love,0,25.0
28,71836,Private Job,Diploma,Tier-3,Rented,Lower,Single,Love,0,14.5
37,74214,Private Job,PhD,Rural,Own,Upper,Married,Love,0,9.5
34,164920,Freelancer,Diploma,Tier-1,Rented,Upper-Middle,Married,Arranged,0,12.0
39,42263,CA,PhD,Rural,Own,Upper-Middle,Divorced,Love,0,15.0
35,105533,CA,Bachelors,Tier-2,Rented,Middle,Single,Arranged,0,22.0
37,186912,Software Engineer,Masters,Tier-1,Own,Upper-Middle,Divorced,Arranged,0,26.0
34,24535,CA,Masters,Rural,Rented,Upper,Married,Love,0,5.0
38,172286,Government Officer,PhD,Rural,Own,Upper,Single,Love,1,32.5
34,147688,Doctor,PhD,Tier-2,Rented,Lower,Single,Love,0,24.5
27,67907,Doctor,PhD,Tier-3,Rented,Upper,Married,Love,0,9.5
31,167374,Software Engineer,Diploma,Rural,Own,Lower,Divorced,Love,0,18.0
30,33855,Private Job,PhD,Tier-1,Rented,Middle,Divorced,Arranged,0,14.5
38,89172,Software Engineer,PhD,Rural,Rented,Middle,Single,Arranged,0,21.0
25,104427,Government Officer,PhD,Tier-1,Own,Upper,Single,Love,1,32.0
24,165081,Software Engineer,Diploma,Tier-3,Rented,Upper-Middle,Married,Love,0,11.0
40,32031,Software Engineer,Bachelors,Rural,Rented,Upper-Middle,Married,Arranged,0,6.5
25,157809,Government Officer,PhD,Tier-3,Own,Upper-Middle,Married,Arranged,1,24.5
23,87135,Government Officer,Bachelors,Tier-3,Own,Lower,Divorced,Arranged,1,24.0
30,39685,Doctor,Bachelors,Tier-2,Rented,Upper,Single,Love,0,17.0
37,112224,Freelancer,Diploma,Tier-1,Rented,Lower,Married,Love,0,7.5
32,30057,Software Engineer,Bachelors,Tier-2,Rented,Upper,Single,Arranged,0,18.5
25,124630,Private Job,Bachelors,Tier-2,Rented,Lower,Divorced,Love,0,14.0
37,188308,Freelancer,Masters,Tier-3,Rented,Upper,Married,Arranged,0,13.0
33,26306,Government Officer,Bachelors,Tier-2,Rented,Upper-Middle,Divorced,Arranged,1,19.0
27,65140,Doctor,Diploma,Rural,Rented,Middle,Married,Love,0,5.5
40,42072,Freelancer,Diploma,Rural,Rented,Lower,Married,Arranged,0,3.0
32,33013,CA,PhD,Tier-2,Own,Lower,Married,Love,0,11.5
25,45899,CA,Masters,Rural,Rented,Upper,Single,Love,0,16.0
29,25405,Government Officer,Diploma,Tier-3,Rented,Middle,Married,Love,1,10.0
27,94387,Freelancer,PhD,Rural,Rented,Lower,Single,Arranged,0,18.5
30,114424,Private Job,Diploma,Tier-1,Rented,Middle,Single,Arranged,0,20.5
23,172952,Business Owner,Masters,Rural,Own,Upper-Middle,Single,Love,0,24.5
26,152800,Private Job,Diploma,Tier-3,Own,Middle,Single,Arranged,0,23.5
35,101460,CA,Bachelors,Tier-2,Own,Upper,Divorced,Arranged,0,20.0
26,138023,Government Officer,PhD,Tier-1,Own,Upper,Married,Love,1,23.5
24,78417,Doctor,Diploma,Rural,Own,Lower,Single,Love,0,19.0
39,37145,Government Officer,Bachelors,Tier-1,Own,Upper,Divorced,Love,1,21.5
22,104819,Software Engineer,Bachelors,Tier-1,Rented,Middle,Single,Love,0,21.0
39,146347,Freelancer,Masters,Rural,Own,Lower,Divorced,Love,0,16.0
31,24666,Doctor,Bachelors,Rural,Rented,Upper,Divorced,Arranged,0,11.5
25,170460,CA,PhD,Tier-1,Own,Middle,Married,Love,0,19.5
28,58760,Business Owner,Bachelors,Tier-3,Rented,Upper-Middle,Married,Arranged,0,7.5
31,23689,Freelancer,PhD,Tier-2,Own,Upper-Middle,Married,Love,0,8.0
36,191587,Doctor,Diploma,Rural,Rented,Lower,Married,Love,0,12.0
29,121407,CA,Bachelors,Rural,Rented,Lower,Single,Love,0,19.0
34,143341,CA,Masters,Tier-1,Rented,Upper-Middle,Single,Love,0,24.0
37,195421,Private Job,Diploma,Tier-2,Rented,Upper-Middle,Married,Arranged,0,13.5
25,184262,Government Officer,Diploma,Tier-3,Own,Lower,Single,Love,1,31.0
38,25225,Freelancer,PhD,Tier-1,Rented,Middle,Divorced,Love,0,11.0
34,161511,Business Owner,PhD,Rural,Rented,Upper-Middle,Divorced,Love,0,17.0
38,165763,Freelancer,Bachelors,Tier-1,Rented,Lower,Divorced,Arranged,0,18.0
32,168571,Business Owner,Masters,Rural,Own,Lower,Divorced,Arranged,0,21.0
27,185863,Government Officer,Masters,Tier-1,Rented,Middle,Single,Arranged,1,34.0
34,31825,Freelancer,Bachelors,Rural,Rented,Upper,Single,Arranged,0,13.5
28,162393,Freelancer,Masters,Tier-1,Rented,Lower,Divorced,Love,0,17.0
37,81436,Government Officer,Bachelors,Rural,Own,Middle,Married,Arranged,1,18.0
29,55577,Doctor,Diploma,Tier-1,Rented,Middle,Divorced,Arranged,0,15.0
25,35749,Software Engineer,Bachelors,Rural,Own,Middle,Divorced,Arranged,0,14.5
32,173233,Private Job,PhD,Tier-1,Own,Upper,Married,Arranged,0,19.5
37,99673,Doctor,Diploma,Tier-3,Rented,Middle,Married,Arranged,0,10.0
24,66814,Private Job,Diploma,Tier-2,Rented,Middle,Divorced,Arranged,0,12.0
26,131579,Freelancer,Bachelors,Tier-2,Own,Middle,Divorced,Love,0,16.5
32,144463,Freelancer,Bachelors,Tier-1,Rented,Upper-Middle,Divorced,Love,0,15.0
38,55335,Doctor,Diploma,Rural,Own,Lower,Married,Love,0,8.0
26,44055,Government Officer,PhD,Tier-3,Rented,Upper-Middle,Married,Arranged,1,16.0
23,45723,Business Owner,Masters,Rural,Rented,Upper,Married,Arranged,0,7.0
35,94740,Business Owner,Bachelors,Tier-2,Rented,Middle,Married,Arranged,0,10.5
30,100470,Government Officer,Masters,Tier-2,Own,Upper-Middle,Single,Love,1,30.0
33,189430,Software Engineer,Bachelors,Tier-1,Rented,Upper-Middle,Divorced,Love,0,20.0
24,60331,CA,Bachelors,Tier-1,Own,Lower,Married,Arranged,0,14.0
31,57621,Government Officer,Diploma,Tier-2,Own,Middle,Single,Arranged,1,27.5
31,36707,Freelancer,Diploma,Tier-2,Own,Upper-Middle,Single,Arranged,0,17.5
36,83825,Private Job,Bachelors,Tier-1,Rented,Lower,Single,Arranged,0,20.0
26,38886,CA,Bachelors,Tier-1,Rented,Lower,Divorced,Arranged,0,14.5
39,105319,Business Owner,Masters,Tier-2,Rented,Lower,Married,Arranged,0,12.0
35,100006,Private Job,Masters,Tier-2,Own,Upper,Single,Arranged,0,24.0
34,62221,CA,PhD,Tier-2,Own,Lower,Married,Love,0,13.0
33,170688,Private Job,Bachelors,Tier-2,Own,Upper,Single,Arranged,0,26.5
30,178209,Business Owner,Diploma,Tier-3,Own,Upper-Middle,Married,Love,0,13.5
32,176466,Business Owner,Masters,Tier-1,Rented,Middle,Divorced,Arranged,0,21.5
33,164819,Doctor,PhD,Rural,Own,Middle,Married,Love,0,16.5
40,89396,Private Job,Bachelors,Tier-1,Own,Upper,Married,Arranged,0,13.0
32,166888,Private Job,Diploma,Rural,Own,Middle,Married,Love,0,11.0
36,148010,Private Job,Diploma,Tier-3,Own,Lower,Single,Arranged,0,23.0
22,164072,Business Owner,PhD,Tier-2,Own,Upper-Middle,Single,Love,0,27.0
31,132111,CA,Diploma,Tier-3,Rented,Upper,Single,Arranged,0,21.5
28,180971,Business Owner,Masters,Tier-3,Own,Upper,Married,Love,0,16.0
22,84074,Private Job,PhD,Tier-2,Rented,Upper,Divorced,Arranged,0,16.0
26,55869,Doctor,Masters,Tier-3,Rented,Upper-Middle,Single,Arranged,0,20.0
29,193015,CA,Bachelors,Rural,Rented,Upper,Divorced,Arranged,0,19.5
28,192108,Private Job,PhD,Tier-3,Own,Middle,Divorced,Love,0,21.5
23,187709,Doctor,Bachelors,Rural,Own,Upper,Married,Love,0,15.5
23,172478,Freelancer,PhD,Tier-3,Own,Upper-Middle,Married,Love,0,14.5
31,188179,Software Engineer,PhD,Tier-1,Rented,Upper-Middle,Married,Love,0,17.0
34,166498,Doctor,PhD,Rural,Own,Upper,Divorced,Love,0,21.5
32,134137,Doctor,Diploma,Rural,Own,Middle,Divorced,Arranged,0,19.0
37,150689,Software Engineer,Bachelors,Rural,Rented,Middle,Married,Love,0,10.5
23,192224,CA,Diploma,Rural,Own,Upper-Middle,Single,Love,0,24.5
38,94982,Doctor,PhD,Tier-3,Own,Upper-Middle,Married,Love,0,14.0
37,83500,Doctor,Bachelors,Tier-3,Own,Lower,Single,Arranged,0,23.5
33,158585,Software Engineer,Diploma,Rural,Own,Upper-Middle,Single,Love,0,22.5
36,152399,Doctor,Bachelors,Tier-3,Rented,Middle,Divorced,Love,0,17.0
28,52387,Doctor,PhD,Rural,Own,Upper,Divorced,Arranged,0,18.0
35,69259,Freelancer,Diploma,Rural,Own,Upper-Middle,Divorced,Love,0,10.0
29,144189,Software Engineer,Bachelors,Rural,Rented,Middle,Married,Love,0,10.0
26,104989,Business Owner,Bachelors,Tier-3,Own,Lower,Single,Arranged,0,23.0
40,156955,Freelancer,Bachelors,Tier-1,Own,Lower,Single,Arranged,0,25.5
25,78630,Private Job,Diploma,Tier-2,Rented,Lower,Single,Love,0,15.5
23,89698,CA,Diploma,Tier-3,Own,Lower,Married,Love,0,10.0
38,53230,Private Job,Diploma,Tier-1,Rented,Lower,Divorced,Arranged,0,12.5
33,82264,Doctor,Masters,Tier-3,Rented,Upper-Middle,Divorced,Love,0,14.5
30,182341,Software Engineer,Diploma,Tier-3,Own,Upper-Middle,Divorced,Arranged,0,22.0
38,64390,Freelancer,Diploma,Rural,Rented,Lower,Married,Love,0,2.0
31,92566,Private Job,Masters,Rural,Own,Lower,Married,Arranged,0,11.5
39,87358,Private Job,Bachelors,Tier-2,Own,Upper,Divorced,Arranged,0,17.0
38,184798,Private Job,Masters,Tier-3,Own,Upper,Divorced,Love,0,20.0
40,102274,Business Owner,Masters,Tier-2,Rented,Lower,Single,Arranged,0,22.0
33,103103,Private Job,Diploma,Rural,Own,Lower,Married,Love,0,8.0
34,121124,Private Job,Bachelors,Tier-2,Rented,Middle,Single,Love,0,19.0
22,166117,CA,Bachelors,Tier-3,Rented,Upper,Single,Love,0,22.0
36,98926,Software Engineer,PhD,Rural,Own,Middle,Married,Arranged,0,14.5
28,50550,Business Owner,Masters,Tier-1,Own,Lower,Single,Love,0,21.5
25,161167,Private Job,Bachelors,Rural,Rented,Upper-Middle,Married,Love,0,9.0
33,58232,Business Owner,Masters,Tier-2,Own,Upper,Single,Love,0,20.5
30,22036,CA,Bachelors,Tier-1,Own,Upper,Married,Arranged,0,12.0
31,30441,Private Job,Bachelors,Tier-1,Rented,Upper,Single,Arranged,0,17.5
25,149880,Freelancer,Masters,Tier-1,Rented,Middle,Divorced,Love,0,16.0
35,156806,Doctor,Masters,Tier-2,Own,Upper-Middle,Single,Arranged,0,29.0
25,77255,Private Job,Masters,Tier-3,Own,Upper-Middle,Married,Arranged,0,11.5
35,195130,Software Engineer,Masters,Rural,Own,Upper,Divorced,Arranged,0,23.5
28,164280,Government Officer,Bachelors,Tier-2,Own,Lower,Married,Love,1,22.0
39,30656,Government Officer,Bachelors,Tier-1,Own,Middle,Married,Arranged,1,18.5
34,84398,Business Owner,Masters,Tier-3,Rented,Upper,Single,Arranged,0,20.0
28,38649,Government Officer,PhD,Rural,Rented,Upper,Married,Love,1,12.5
23,195098,Freelancer,Bachelors,Tier-1,Own,Lower,Single,Arranged,0,27.5
39,84763,Software Engineer,PhD,Tier-3,Own,Lower,Single,Love,0,23.0
38,194982,CA,Masters,Rural,Own,Middle,Divorced,Arranged,0,23.5
29,98861,Doctor,Masters,Tier-3,Own,Upper-Middle,Divorced,Arranged,0,20.0
28,46682,Private Job,Bachelors,Tier-2,Own,Upper-Middle,Married,Arranged,0,10.0
25,198614,Business Owner,Masters,Tier-1,Rented,Lower,Single,Arranged,0,27.5
23,46546,Doctor,Diploma,Tier-2,Rented,Upper,Single,Love,0,16.5
39,152966,Freelancer,Diploma,Tier-2,Rented,Upper,Divorced,Love,0,13.5
26,179260,Government Officer,Diploma,Rural,Rented,Upper,Divorced,Love,1,21.5
33,159379,Doctor,Bachelors,Tier-2,Own,Upper-Middle,Single,Arranged,0,28.0
31,102781,Government Officer,Bachelors,Tier-2,Own,Upper,Single,Love,1,29.0
28,71135,Doctor,PhD,Rural,Own,Middle,Single,Arranged,0,24.0
35,149415,Software Engineer,PhD,Tier-2,Own,Middle,Single,Arranged,0,29.0
26,193362,CA,Bachelors,Tier-1,Own,Upper-Middle,Divorced,Arranged,0,25.5
32,177568,Doctor,Diploma,Tier-1,Rented,Middle,Married,Arranged,0,16.0
23,106502,Private Job,PhD,Tier-2,Own,Upper,Single,Love,0,23.0
29,65013,Government Officer,PhD,Tier-2,Own,Upper,Divorced,Love,1,24.0
32,69600,Private Job,Masters,Rural,Rented,Lower,Single,Arranged,0,17.0
25,67662,Software Engineer,Bachelors,Rural,Rented,Middle,Divorced,Love,0,11.0
39,130130,CA,Diploma,Tier-1,Own,Middle,Married,Arranged,0,16.5
36,58222,Doctor,Bachelors,Tier-3,Own,Lower,Married,Arranged,0,12.0
29,65599,Freelancer,PhD,Tier-3,Rented,Middle,Divorced,Arranged,0,13.0
35,92432,Freelancer,Diploma,Tier-2,Rented,Upper,Married,Arranged,0,7.5
28,98576,Government Officer,Bachelors,Tier-2,Own,Lower,Divorced,Arranged,1,25.5
22,28572,Software Engineer,Masters,Tier-1,Rented,Upper-Middle,Married,Arranged,0,10.0
30,155251,Software Engineer,Diploma,Tier-1,Rented,Upper-Middle,Married,Arranged,0,14.5
39,23970,Freelancer,Diploma,Tier-1,Own,Upper-Middle,Divorced,Arranged,0,13.0
36,189530,Government Officer,Bachelors,Rural,Own,Middle,Married,Arranged,1,23.0
22,83691,Private Job,Masters,Rural,Rented,Upper,Married,Love,0,6.0
34,119708,CA,PhD,Tier-2,Rented,Middle,Married,Arranged,0,14.5
22,159560,Government Officer,PhD,Tier-1,Own,Middle,Single,Love,1,34.5
39,182355,Business Owner,Masters,Tier-1,Rented,Upper,Married,Love,0,15.0
27,151683,Business Owner,Masters,Tier-2,Rented,Lower,Married,Arranged,0,14.5
39,146590,Freelancer,Diploma,Rural,Own,Upper-Middle,Single,Arranged,0,21.0
27,57720,Private Job,Bachelors,Tier-2,Own,Upper,Divorced,Love,0,13.5
26,66143,Government Officer,PhD,Rural,Rented,Middle,Single,Love,1,24.0
31,117140,Software Engineer,Masters,Tier-2,Rented,Middle,Single,Arranged,0,23.5
25,132417,Doctor,Bachelors,Tier-2,Own,Lower,Single,Love,0,25.0
37,55508,Freelancer,PhD,Rural,Own,Upper-Middle,Married,Love,0,7.5
23,151801,Software Engineer,Masters,Rural,Own,Lower,Divorced,Love,0,19.5
33,35881,Freelancer,PhD,Rural,Own,Upper-Middle,Married,Arranged,0,8.5
28,36815,Private Job,Masters,Tier-3,Own,Middle,Married,Love,0,7.5
22,90315,Private Job,Diploma,Tier-2,Own,Middle,Single,Love,0,19.5
22,141222,Freelancer,PhD,Tier-3,Own,Upper,Married,Arranged,0,15.0
30,33911,Government Officer,Diploma,Tier-3,Own,Lower,Married,Arranged,1,15.5
26,70321,Government Officer,Masters,Tier-3,Rented,Upper-Middle,Married,Love,1,14.5
32,93765,Doctor,PhD,Rural,Rented,Middle,Married,Love,0,10.0
40,193079,Government Officer,Bachelors,Tier-2,Own,Upper,Married,Love,1,23.5
30,22812,Doctor,Masters,Rural,Rented,Upper,Married,Arranged,0,7.5
28,133625,Doctor,PhD,Tier-1,Rented,Lower,Single,Arranged,0,27.0
26,118581,CA,Masters,Tier-2,Own,Lower,Married,Arranged,0,16.5
36,194532,CA,Diploma,Tier-2,Rented,Upper-Middle,Divorced,Arranged,0,20.5
36,55518,Business Owner,Masters,Tier-3,Own,Upper,Married,Arranged,0,11.5
36,198097,Doctor,PhD,Tier-1,Own,Upper,Married,Arranged,0,23.0
40,60713,Business Owner,PhD,Tier-1,Own,Upper-Middle,Married,Arranged,0,15.0
35,148816,Government Officer,PhD,Rural,Rented,Lower,Single,Arranged,1,30.0
24,169794,Freelancer,Bachelors,Tier-2,Rented,Upper,Married,Arranged,0,12.0
38,159063,Government Officer,Bachelors,Tier-1,Own,Lower,Single,Love,1,32.5
23,60761,Software Engineer,Masters,Tier-2,Rented,Lower,Single,Arranged,0,21.0
29,83027,Software Engineer,PhD,Tier-3,Rented,Upper-Middle,Divorced,Arranged,0,17.0
24,114087,Government Officer,Masters,Tier-3,Own,Upper-Middle,Single,Arranged,1,31.5
29,80590,Freelancer,Masters,Tier-3,Own,Middle,Divorced,Arranged,0,16.0
39,143695,Private Job,Diploma,Tier-2,Own,Upper-Middle,Single,Arranged,0,24.0
26,41785,Government Officer,Masters,Tier-1,Rented,Upper-Middle,Divorced,Arranged,1,22.0
34,147649,CA,Bachelors,Tier-1,Own,Middle,Single,Love,0,26.0
30,145765,Software Engineer,Bachelors,Tier-3,Own,Upper,Divorced,Love,0,19.0
37,89973,Freelancer,PhD,Tier-2,Own,Middle,Single,Arranged,0,23.0
23,141277,Private Job,PhD,Tier-2,Own,Upper,Divorced,Love,0,20.0
22,173015,Freelancer,Bachelors,Rural,Own,Middle,Married,Love,0,11.5
34,57360,Doctor,PhD,Tier-3,Own,Upper-Middle,Divorced,Love,0,17.0
32,140222,Doctor,Bachelors,Tier-1,Own,Upper,Single,Love,0,26.5
28,148129,Freelancer,PhD,Tier-1,Own,Upper-Middle,Divorced,Arranged,0,22.0
31,184568,Software Engineer,Diploma,Tier-2,Own,Lower,Divorced,Arranged,0,23.0
29,136789,Government Officer,Bachelors,Tier-3,Rented,Middle,Divorced,Arranged,1,23.5
38,84334,CA,Diploma,Rural,Own,Lower,Single,Arranged,0,21.0
40,109812,Software Engineer,PhD,Tier-3,Own,Upper-Middle,Single,Arranged,0,26.0
23,59687,Software Engineer,Masters,Tier-3,Own,Lower,Divorced,Love,0,15.5
33,95847,Freelancer,PhD,Tier-3,Rented,Middle,Divorced,Love,0,12.5
26,129987,CA,Diploma,Tier-3,Rented,Upper-Middle,Married,Love,0,9.0
37,178722,CA,Diploma,Tier-3,Rented,Upper,Divorced,Love,0,16.5
29,145750,Doctor,Diploma,Rural,Rented,Upper-Middle,Divorced,Arranged,0,16.5
27,140957,Software Engineer,Masters,Tier-3,Rented,Middle,Divorced,Love,0,17.0
27,26003,Private Job,Bachelors,Rural,Own,Upper-Middle,Divorced,Love,0,10.0
32,160266,Freelancer,Masters,Tier-3,Rented,Middle,Married,Love,0,10.0
28,182401,Software Engineer,PhD,Tier-3,Own,Upper-Middle,Married,Arranged,0,20.0
34,161402,CA,Masters,Tier-3,Own,Upper,Single,Love,0,26.0
29,156041,Government Officer,Bachelors,Tier-1,Own,Lower,Single,Love,1,32.5
33,131821,Doctor,Masters,Tier-3,Own,Upper-Middle,Single,Love,0,25.0
36,37649,CA,Diploma,Tier-3,Rented,Upper-Middle,Divorced,Love,0,9.5
35,152444,Government Officer,Diploma,Tier-3,Own,Upper,Divorced,Arranged,1,26.5
23,175191,Private Job,Masters,Tier-1,Own,Upper,Divorced,Arranged,0,23.5
38,34025,Software Engineer,Diploma,Tier-3,Own,Upper,Single,Arranged,0,19.5
25,65101,Doctor,Bachelors,Tier-1,Rented,Upper,Divorced,Arranged,0,16.5
35,92854,Business Owner,Masters,Tier-1,Own,Upper,Divorced,Love,0,18.5
22,90207,Software Engineer,Diploma,Rural,Rented,Upper-Middle,Single,Love,0,16.5
34,113054,Freelancer,Masters,Tier-3,Own,Upper,Divorced,Arranged,0,17.5
34,64212,Business Owner,Masters,Tier-2,Own,Lower,Divorced,Arranged,0,18.0
39,188774,CA,Bachelors,Tier-1,Own,Upper,Married,Love,0,18.0
25,27681,Government Officer,PhD,Tier-2,Own,Upper,Divorced,Love,1,22.0
30,120926,CA,Masters,Tier-3,Rented,Lower,Single,Love,0,21.0
30,84827,Government Officer,PhD,Tier-2,Own,Upper-Middle,Single,Love,1,30.0
36,119093,Private Job,Masters,Rural,Rented,Upper-Middle,Single,Arranged,0,19.5
35,91433,Software Engineer,Bachelors,Tier-3,Own,Lower,Single,Love,0,21.5
39,155445,Government Officer,PhD,Tier-1,Own,Middle,Married,Love,1,24.5
22,40144,Doctor,Masters,Tier-2,Rented,Middle,Married,Love,0,8.5
30,106624,CA,Masters,Tier-2,Own,Middle,Married,Arranged,0,16.0
37,175387,CA,Diploma,Tier-3,Rented,Upper-Middle,Single,Love,0,21.5
29,95625,Government Officer,PhD,Tier-2,Own,Middle,Single,Arranged,1,32.5
29,50949,Private Job,Diploma,Rural,Rented,Lower,Married,Arranged,0,4.5
36,100315,Business Owner,Diploma,Tier-1,Rented,Middle,Married,Arranged,0,11.0
38,136359,Private Job,Masters,Tier-3,Own,Upper-Middle,Divorced,Arranged,0,19.5
31,148702,Freelancer,Diploma,Tier-2,Own,Lower,Married,Love,0,11.0
38,124591,Freelancer,PhD,Tier-2,Rented,Upper,Married,Arranged,0,12.0
29,105462,Government Officer,Masters,Rural,Rented,Lower,Divorced,Arranged,1,22.0
39,153477,Doctor,PhD,Tier-1,Rented,Upper-Middle,Married,Arranged,0,18.0
39,98290,Freelancer,PhD,Tier-3,Rented,Upper-Middle,Married,Arranged,0,9.5
36,76822,Business Owner,PhD,Rural,Own,Upper-Middle,Divorced,Love,0,15.5
35,77196,Business Owner,Masters,Rural,Rented,Lower,Single,Arranged,0,18.5
36,173032,CA,PhD,Tier-2,Rented,Middle,Married,Love,0,15.5
35,163636,CA,Bachelors,Tier-3,Rented,Upper-Middle,Divorced,Arranged,0,19.0
32,56067,Software Engineer,Bachelors,Tier-1,Own,Upper,Single,Love,0,21.5
27,82809,CA,PhD,Tier-3,Own,Upper-Middle,Single,Arranged,0,25.0
30,30574,Software Engineer,Masters,Tier-1,Own,Middle,Married,Love,0,11.5
25,114766,Software Engineer,Bachelors,Tier-2,Own,Upper-Middle,Divorced,Love,0,18.5
30,96431,CA,PhD,Tier-3,Own,Middle,Single,Love,0,23.5
35,67259,CA,Bachelors,Tier-2,Own,Upper,Married,Arranged,0,13.0
38,188511,Freelancer,Bachelors,Tier-3,Rented,Upper,Married,Arranged,0,12.0
29,62500,CA,Diploma,Tier-3,Own,Lower,Married,Love,0,9.0
29,161641,Doctor,Bachelors,Tier-1,Rented,Upper-Middle,Single,Love,0,24.5
25,98602,Government Officer,Diploma,Tier-1,Rented,Upper,Divorced,Arranged,1,22.5
31,182298,Freelancer,PhD,Tier-1,Own,Lower,Single,Love,0,27.0
40,136583,Government Officer,Diploma,Tier-3,Own,Lower,Single,Love,1,28.5
22,88985,Business Owner,PhD,Rural,Rented,Upper,Divorced,Love,0,13.0
27,163310,Freelancer,Bachelors,Rural,Own,Middle,Single,Arranged,0,23.0
38,99283,CA,Bachelors,Rural,Own,Lower,Divorced,Arranged,0,17.5
36,188591,Private Job,Masters,Tier-2,Own,Upper,Married,Arranged,0,18.0
38,185634,CA,PhD,Tier-1,Own,Upper,Married,Arranged,0,22.0
25,144015,Government Officer,Masters,Tier-2,Own,Middle,Single,Love,1,32.0
29,162045,Government Officer,PhD,Rural,Rented,Middle,Married,Love,1,19.0
25,168739,Business Owner,Diploma,Tier-1,Own,Upper-Middle,Single,Love,0,25.0
38,53349,Private Job,PhD,Tier-2,Own,Lower,Single,Love,0,20.5
24,188227,Doctor,PhD,Tier-2,Rented,Upper,Divorced,Arranged,0,23.5
23,193829,Business Owner,Diploma,Tier-1,Own,Upper-Middle,Single,Arranged,0,28.5
26,44917,Software Engineer,PhD,Rural,Own,Lower,Single,Love,0,20.0
31,65009,Business Owner,Masters,Tier-2,Own,Upper,Married,Arranged,0,13.0
35,70719,Private Job,PhD,Tier-3,Rented,Middle,Married,Arranged,0,9.5
25,114752,Government Officer,Bachelors,Tier-3,Own,Lower,Married,Arranged,1,20.5
37,112252,Private Job,PhD,Tier-1,Own,Lower,Married,Arranged,0,16.5
29,64045,Software Engineer,Masters,Tier-2,Own,Middle,Single,Love,0,22.0
35,192419,CA,Masters,Rural,Rented,Upper-Middle,Divorced,Arranged,0,20.5
25,109766,Doctor,Diploma,Tier-3,Rented,Lower,Married,Love,0,8.5
32,146171,CA,PhD,Rural,Rented,Upper,Single,Love,0,22.0
29,196225,Doctor,PhD,Tier-2,Own,Upper-Middle,Divorced,Arranged,0,27.0
31,164276,Private Job,PhD,Tier-1,Own,Middle,Married,Arranged,0,19.0
37,80867,Doctor,Bachelors,Tier-1,Own,Upper-Middle,Married,Arranged,0,15.5
24,94428,Doctor,PhD,Tier-3,Own,Upper-Middle,Single,Love,0,24.0
35,165658,Software Engineer,Masters,Rural,Own,Upper,Married,Arranged,0,17.0
39,120124,Government Officer,Diploma,Rural,Own,Upper-Middle,Divorced,Arranged,1,24.0
37,39905,Software Engineer,PhD,Tier-3,Rented,Lower,Married,Arranged,0,9.5
24,140374,Doctor,PhD,Tier-1,Rented,Upper-Middle,Divorced,Arranged,0,22.5
36,175329,Freelancer,Bachelors,Tier-1,Own,Upper,Married,Love,0,14.5
25,104113,Private Job,Diploma,Tier-2,Rented,Upper-Middle,Divorced,Arranged,0,14.0
40,57705,CA,Bachelors,Tier-1,Rented,Upper,Married,Arranged,0,10.5
39,125455,Government Officer,Bachelors,Tier-1,Own,Upper,Married,Love,1,21.0
32,132084,Government Officer,Diploma,Rural,Own,Lower,Divorced,Arranged,1,24.5
34,83586,Private Job,Bachelors,Tier-1,Rented,Lower,Single,Arranged,0,20.0
30,186951,CA,PhD,Tier-2,Own,Upper-Middle,Single,Love,0,29.0
38,118157,Doctor,Bachelors,Tier-2,Own,Upper-Middle,Divorced,Arranged,0,21.0
32,100528,Doctor,PhD,Tier-3,Rented,Upper,Single,Love,0,21.5
40,144275,Software Engineer,Masters,Tier-2,Own,Upper,Single,Love,0,26.0
24,147502,Freelancer,PhD,Rural,Rented,Lower,Divorced,Arranged,0,16.0
35,65785,Business Owner,Diploma,Tier-2,Rented,Upper-Middle,Married,Love,0,6.0
32,57555,Business Owner,Diploma,Tier-1,Own,Middle,Single,Arranged,0,21.5
22,120545,Doctor,Masters,Tier-3,Rented,Upper,Single,Love,0,21.5
38,182300,Government Officer,PhD,Tier-3,Rented,Upper,Single,Love,1,31.0
39,178685,Freelancer,Diploma,Tier-2,Own,Upper,Divorced,Arranged,0,19.5
31,66661,Government Officer,PhD,Tier-1,Rented,Upper,Divorced,Love,1,22.0
36,159106,CA,PhD,Tier-1,Rented,Lower,Divorced,Love,0,20.5
39,150930,Freelancer,PhD,Tier-3,Own,Lower,Married,Love,0,13.5
32,133427,Private Job,PhD,Tier-1,Rented,Upper-Middle,Married,Arranged,0,14.5
25,160711,CA,Diploma,Tier-1,Own,Middle,Married,Love,0,16.0
30,22820,Software Engineer,PhD,Tier-1,Rented,Middle,Divorced,Arranged,0,16.0
36,33212,Software Engineer,Masters,Tier-1,Rented,Upper,Married,Arranged,0,10.5
37,99874,Freelancer,PhD,Tier-1,Rented,Upper,Single,Arranged,0,21.5
27,137897,CA,PhD,Tier-2,Own,Upper-Middle,Married,Arranged,0,18.5
36,142280,Business Owner,Masters,Tier-3,Own,Upper-Middle,Divorced,Love,0,19.0
25,113638,Freelancer,Masters,Tier-1,Own,Lower,Married,Arranged,0,14.5
32,26442,Doctor,Diploma,Tier-2,Rented,Upper-Middle,Single,Love,0,15.5
31,192108,Freelancer,Diploma,Rural,Rented,Upper-Middle,Divorced,Arranged,0,15.5
25,27691,Doctor,Masters,Tier-3,Own,Upper-Middle,Single,Love,0,19.5
33,164587,Private Job,Masters,Tier-3,Own,Middle,Single,Love,0,24.0
28,61898,Private Job,Masters,Tier-2,Own,Upper-Middle,Single,Arranged,0,22.0
23,153127,Government Officer,PhD,Tier-2,Own,Upper-Middle,Single,Arranged,1,35.5
27,91149,Private Job,Bachelors,Tier-2,Rented,Upper-Middle,Single,Arranged,0,19.5
34,39616,Software Engineer,Masters,Tier-3,Rented,Upper,Single,Love,0,16.5
30,133253,Government Officer,PhD,Tier-2,Own,Middle,Married,Arranged,1,24.5
35,27114,Private Job,Diploma,Tier-2,Own,Middle,Divorced,Arranged,0,13.0
24,153167,Freelancer,Diploma,Tier-1,Own,Lower,Divorced,Arranged,0,19.5
35,26843,CA,PhD,Rural,Own,Lower,Single,Arranged,0,21.0
33,126731,Freelancer,Diploma,Rural,Own,Middle,Divorced,Arranged,0,15.0
36,147436,Business Owner,Masters,Tier-3,Own,Middle,Single,Arranged,0,26.0
31,61911,Private Job,Diploma,Tier-1,Own,Upper-Middle,Divorced,Love,0,14.0
26,162259,Government Officer,Diploma,Rural,Rented,Upper-Middle,Married,Arranged,1,18.0
25,177726,Government Officer,Bachelors,Tier-1,Own,Upper-Middle,Single,Love,1,33.5
24,153894,Software Engineer,Diploma,Tier-1,Own,Upper,Divorced,Arranged,0,22.5
33,97063,Business Owner,Diploma,Tier-1,Own,Upper-Middle,Single,Arranged,0,23.5
23,132448,Private Job,Bachelors,Tier-2,Own,Lower,Married,Arranged,0,14.5
29,109434,Private Job,Masters,Rural,Rented,Upper-Middle,Married,Love,0,7.0
37,95025,Business Owner,PhD,Rural,Rented,Middle,Divorced,Arranged,0,15.5
37,157130,Private Job,Masters,Tier-1,Own,Lower,Single,Arranged,0,27.5
31,76615,Doctor,PhD,Tier-1,Own,Middle,Single,Love,0,25.0
30,75106,Doctor,Masters,Tier-1,Rented,Lower,Divorced,Love,0,16.0
29,77732,CA,Bachelors,Tier-2,Own,Upper-Middle,Divorced,Arranged,0,18.5
33,108638,Government Officer,Diploma,Tier-3,Rented,Lower,Married,Love,1,14.0
40,77337,Government Officer,PhD,Tier-3,Rented,Upper,Single,Love,1,25.5
29,184364,Business Owner,PhD,Tier-2,Rented,Upper,Single,Arranged,0,27.0
28,114273,Government Officer,Bachelors,Tier-1,Rented,Upper-Middle,Single,Arranged,1,29.5
37,170229,Private Job,Diploma,Rural,Rented,Middle,Divorced,Love,0,13.5
29,181305,Software Engineer,PhD,Tier-3,Rented,Middle,Single,Arranged,0,27.0
29,186941,Private Job,Bachelors,Rural,Own,Middle,Divorced,Arranged,0,20.0
34,112711,CA,Bachelors,Tier-2,Own,Middle,Married,Arranged,0,15.5
24,45212,CA,Bachelors,Tier-3,Own,Lower,Married,Arranged,0,11.0
35,136230,Software Engineer,Masters,Tier-3,Rented,Upper-Middle,Married,Arranged,0,13.5
27,63091,Private Job,Bachelors,Tier-3,Rented,Upper-Middle,Single,Love,0,15.0
33,57540,CA,Diploma,Rural,Own,Lower,Divorced,Love,0,12.5
32,138257,Government Officer,Masters,Rural,Rented,Upper,Married,Love,1,16.5
36,66154,Doctor,Diploma,Rural,Rented,Middle,Divorced,Love,0,10.5
27,163603,Private Job,Diploma,Tier-3,Own,Middle,Single,Arranged,0,24.0
24,182135,Software Engineer,PhD,Rural,Own,Upper-Middle,Single,Arranged,0,29.0
30,177864,Government Officer,Diploma,Tier-1,Own,Upper,Married,Love,1,22.5
25,35018,Freelancer,Diploma,Tier-1,Own,Middle,Married,Arranged,0,8.5
37,60618,Private Job,Masters,Rural,Rented,Middle,Divorced,Love,0,10.0
32,75688,Doctor,Bachelors,Tier-3,Rented,Lower,Single,Love,0,18.0
28,114681,Business Owner,Bachelors,Tier-2,Own,Lower,Single,Love,0,22.5
34,36626,Government Officer,Bachelors,Rural,Own,Middle,Single,Arranged,1,25.5
28,166520,Business Owner,Masters,Rural,Own,Upper-Middle,Divorced,Arranged,0,21.0
23,107797,Business Owner,Bachelors,Tier-1,Own,Middle,Married,Arranged,0,15.0
34,128048,Doctor,Masters,Rural,Own,Lower,Married,Arranged,0,15.5
24,179696,Private Job,Diploma,Tier-3,Rented,Middle,Married,Arranged,0,11.5
37,156444,Government Officer,Bachelors,Tier-2,Rented,Upper-Middle,Married,Love,1,18.5
34,183854,Private Job,Bachelors,Rural,Own,Middle,Single,Love,0,23.0
38,51676,Doctor,Diploma,Tier-2,Rented,Lower,Single,Arranged,0,19.0
40,118652,Doctor,Diploma,Tier-2,Own,Upper,Single,Love,0,23.0
23,150863,Private Job,Masters,Tier-2,Rented,Upper,Divorced,Arranged,0,18.5
26,162234,Government Officer,Masters,Tier-1,Own,Middle,Single,Love,1,34.0
33,160792,Private Job,PhD,Tier-2,Rented,Upper,Divorced,Arranged,0,20.0
30,76541,Private Job,Bachelors,Tier-3,Own,Lower,Single,Arranged,0,20.5
29,90513,Doctor,Diploma,Tier-2,Own,Upper-Middle,Married,Arranged,0,14.0
33,165867,Government Officer,PhD,Rural,Rented,Lower,Single,Love,1,29.0
26,114642,Doctor,Diploma,Tier-2,Own,Middle,Married,Love,0,13.0
32,25412,Private Job,PhD,Tier-3,Own,Upper,Divorced,Love,0,13.0
40,195141,Government Officer,Masters,Tier-2,Own,Lower,Divorced,Arranged,1,31.5
38,100299,CA,Masters,Tier-3,Rented,Upper,Divorced,Arranged,0,17.0
32,70838,Government Officer,Diploma,Tier-3,Rented,Lower,Divorced,Arranged,1,19.5
37,152071,Freelancer,PhD,Rural,Rented,Upper-Middle,Divorced,Love,0,14.5
29,34559,Private Job,Bachelors,Tier-2,Rented,Upper-Middle,Single,Love,0,14.5
34,112117,Private Job,Masters,Tier-3,Rented,Lower,Divorced,Love,0,13.5
39,61855,Freelancer,Bachelors,Tier-1,Rented,Upper-Middle,Divorced,Arranged,0,13.0
28,138630,Doctor,Diploma,Tier-3,Own,Upper,Divorced,Arranged,0,20.0
38,33908,Government Officer,PhD,Rural,Own,Lower,Divorced,Arranged,1,22.5
30,44173,CA,Masters,Tier-2,Rented,Middle,Single,Arranged,0,20.0
35,155276,Freelancer,PhD,Tier-1,Rented,Middle,Married,Arranged,0,14.5
38,99471,Private Job,Bachelors,Tier-1,Own,Lower,Single,Arranged,0,23.5
36,176208,Private Job,Masters,Tier-3,Rented,Upper-Middle,Single,Arranged,0,23.5
22,196861,Private Job,Diploma,Tier-1,Rented,Lower,Married,Love,0,12.5
30,191010,Business Owner,Masters,Tier-2,Rented,Upper-Middle,Single,Arranged,0,26.5
37,121459,Government Officer,Diploma,Tier-1,Rented,Upper-Middle,Divorced,Arranged,1,24.0
25,149165,Private Job,Masters,Rural,Rented,Lower,Single,Love,0,19.0
25,114752,Private Job,PhD,Tier-2,Own,Lower,Divorced,Love,0,18.5
40,50771,CA,PhD,Tier-2,Rented,Upper-Middle,Divorced,Arranged,0,16.5
35,121177,Software Engineer,Diploma,Tier-2,Rented,Middle,Single,Arranged,0,22.0
31,58798,Software Engineer,Bachelors,Tier-3,Rented,Upper,Married,Arranged,0,8.5
31,129322,Software Engineer,PhD,Rural,Rented,Middle,Divorced,Arranged,0,18.0
34,94961,CA,Bachelors,Tier-2,Rented,Lower,Married,Arranged,0,11.5
26,31195,Doctor,Bachelors,Tier-1,Own,Middle,Divorced,Love,0,16.0
29,144681,Private Job,Diploma,Tier-1,Rented,Upper,Single,Arranged,0,22.0
28,73417,Private Job,Bachelors,Tier-2,Rented,Lower,Married,Arranged,0,8.5
35,45030,Business Owner,Masters,Tier-3,Own,Middle,Married,Arranged,0,11.0
23,43163,Freelancer,PhD,Tier-2,Own,Upper,Divorced,Love,0,14.0
24,61185,Software Engineer,Masters,Rural,Own,Upper,Single,Love,0,20.0
32,134333,Government Officer,Bachelors,Tier-1,Own,Middle,Single,Arranged,1,33.5
34,156583,Private Job,PhD,Tier-3,Own,Upper-Middle,Divorced,Arranged,0,21.5
27,142585,Government Officer,Masters,Tier-1,Rented,Lower,Single,Love,1,30.0
40,47342,Private Job,Masters,Tier-3,Own,Upper-Middle,Divorced,Arranged,0,15.0
29,163216,Freelancer,Bachelors,Tier-1,Rented,Upper-Middle,Divorced,Arranged,0,18.0
36,99623,Software Engineer,Bachelors,Tier-1,Own,Upper-Middle,Divorced,Arranged,0,20.5
31,88519,Doctor,Masters,Tier-1,Rented,Middle,Married,Arranged,0,13.5
31,87592,CA,PhD,Tier-2,Own,Lower,Divorced,Love,0,19.0
39,116073,Private Job,PhD,Tier-1,Own,Lower,Divorced,Arranged,0,21.5
23,42588,CA,PhD,Rural,Rented,Upper-Middle,Single,Love,0,17.0
39,64778,Software Engineer,Diploma,Rural,Rented,Upper-Middle,Married,Arranged,0,7.0
23,29579,CA,Masters,Tier-3,Rented,Upper,Married,Arranged,0,8.0
24,171876,Freelancer,Masters,Rural,Rented,Upper-Middle,Divorced,Love,0,14.5
39,119081,Business Owner,PhD,Tier-2,Rented,Middle,Divorced,Arranged,0,18.5
29,77342,Doctor,PhD,Tier-2,Rented,Upper-Middle,Married,Love,0,11.0
25,144746,Government Officer,Masters,Rural,Rented,Middle,Single,Love,1,27.0
28,135598,Freelancer,Bachelors,Tier-2,Own,Upper,Married,Arranged,0,13.5
23,131962,Freelancer,PhD,Tier-2,Own,Lower,Single,Arranged,0,25.5
29,196370,Freelancer,Diploma,Tier-1,Rented,Upper,Married,Love,0,11.5
40,111516,Freelancer,Masters,Tier-3,Rented,Middle,Single,Love,0,17.5
23,149283,Software Engineer,PhD,Rural,Own,Upper,Divorced,Arranged,0,22.0
36,147625,Business Owner,Bachelors,Tier-2,Rented,Lower,Married,Love,0,11.0
30,187410,CA,Diploma,Rural,Own,Upper-Middle,Divorced,Love,0,19.0
27,74788,Business Owner,Bachelors,Tier-3,Rented,Middle,Single,Arranged,0,18.5
28,169568,Business Owner,PhD,Tier-3,Own,Lower,Single,Arranged,0,28.0
30,52407,Software Engineer,Masters,Tier-2,Rented,Lower,Single,Love,0,18.5
37,88538,Business Owner,Diploma,Rural,Rented,Middle,Married,Arranged,0,7.0
27,131413,Software Engineer,Masters,Rural,Rented,Upper-Middle,Married,Love,0,10.5
22,47925,Business Owner,Diploma,Tier-1,Rented,Upper,Married,Arranged,0,8.0
25,57173,Government Officer,Diploma,Tier-3,Rented,Middle,Married,Love,1,11.5
29,31783,CA,PhD,Tier-3,Own,Upper-Middle,Divorced,Arranged,0,17.5
24,52870,CA,Bachelors,Tier-2,Rented,Upper-Middle,Single,Love,0,17.5
34,173441,Private Job,Masters,Rural,Rented,Lower,Divorced,Love,0,15.5
38,117282,Government Officer,Diploma,Tier-3,Own,Upper-Middle,Divorced,Love,1,22.5
24,95287,Government Officer,Masters,Tier-1,Rented,Lower,Married,Love,1,17.5
36,32738,CA,Bachelors,Tier-2,Own,Upper-Middle,Divorced,Arranged,0,16.5
27,34968,Freelancer,Bachelors,Tier-1,Own,Lower,Married,Love,0,7.5
34,27064,Software Engineer,PhD,Tier-3,Own,Lower,Single,Love,0,20.0
26,74747,Software Engineer,Masters,Tier-3,Own,Upper,Married,Love,0,11.5
25,80686,Business Owner,Bachelors,Tier-1,Own,Upper-Middle,Divorced,Love,0,17.0
29,196999,CA,PhD,Tier-2,Own,Lower,Married,Arranged,0,21.5
40,110748,Business Owner,Diploma,Tier-2,Rented,Middle,Single,Arranged,0,20.5
27,38364,Doctor,PhD,Tier-1,Rented,Upper,Divorced,Love,0,15.0
36,70912,Government Officer,Bachelors,Rural,Own,Upper-Middle,Single,Arranged,1,27.5
22,160292,Freelancer,Diploma,Tier-2,Rented,Upper-Middle,Single,Arranged,0,21.0
37,48503,Doctor,PhD,Tier-3,Own,Middle,Divorced,Arranged,0,18.5
26,142676,Software Engineer,Diploma,Tier-3,Rented,Upper,Single,Arranged,0,22.0
32,104497,Private Job,Diploma,Tier-1,Rented,Upper,Single,Arranged,0,20.0
30,126908,Government Officer,Bachelors,Tier-3,Own,Lower,Single,Love,1,29.0
32,93468,Government Officer,Bachelors,Tier-1,Rented,Upper,Divorced,Arranged,1,23.5
26,113050,Business Owner,Masters,Tier-3,Rented,Middle,Divorced,Love,0,14.5
40,74385,Software Engineer,PhD,Rural,Own,Lower,Married,Arranged,0,13.5
23,57589,CA,Diploma,Rural,Own,Middle,Divorced,Love,0,12.5
32,104841,Private Job,PhD,Rural,Rented,Middle,Single,Love,0,18.0
32,154614,Freelancer,PhD,Tier-2,Own,Upper-Middle,Married,Arranged,0,16.5
36,102396,Government Officer,Diploma,Tier-3,Rented,Upper,Married,Love,1,14.0
32,191266,Private Job,Masters,Tier-2,Rented,Upper,Single,Arranged,0,25.5
40,161979,Software Engineer,Masters,Tier-1,Own,Lower,Married,Arranged,0,20.0
36,87963,Software Engineer,Diploma,Rural,Rented,Upper-Middle,Married,Love,0,6.0
31,193016,Doctor,Diploma,Tier-3,Own,Middle,Single,Love,0,26.0
26,139926,Private Job,Masters,Tier-3,Own,Upper,Divorced,Arranged,0,19.5
35,40322,Government Officer,Diploma,Tier-2,Rented,Upper-Middle,Single,Arranged,1,24.0
34,149742,Business Owner,PhD,Tier-1,Own,Middle,Divorced,Arranged,0,24.0
26,72549,Government Officer,Diploma,Rural,Own,Lower,Single,Love,1,24.5
29,195286,Private Job,Bachelors,Rural,Own,Middle,Divorced,Love,0,18.5
34,44678,Doctor,Masters,Tier-3,Own,Upper,Married,Love,0,10.5
27,50971,Government Officer,Masters,Tier-3,Own,Lower,Divorced,Love,1,21.5
24,186298,CA,Bachelors,Tier-2,Own,Upper,Divorced,Love,0,22.0
32,161673,Software Engineer,PhD,Rural,Own,Middle,Single,Arranged,0,28.0
25,129240,Doctor,Bachelors,Tier-2,Rented,Lower,Single,Love,0,21.5
24,117571,Freelancer,Bachelors,Tier-2,Own,Upper,Married,Love,0,10.5
39,195782,CA,Bachelors,Tier-3,Own,Upper,Divorced,Love,0,21.5
23,122970,Business Owner,Diploma,Tier-1,Own,Middle,Single,Love,0,23.0
40,170269,Software Engineer,PhD,Tier-2,Own,Upper,Divorced,Love,0,23.5
22,87092,Government Officer,Masters,Tier-3,Own,Lower,Divorced,Love,1,23.0
27,107915,Business Owner,PhD,Tier-3,Own,Upper-Middle,Divorced,Arranged,0,20.0
36,154140,Freelancer,Diploma,Tier-3,Rented,Middle,Married,Arranged,0,9.5
27,137661,CA,PhD,Tier-3,Rented,Lower,Single,Arranged,0,24.5
22,182370,Freelancer,Masters,Tier-3,Own,Upper-Middle,Divorced,Love,0,19.0
39,119034,Private Job,Masters,Rural,Own,Upper-Middle,Married,Love,0,10.5
37,124424,Private Job,Bachelors,Tier-2,Own,Upper,Single,Arranged,0,24.0
30,100483,Doctor,Bachelors,Tier-3,Own,Upper,Divorced,Love,0,17.5
40,148996,Business Owner,Bachelors,Rural,Own,Middle,Single,Arranged,0,24.0
36,180815,Business Owner,Bachelors,Tier-3,Own,Upper,Divorced,Arranged,0,22.0
22,29047,Doctor,Bachelors,Tier-2,Own,Upper,Married,Love,0,9.5
31,143903,Freelancer,Bachelors,Rural,Rented,Middle,Divorced,Arranged,0,14.0
24,176007,Business Owner,Diploma,Rural,Own,Upper-Middle,Divorced,Arranged,0,19.5
29,180713,Software Engineer,Bachelors,Tier-2,Own,Upper,Single,Love,0,27.0
40,151090,CA,Diploma,Tier-3,Own,Middle,Single,Arranged,0,25.5
35,134537,Private Job,PhD,Tier-1,Own,Middle,Married,Arranged,0,17.5
38,62670,Government Officer,Bachelors,Tier-2,Rented,Upper,Single,Arranged,1,26.0
24,67810,CA,Masters,Tier-3,Rented,Middle,Single,Love,0,18.0
32,171150,Business Owner,Diploma,Rural,Own,Upper,Single,Love,0,22.5
37,132093,Business Owner,Bachelors,Tier-2,Rented,Upper-Middle,Single,Arranged,0,22.5
40,131552,Government Officer,Diploma,Tier-3,Rented,Upper-Middle,Divorced,Arranged,1,22.5
34,67576,Doctor,Bachelors,Tier-1,Rented,Middle,Married,Arranged,0,11.5
37,114884,Doctor,PhD,Tier-2,Own,Lower,Single,Arranged,0,28.0
34,58001,Business Owner,PhD,Rural,Own,Upper,Married,Arranged,0,11.5
31,177104,Doctor,PhD,Tier-3,Rented,Lower,Married,Love,0,15.0
40,109293,Private Job,PhD,Tier-3,Rented,Upper-Middle,Divorced,Arranged,0,16.0
32,29973,Doctor,PhD,Tier-3,Rented,Middle,Single,Love,0,17.5
38,105395,CA,Diploma,Tier-1,Rented,Middle,Single,Love,0,20.0
30,29144,Business Owner,Diploma,Tier-2,Own,Lower,Married,Arranged,0,9.0
32,33032,Private Job,PhD,Tier-1,Own,Upper-Middle,Married,Love,0,10.5
28,166737,Business Owner,PhD,Tier-1,Own,Upper,Divorced,Love,0,23.0
32,123582,Government Officer,Diploma,Rural,Rented,Middle,Single,Love,1,24.0
31,103548,CA,Diploma,Rural,Rented,Lower,Single,Love,0,17.0
24,121468,CA,Masters,Tier-2,Rented,Upper-Middle,Single,Love,0,22.0
38,84461,Doctor,Masters,Tier-1,Own,Upper-Middle,Divorced,Love,0,19.5
35,126992,Freelancer,Masters,Tier-3,Rented,Middle,Married,Arranged,0,10.0
25,180474,CA,Masters,Tier-1,Own,Upper,Divorced,Love,0,24.0
37,184308,Doctor,Bachelors,Tier-2,Rented,Lower,Single,Arranged,0,26.5
23,158884,Freelancer,Masters,Tier-3,Own,Upper-Middle,Divorced,Arranged,0,19.5
27,171815,Freelancer,PhD,Tier-1,Own,Lower,Divorced,Love,0,21.5
35,197643,Doctor,Bachelors,Rural,Rented,Lower,Divorced,Love,0,18.0
39,94949,Government Officer,Bachelors,Tier-1,Own,Lower,Married,Arranged,1,21.5
40,93895,Government Officer,Diploma,Tier-3,Own,Upper,Single,Arranged,1,28.5
22,137680,Freelancer,Masters,Tier-3,Rented,Upper,Single,Love,0,18.5
22,189015,Government Officer,PhD,Tier-3,Rented,Upper,Married,Arranged,1,23.0
40,50929,Software Engineer,Masters,Tier-3,Own,Middle,Married,Arranged,0,12.5
38,32572,Doctor,Bachelors,Tier-2,Own,Upper,Single,Arranged,0,22.0
34,94159,Doctor,PhD,Tier-3,Rented,Lower,Married,Arranged,0,13.0
26,21924,Freelancer,Bachelors,Tier-2,Rented,Lower,Single,Arranged,0,15.0
37,92338,Government Officer,Bachelors,Rural,Own,Upper-Middle,Single,Love,1,26.5
26,139971,Software Engineer,Masters,Rural,Own,Middle,Married,Love,0,13.5
40,177821,Government Officer,PhD,Tier-2,Rented,Middle,Divorced,Arranged,1,28.5
37,128199,Government Officer,Masters,Tier-1,Own,Lower,Married,Arranged,1,24.0
25,151877,Government Officer,Bachelors,Rural,Own,Upper-Middle,Divorced,Arranged,1,26.5
28,76484,Business Owner,PhD,Tier-3,Rented,Lower,Married,Arranged,0,10.5
36,40967,Doctor,Bachelors,Rural,Own,Middle,Divorced,Arranged,0,15.5
39,51065,Business Owner,PhD,Tier-2,Own,Upper-Middle,Divorced,Arranged,0,18.5
26,82990,Government Officer,Masters,Tier-1,Own,Middle,Married,Love,1,20.0
33,59299,Freelancer,PhD,Tier-3,Rented,Middle,Divorced,Love,0,10.5
35,123967,Private Job,PhD,Tier-3,Rented,Upper-Middle,Married,Love,0,10.0
34,151479,Software Engineer,Bachelors,Tier-1,Own,Upper,Married,Love,0,16.5
40,113691,Business Owner,PhD,Tier-1,Rented,Middle,Divorced,Love,0,17.5
38,47836,Business Owner,Bachelors,Tier-3,Own,Upper-Middle,Single,Love,0,18.0
38,86706,Doctor,Diploma,Rural,Rented,Upper,Single,Arranged,0,18.5
24,123853,Private Job,Diploma,Tier-3,Rented,Lower,Divorced,Arranged,0,14.0
31,59937,Government Officer,PhD,Tier-1,Rented,Lower,Divorced,Love,1,21.5
29,130531,Business Owner,Bachelors,Tier-3,Own,Upper-Middle,Single,Arranged,0,24.5
40,85725,Software Engineer,Bachelors,Tier-3,Rented,Upper,Married,Love,0,8.0
24,33415,Private Job,Masters,Tier-2,Rented,Lower,Married,Love,0,5.5
32,192096,Doctor,PhD,Tier-2,Own,Upper,Married,Arranged,0,22.0
28,122229,Business Owner,Masters,Tier-2,Own,Middle,Divorced,Love,0,19.0
25,133919,Government Officer,Masters,Tier-1,Own,Middle,Married,Love,1,22.5
27,40473,CA,Bachelors,Tier-2,Own,Upper-Middle,Married,Love,0,10.0
37,98921,Government Officer,PhD,Rural,Rented,Upper,Single,Arranged,1,27.5
36,145405,Freelancer,Diploma,Rural,Rented,Upper-Middle,Divorced,Love,0,11.0
36,146038,CA,PhD,Tier-2,Rented,Upper,Married,Love,0,14.0
25,129301,Government Officer,Masters,Tier-1,Rented,Lower,Married,Arranged,1,21.0
26,88253,Software Engineer,Masters,Tier-2,Rented,Middle,Married,Arranged,0,12.0
30,66356,Government Officer,Diploma,Rural,Rented,Lower,Married,Love,1,11.0
40,80537,Doctor,Bachelors,Tier-3,Rented,Lower,Married,Love,0,8.5
28,123920,Doctor,Bachelors,Tier-3,Own,Middle,Married,Love,0,13.5
23,84189,Freelancer,Bachelors,Tier-1,Own,Upper-Middle,Single,Love,0,20.0
31,138491,Freelancer,Masters,Rural,Own,Upper,Married,Arranged,0,12.5
28,156168,Business Owner,Bachelors,Tier-1,Rented,Upper-Middle,Single,Love,0,22.5
30,132857,Freelancer,Masters,Tier-3,Rented,Middle,Single,Love,0,18.5
29,118139,Government Officer,PhD,Tier-2,Own,Middle,Married,Love,1,21.5
32,141165,Private Job,Masters,Tier-3,Rented,Middle,Single,Love,0,20.0
22,191738,Government Officer,Diploma,Tier-3,Own,Upper-Middle,Married,Love,1,21.5
30,62945,Government Officer,Diploma,Tier-1,Own,Upper-Middle,Divorced,Love,1,22.0
30,79393,Doctor,Masters,Tier-1,Own,Upper-Middle,Divorced,Arranged,0,21.0
37,34948,Freelancer,Masters,Tier-2,Own,Upper,Single,Love,0,17.5
22,150390,Government Officer,Masters,Rural,Rented,Middle,Married,Arranged,1,19.5
22,173680,Doctor,Diploma,Rural,Rented,Upper,Divorced,Arranged,0,18.0
36,142221,Freelancer,PhD,Tier-3,Rented,Upper-Middle,Single,Arranged,0,22.0
31,151408,Private Job,PhD,Tier-2,Own,Upper,Divorced,Love,0,20.5
25,36696,Freelancer,Bachelors,Tier-2,Rented,Lower,Single,Arranged,0,15.5
22,94274,Government Officer,Masters,Tier-3,Rented,Upper,Single,Love,1,25.5
24,20632,Doctor,Diploma,Tier-1,Own,Upper-Middle,Married,Arranged,0,11.5
28,23334,Business Owner,PhD,Rural,Rented,Upper,Divorced,Arranged,0,12.0
32,115801,Doctor,Masters,Tier-1,Own,Upper-Middle,Married,Love,0,16.0
28,164969,Freelancer,PhD,Tier-3,Rented,Lower,Single,Love,0,21.0
37,173730,Government Officer,PhD,Tier-1,Rented,Lower,Divorced,Love,1,27.5
36,88966,Doctor,PhD,Tier-3,Own,Upper-Middle,Divorced,Love,0,18.5
40,179354,CA,Masters,Tier-2,Rented,Middle,Single,Arranged,0,26.5
30,118831,Business Owner,Masters,Tier-2,Own,Upper-Middle,Single,Love,0,23.5
23,76378,Software Engineer,Bachelors,Tier-1,Rented,Upper-Middle,Married,Love,0,9.5
29,148901,CA,Bachelors,Tier-2,Rented,Lower,Divorced,Arranged,0,19.0
40,178387,Government Officer,PhD,Tier-2,Rented,Middle,Divorced,Love,1,26.5
22,183239,CA,Masters,Tier-2,Rented,Upper-Middle,Single,Love,0,25.0
26,192456,Freelancer,Masters,Tier-2,Rented,Upper,Married,Arranged,0,14.5
38,159520,Software Engineer,Masters,Tier-3,Own,Upper,Divorced,Arranged,0,22.5
40,158394,CA,Bachelors,Rural,Own,Upper-Middle,Married,Love,0,13.5
37,180054,Doctor,Masters,Tier-2,Rented,Upper-Middle,Divorced,Love,0,20.5
31,41154,Freelancer,Bachelors,Tier-3,Rented,Upper,Married,Arranged,0,5.0
33,56213,Doctor,Bachelors,Tier-2,Own,Lower,Divorced,Arranged,0,18.0
33,145985,Software Engineer,PhD,Rural,Own,Upper-Middle,Married,Love,0,15.0
35,158987,Freelancer,PhD,Tier-1,Own,Upper-Middle,Single,Arranged,0,27.5
30,139774,Private Job,Diploma,Tier-3,Own,Lower,Married,Love,0,10.5
30,78389,Doctor,Bachelors,Rural,Rented,Upper-Middle,Divorced,Love,0,12.0
28,60184,Business Owner,PhD,Tier-2,Rented,Upper-Middle,Married,Arranged,0,11.0
24,120014,Business Owner,Diploma,Tier-1,Rented,Middle,Divorced,Love,0,15.0
22,191196,CA,PhD,Rural,Rented,Middle,Married,Love,0,14.5
34,104318,CA,PhD,Rural,Rented,Upper,Married,Arranged,0,12.0
33,47382,Software Engineer,Masters,Rural,Own,Upper-Middle,Married,Arranged,0,11.0
37,23093,Doctor,PhD,Tier-3,Own,Middle,Divorced,Arranged,0,17.5
40,133396,Business Owner,Diploma,Rural,Rented,Upper,Divorced,Love,0,12.5
38,112826,Government Officer,Masters,Tier-2,Own,Upper,Divorced,Arranged,1,27.5
36,84964,Government Officer,Diploma,Tier-3,Own,Middle,Divorced,Love,1,21.0
37,61703,Private Job,PhD,Tier-3,Rented,Upper-Middle,Single,Love,0,17.0
37,120305,Software Engineer,Diploma,Tier-2,Rented,Lower,Single,Love,0,20.0
22,84070,Business Owner,PhD,Tier-1,Rented,Lower,Married,Arranged,0,13.0
40,164889,Government Officer,PhD,Tier-2,Own,Lower,Single,Love,1,34.0
34,35318,Private Job,Bachelors,Tier-2,Rented,Upper,Divorced,Love,0,9.5
31,155403,Government Officer,Bachelors,Rural,Own,Upper,Single,Arranged,1,31.5
30,195257,Private Job,Masters,Tier-2,Own,Middle,Divorced,Arranged,0,23.5
38,46640,Private Job,Bachelors,Rural,Own,Lower,Divorced,Love,0,11.0
36,32709,Government Officer,Diploma,Tier-3,Rented,Upper,Single,Love,1,20.5
38,164832,Government Officer,Masters,Tier-2,Rented,Lower,Divorced,Love,1,25.0
22,136435,Freelancer,Masters,Tier-1,Rented,Upper-Middle,Married,Love,0,10.5
26,151322,Government Officer,Bachelors,Tier-2,Rented,Upper,Married,Arranged,1,20.5
32,50047,Doctor,Diploma,Tier-1,Rented,Middle,Single,Arranged,0,20.0
26,125596,Doctor,Diploma,Tier-1,Rented,Lower,Divorced,Love,0,16.5
36,117205,Software Engineer,Masters,Tier-1,Own,Upper-Middle,Married,Love,0,15.5
39,73392,Business Owner,PhD,Tier-2,Rented,Lower,Married,Love,0,9.5
29,185566,Private Job,Diploma,Tier-1,Rented,Lower,Single,Love,0,22.0
37,164105,Business Owner,Masters,Tier-2,Own,Middle,Single,Love,0,26.0
22,86518,Government Officer,Masters,Tier-2,Own,Upper-Middle,Divorced,Love,1,24.0
40,182024,Freelancer,Bachelors,Tier-1,Own,Upper-Middle,Divorced,Arranged,0,22.0
38,107652,Freelancer,Masters,Rural,Own,Upper,Divorced,Love,0,14.0
24,129692,Doctor,PhD,Tier-1,Rented,Lower,Married,Love,0,14.5
34,157960,Software Engineer,Diploma,Tier-3,Own,Upper,Divorced,Arranged,0,20.5
36,108467,Government Officer,Bachelors,Tier-3,Rented,Upper-Middle,Married,Love,1,15.0
39,152211,CA,PhD,Tier-2,Rented,Middle,Married,Love,0,14.5
27,96809,Software Engineer,Bachelors,Tier-1,Own,Lower,Married,Arranged,0,15.5
22,64274,Software Engineer,Bachelors,Tier-2,Own,Middle,Married,Arranged,0,13.0
34,44340,CA,Bachelors,Tier-1,Own,Middle,Divorced,Love,0,16.0
31,174937,Freelancer,Bachelors,Tier-1,Rented,Middle,Single,Arranged,0,23.5
30,133891,Software Engineer,Bachelors,Tier-1,Own,Upper,Divorced,Love,0,20.5
36,151552,CA,Masters,Tier-3,Rented,Upper,Married,Arranged,0,14.5
27,132211,Doctor,Masters,Rural,Rented,Upper,Single,Arranged,0,23.0
24,124702,Software Engineer,Diploma,Tier-1,Rented,Upper,Single,Love,0,21.0
37,23170,Doctor,Bachelors,Tier-1,Own,Upper-Middle,Married,Love,0,10.5
24,191521,CA,PhD,Tier-2,Rented,Upper-Middle,Divorced,Arranged,0,23.5
34,65242,Government Officer,Masters,Tier-1,Own,Middle,Divorced,Arranged,1,26.0
32,27144,CA,Masters,Tier-3,Rented,Upper-Middle,Married,Arranged,0,8.0
32,133829,Freelancer,Diploma,Tier-3,Rented,Upper,Single,Love,0,16.5
36,61149,Software Engineer,Masters,Tier-1,Rented,Upper,Single,Arranged,0,22.0
39,169355,CA,Bachelors,Rural,Rented,Upper-Middle,Married,Love,0,11.0
32,156865,Business Owner,Bachelors,Tier-3,Rented,Lower,Single,Arranged,0,22.5
39,29301,Private Job,Masters,Tier-2,Rented,Lower,Divorced,Arranged,0,12.0
32,180776,Freelancer,Bachelors,Rural,Rented,Lower,Single,Arranged,0,21.0
40,83477,CA,Bachelors,Tier-2,Rented,Middle,Divorced,Love,0,14.0
22,43928,CA,PhD,Rural,Rented,Upper,Divorced,Arranged,0,14.0
31,41266,Private Job,Masters,Tier-2,Own,Upper-Middle,Married,Arranged,0,11.0
35,47938,Government Officer,Bachelors,Tier-1,Own,Upper-Middle,Married,Arranged,1,19.0
24,49782,Doctor,Bachelors,Tier-1,Rented,Upper,Married,Arranged,0,10.5
36,92110,Freelancer,PhD,Tier-1,Own,Lower,Divorced,Arranged,0,19.5
32,90524,Government Officer,Bachelors,Tier-2,Own,Upper,Divorced,Arranged,1,25.5
26,78270,Business Owner,Bachelors,Tier-1,Rented,Middle,Single,Arranged,0,20.5
27,142713,Software Engineer,Masters,Tier-2,Own,Upper,Divorced,Love,0,21.0
32,105886,Doctor,Diploma,Tier-2,Rented,Upper,Divorced,Arranged,0,16.5
29,149043,Business Owner,PhD,Tier-1,Rented,Upper,Single,Arranged,0,26.0
25,119651,Software Engineer,Bachelors,Tier-1,Rented,Lower,Married,Arranged,0,13.5
25,190770,Private Job,Masters,Tier-2,Own,Middle,Single,Arranged,0,28.5
27,72024,Government Officer,Diploma,Tier-1,Own,Lower,Married,Love,1,17.5
34,189443,Business Owner,PhD,Tier-3,Rented,Upper-Middle,Single,Arranged,0,26.0
29,38488,Government Officer,PhD,Tier-2,Own,Upper,Divorced,Love,1,22.5
38,198729,Business Owner,Bachelors,Tier-3,Rented,Upper,Single,Love,0,22.5
26,189831,Software Engineer,Masters,Tier-3,Own,Middle,Divorced,Arranged,0,24.0
24,111580,Doctor,PhD,Rural,Rented,Middle,Divorced,Arranged,0,18.0
40,32958,Private Job,Bachelors,Rural,Rented,Lower,Divorced,Love,0,7.5
27,152425,Software Engineer,Bachelors,Tier-3,Own,Lower,Married,Love,0,14.5
30,58100,Software Engineer,Masters,Tier-3,Own,Upper,Married,Love,0,10.5
31,197281,Government Officer,Diploma,Rural,Rented,Upper-Middle,Divorced,Arranged,1,24.5
25,33081,Private Job,Masters,Tier-2,Rented,Lower,Divorced,Arranged,0,12.5
40,113743,CA,Masters,Tier-2,Own,Upper-Middle,Divorced,Arranged,0,21.5
31,95590,Business Owner,Masters,Rural,Own,Lower,Single,Love,0,20.5
30,27901,Doctor,PhD,Tier-1,Own,Upper,Married,Arranged,0,14.5
31,169755,Freelancer,Diploma,Rural,Own,Lower,Single,Love,0,20.0
25,149502,Private Job,Masters,Rural,Own,Lower,Single,Arranged,0,24.0
22,157144,Freelancer,Bachelors,Tier-1,Own,Upper,Single,Love,0,23.5
28,175409,Private Job,Bachelors,Tier-1,Rented,Upper-Middle,Divorced,Arranged,0,19.5
32,45293,Business Owner,Diploma,Tier-3,Rented,Middle,Single,Love,0,14.0
25,197669,Government Officer,Masters,Tier-1,Own,Upper,Divorced,Arranged,1,32.5
31,197627,Business Owner,Masters,Tier-2,Own,Upper,Single,Arranged,0,29.5
34,113701,CA,PhD,Rural,Own,Upper,Divorced,Arranged,0,20.5
34,111351,CA,Diploma,Tier-2,Rented,Middle,Single,Arranged,0,21.5
24,161869,CA,Diploma,Rural,Own,Upper,Married,Love,0,13.0
35,181982,Doctor,Bachelors,Rural,Own,Lower,Single,Arranged,0,27.5
37,129166,Government Officer,Bachelors,Tier-1,Own,Middle,Divorced,Love,1,26.0
31,66544,Freelancer,Masters,Tier-2,Rented,Lower,Married,Arranged,0,8.0
24,133893,Private Job,Masters,Rural,Rented,Upper,Married,Love,0,8.5
32,50345,Doctor,Masters,Rural,Rented,Upper,Single,Love,0,17.0
36,169535,Government Officer,Diploma,Tier-3,Rented,Middle,Single,Love,1,27.0
29,120041,CA,Masters,Tier-3,Rented,Upper-Middle,Married,Love,0,11.0
25,43429,Freelancer,Diploma,Rural,Rented,Upper,Married,Love,0,1.0
23,111650,Software Engineer,Diploma,Tier-2,Rented,Lower,Married,Arranged,0,11.5
24,64702,CA,Masters,Rural,Own,Upper,Single,Arranged,0,22.0
24,93303,Business Owner,Masters,Rural,Own,Lower,Married,Arranged,0,12.5
37,163087,Software Engineer,Bachelors,Rural,Rented,Upper-Middle,Married,Love,0,11.0
27,147066,Private Job,Bachelors,Tier-1,Rented,Middle,Single,Arranged,0,23.0
22,81165,Business Owner,Bachelors,Rural,Rented,Upper-Middle,Single,Arranged,0,18.0
36,50936,Business Owner,Bachelors,Tier-2,Rented,Upper,Married,Arranged,0,8.5
31,114970,CA,Diploma,Tier-1,Own,Lower,Divorced,Love,0,18.5
37,41496,Government Officer,PhD,Rural,Rented,Middle,Married,Love,1,13.0
27,20666,Government Officer,Bachelors,Rural,Own,Upper,Married,Arranged,1,15.0
22,161031,Business Owner,Diploma,Tier-1,Rented,Lower,Single,Love,0,22.0
39,46306,Government Officer,Masters,Rural,Own,Upper-Middle,Married,Love,1,15.0
33,138217,Private Job,Masters,Rural,Own,Upper,Married,Arranged,0,13.5
23,23237,Doctor,PhD,Tier-3,Rented,Upper,Divorced,Arranged,0,14.5
32,120695,Freelancer,Diploma,Tier-1,Own,Upper,Divorced,Arranged,0,18.0
39,100985,Freelancer,PhD,Tier-3,Own,Upper-Middle,Divorced,Arranged,0,18.0
24,174547,Software Engineer,Masters,Tier-2,Rented,Upper-Middle,Single,Love,0,24.5
26,41681,CA,Diploma,Tier-3,Rented,Lower,Divorced,Arranged,0,12.0
24,165600,Freelancer,PhD,Rural,Own,Lower,Single,Love,0,23.0
35,53302,Government Officer,Bachelors,Rural,Rented,Lower,Married,Arranged,1,13.5
25,165386,Doctor,PhD,Tier-3,Rented,Lower,Single,Love,0,24.5
30,154411,Freelancer,Diploma,Tier-1,Rented,Upper-Middle,Divorced,Arranged,0,16.5
29,121660,Doctor,Bachelors,Tier-1,Own,Upper-Middle,Single,Arranged,0,27.5
29,190036,Doctor,Diploma,Tier-1,Own,Upper,Single,Arranged,0,30.0
39,63235,Private Job,Bachelors,Tier-2,Own,Lower,Divorced,Arranged,0,16.0
35,43836,Freelancer,Diploma,Rural,Rented,Upper,Single,Love,0,11.0
35,141592,Doctor,Bachelors,Tier-2,Rented,Upper,Divorced,Arranged,0,19.5
34,171604,Freelancer,Bachelors,Tier-3,Own,Lower,Married,Love,0,12.5
36,179070,Freelancer,Bachelors,Tier-3,Rented,Upper,Divorced,Love,0,14.5
38,145813,Doctor,Diploma,Rural,Own,Upper,Single,Love,0,22.5
29,103536,Freelancer,Diploma,Rural,Rented,Upper-Middle,Married,Arranged,0,6.0
23,114572,Government Officer,Bachelors,Rural,Own,Upper-Middle,Married,Love,1,17.5
34,85134,Business Owner,Masters,Tier-3,Rented,Upper,Single,Love,0,18.0
31,69741,Private Job,PhD,Tier-3,Rented,Middle,Single,Love,0,17.0
31,153306,Doctor,Masters,Rural,Own,Upper,Married,Love,0,15.0
34,177945,Business Owner,PhD,Tier-1,Own,Lower,Divorced,Love,0,23.5
39,41732,Freelancer,PhD,Tier-2,Rented,Upper-Middle,Single,Love,0,16.0
33,76247,Government Officer,PhD,Rural,Rented,Upper-Middle,Divorced,Arranged,1,21.5
22,49289,CA,Masters,Tier-3,Own,Upper,Married,Love,0,10.0
28,169458,Government Officer,PhD,Tier-2,Rented,Middle,Single,Arranged,1,33.0
29,111963,Business Owner,Bachelors,Tier-2,Own,Upper,Divorced,Love,0,17.5
35,108800,Freelancer,Bachelors,Tier-3,Own,Upper,Single,Arranged,0,21.0
34,84260,Doctor,Diploma,Tier-3,Own,Upper-Middle,Married,Love,0,10.5
26,126234,CA,Masters,Tier-2,Own,Lower,Single,Love,0,25.0
24,165729,Doctor,Masters,Tier-1,Own,Middle,Married,Love,0,18.5
39,181923,Private Job,PhD,Rural,Own,Middle,Divorced,Love,0,20.0
26,123461,Freelancer,PhD,Tier-1,Own,Upper-Middle,Single,Arranged,0,26.0
23,152191,Freelancer,PhD,Rural,Rented,Upper,Single,Love,0,19.5
33,197210,Software Engineer,Bachelors,Tier-1,Own,Lower,Divorced,Love,0,23.5
35,136004,Software Engineer,Bachelors,Rural,Own,Upper,Single,Arranged,0,24.5
33,27443,Business Owner,Masters,Tier-2,Rented,Upper,Single,Arranged,0,18.0
23,112111,Private Job,PhD,Rural,Rented,Middle,Single,Love,0,18.5
34,93303,Freelancer,Diploma,Tier-2,Rented,Lower,Married,Arranged,0,7.5
22,62317,Government Officer,PhD,Tier-2,Rented,Lower,Single,Love,1,26.0
26,126391,Freelancer,Bachelors,Tier-2,Rented,Middle,Single,Arranged,0,20.0
32,133006,CA,PhD,Tier-3,Rented,Upper,Single,Love,0,22.5
23,64253,Government Officer,PhD,Tier-3,Own,Middle,Divorced,Arranged,1,25.0
38,32700,Government Officer,PhD,Rural,Rented,Upper,Married,Love,1,12.5
38,105930,Business Owner,Diploma,Tier-1,Own,Upper-Middle,Single,Love,0,22.0
26,177558,Private Job,Bachelors,Tier-1,Rented,Middle,Divorced,Love,0,17.5
34,127492,Freelancer,Diploma,Tier-1,Rented,Lower,Divorced,Arranged,0,15.0
25,148827,Freelancer,Bachelors,Rural,Own,Middle,Single,Arranged,0,22.0
23,110127,Doctor,Diploma,Tier-1,Rented,Middle,Divorced,Arranged,0,18.0
26,157939,CA,PhD,Rural,Own,Upper,Single,Love,0,25.5
26,171888,Business Owner,Bachelors,Tier-3,Own,Lower,Married,Arranged,0,16.5
28,101603,Private Job,Bachelors,Tier-2,Rented,Upper,Single,Love,0,18.0
26,20160,Doctor,Masters,Tier-3,Own,Upper,Divorced,Arranged,0,16.5
29,35151,Private Job,Masters,Rural,Own,Lower,Married,Love,0,6.5
29,37861,Doctor,Masters,Tier-3,Own,Upper-Middle,Single,Arranged,0,22.0
27,122671,Software Engineer,PhD,Rural,Own,Upper-Middle,Single,Love,0,24.0
38,175728,Freelancer,PhD,Rural,Own,Middle,Single,Love,0,23.5
32,144090,Private Job,PhD,Tier-2,Rented,Upper-Middle,Divorced,Love,0,17.0
35,137861,CA,Diploma,Tier-3,Own,Middle,Divorced,Arranged,0,19.5
34,20037,CA,Masters,Tier-3,Own,Upper,Single,Love,0,19.0
30,132766,CA,Bachelors,Tier-2,Rented,Middle,Married,Love,0,11.5
33,62554,Business Owner,Bachelors,Rural,Rented,Middle,Married,Arranged,0,7.0
23,106925,Government Officer,Masters,Tier-2,Rented,Lower,Single,Love,1,27.0
33,54204,Freelancer,Bachelors,Tier-1,Rented,Upper,Divorced,Love,0,10.5
30,178385,Private Job,PhD,Rural,Own,Upper,Divorced,Love,0,19.5
23,127246,Software Engineer,Masters,Tier-1,Rented,Upper,Married,Love,0,13.0
32,61635,Private Job,PhD,Tier-1,Own,Upper-Middle,Divorced,Arranged,0,19.0
37,154150,Private Job,Diploma,Tier-3,Own,Lower,Married,Arranged,0,13.5
33,145473,CA,Bachelors,Tier-3,Own,Lower,Divorced,Arranged,0,21.0
31,64197,Private Job,Masters,Tier-2,Own,Upper,Single,Love,0,20.0
40,183855,Software Engineer,PhD,Rural,Rented,Upper,Single,Love,0,24.0
23,156496,Private Job,Bachelors,Tier-2,Rented,Upper,Married,Arranged,0,12.5
33,62070,Private Job,Masters,Tier-1,Rented,Upper-Middle,Single,Love,0,18.0
40,35959,Private Job,Bachelors,Tier-3,Rented,Upper-Middle,Married,Arranged,0,5.5
23,116048,Software Engineer,Diploma,Tier-1,Own,Middle,Single,Arranged,0,25.5
34,101848,Business Owner,Masters,Tier-2,Rented,Lower,Single,Arranged,0,22.0
25,73682,Business Owner,Masters,Tier-1,Own,Upper-Middle,Married,Arranged,0,14.5
25,144700,Private Job,Bachelors,Rural,Own,Lower,Single,Love,0,21.0
31,23529,Freelancer,Bachelors,Tier-3,Own,Middle,Single,Love,0,15.0
31,39200,Private Job,PhD,Tier-1,Rented,Lower,Married,Arranged,0,9.5
40,56900,Software Engineer,Diploma,Tier-1,Rented,Lower,Divorced,Love,0,12.5
22,75196,Doctor,Bachelors,Tier-1,Rented,Lower,Single,Love,0,20.0
29,101060,Doctor,PhD,Rural,Own,Upper-Middle,Married,Love,0,13.5
29,93270,Government Officer,PhD,Rural,Own,Upper,Single,Arranged,1,30.5
40,41437,Private Job,Bachelors,Rural,Rented,Middle,Married,Love,0,3.0
27,128819,Software Engineer,Bachelors,Rural,Rented,Upper-Middle,Married,Arranged,0,11.0
36,64690,CA,Masters,Tier-2,Rented,Middle,Single,Love,0,19.0
31,193948,Government Officer,Bachelors,Tier-3,Own,Lower,Married,Love,1,22.5
23,174660,Private Job,Masters,Rural,Rented,Upper,Single,Arranged,0,22.5
25,39860,Software Engineer,Masters,Tier-2,Own,Middle,Divorced,Arranged,0,17.5
40,87901,Doctor,Diploma,Tier-1,Rented,Lower,Single,Love,0,19.5
33,99736,Freelancer,Bachelors,Tier-3,Rented,Upper,Single,Arranged,0,17.5
40,144377,Private Job,PhD,Tier-2,Rented,Lower,Married,Love,0,12.0
40,171670,Business Owner,PhD,Rural,Own,Lower,Divorced,Arranged,0,22.5
29,156595,Freelancer,Bachelors,Tier-1,Own,Lower,Married,Arranged,0,15.5
38,120756,Government Officer,Masters,Tier-3,Rented,Middle,Divorced,Arranged,1,24.0
25,128019,CA,Diploma,Tier-2,Own,Lower,Married,Love,0,13.0
22,115264,Software Engineer,Diploma,Tier-1,Rented,Upper,Single,Arranged,0,22.5
37,103057,Private Job,Masters,Tier-2,Own,Upper,Divorced,Love,0,17.0
35,42013,Freelancer,Bachelors,Tier-3,Rented,Lower,Single,Love,0,13.0
34,135836,Government Officer,PhD,Tier-2,Rented,Lower,Divorced,Love,1,24.5
34,104525,Software Engineer,Bachelors,Tier-2,Rented,Lower,Married,Arranged,0,12.0
35,56680,Business Owner,Masters,Rural,Own,Upper,Divorced,Arranged,0,15.5
36,38891,Freelancer,Bachelors,Rural,Rented,Middle,Divorced,Arranged,0,8.5
40,165012,Government Officer,PhD,Rural,Rented,Upper-Middle,Single,Arranged,1,31.0
38,79897,Doctor,PhD,Tier-1,Own,Upper-Middle,Married,Arranged,0,17.0
26,147958,Doctor,PhD,Tier-1,Own,Upper,Divorced,Love,0,23.5
37,169627,Business Owner,Diploma,Tier-2,Own,Upper,Married,Arranged,0,16.0
32,93287,Doctor,Masters,Tier-1,Rented,Upper-Middle,Married,Arranged,0,14.0
37,126941,Doctor,Masters,Tier-2,Rented,Middle,Divorced,Arranged,0,19.5
37,108551,Business Owner,Bachelors,Tier-2,Rented,Middle,Married,Love,0,9.0
32,120393,Software Engineer,PhD,Tier-1,Own,Upper-Middle,Single,Love,0,27.0
36,38180,Private Job,Bachelors,Tier-2,Own,Upper,Married,Love,0,7.5
22,178809,Software Engineer,Masters,Rural,Own,Middle,Married,Arranged,0,17.5
31,57222,Doctor,Bachelors,Rural,Own,Upper-Middle,Single,Love,0,19.0
29,131505,Government Officer,Masters,Tier-2,Rented,Upper,Divorced,Love,1,23.5
31,149901,CA,PhD,Tier-1,Rented,Upper,Divorced,Arranged,0,22.0
29,103477,CA,Diploma,Tier-3,Rented,Middle,Married,Love,0,8.0
32,89370,Doctor,Masters,Tier-1,Rented,Middle,Single,Love,0,21.5
39,82657,Private Job,Diploma,Tier-2,Own,Upper-Middle,Married,Arranged,0,11.0
27,79147,Private Job,Diploma,Rural,Own,Middle,Divorced,Love,0,11.5
25,84572,Freelancer,Diploma,Tier-1,Own,Upper-Middle,Single,Love,0,19.0
32,25681,CA,Masters,Tier-1,Own,Upper-Middle,Divorced,Love,0,16.0
22,75418,Freelancer,PhD,Tier-2,Rented,Lower,Divorced,Arranged,0,14.5
40,195608,Freelancer,PhD,Tier-2,Rented,Upper,Single,Arranged,0,25.5
32,155123,Private Job,Diploma,Tier-2,Own,Upper,Married,Love,0,12.5
31,121313,CA,Diploma,Tier-1,Rented,Middle,Married,Love,0,11.0
36,142643,Private Job,Diploma,Tier-3,Rented,Middle,Single,Arranged,0,20.0
39,185836,Private Job,Diploma,Tier-3,Rented,Middle,Single,Love,0,20.0
37,122173,Business Owner,Diploma,Tier-1,Rented,Middle,Single,Arranged,0,22.0
33,107862,Freelancer,PhD,Rural,Rented,Middle,Married,Love,0,7.0
25,70610,Doctor,Bachelors,Tier-1,Own,Upper-Middle,Divorced,Arranged,0,20.0
25,56673,Business Owner,Bachelors,Tier-2,Own,Middle,Divorced,Love,0,14.5
25,192836,Freelancer,PhD,Tier-1,Own,Middle,Married,Arranged,0,19.5
33,86236,Private Job,PhD,Tier-2,Rented,Lower,Single,Love,0,19.0
23,25282,Government Officer,Diploma,Tier-2,Rented,Middle,Single,Love,1,21.0
22,54638,Government Officer,Bachelors,Rural,Own,Upper-Middle,Divorced,Arranged,1,21.5
23,177473,Private Job,Masters,Tier-3,Rented,Lower,Married,Arranged,0,13.5
23,122760,CA,Bachelors,Rural,Rented,Upper,Divorced,Love,0,14.0
28,24967,Business Owner,Masters,Tier-1,Own,Middle,Divorced,Arranged,0,17.0
24,177294,Software Engineer,Diploma,Tier-1,Rented,Upper-Middle,Married,Arranged,0,15.5
29,122236,CA,PhD,Tier-3,Own,Upper,Divorced,Love,0,20.0
22,120550,Freelancer,PhD,Rural,Rented,Lower,Married,Love,0,8.0
32,137825,Freelancer,PhD,Tier-2,Own,Upper,Married,Arranged,0,15.5
24,134718,Business Owner,Bachelors,Rural,Own,Middle,Divorced,Arranged,0,18.5
23,33384,Business Owner,Bachelors,Rural,Own,Upper-Middle,Divorced,Love,0,11.5
29,173127,CA,Masters,Rural,Rented,Middle,Married,Arranged,0,14.5
37,57671,CA,Masters,Tier-3,Own,Lower,Single,Arranged,0,22.5
38,147385,CA,Masters,Rural,Own,Upper-Middle,Married,Love,0,14.0
27,76175,Government Officer,Bachelors,Tier-2,Rented,Upper,Married,Love,1,14.5
30,116602,CA,Diploma,Rural,Own,Upper,Divorced,Arranged,0,17.5
38,177701,CA,Diploma,Tier-3,Own,Upper,Single,Arranged,0,26.5
33,101648,Government Officer,Masters,Tier-2,Own,Middle,Single,Love,1,30.0
37,41588,CA,Diploma,Tier-2,Own,Upper-Middle,Married,Love,0,9.0
25,88031,Government Officer,Bachelors,Tier-3,Own,Upper-Middle,Single,Arranged,1,29.0
24,194880,Software Engineer,Diploma,Tier-3,Own,Upper,Single,Love,0,25.5
31,118120,Software Engineer,Diploma,Rural,Rented,Upper-Middle,Divorced,Love,0,12.5
31,160691,Private Job,PhD,Tier-1,Rented,Lower,Divorced,Love,0,19.0
33,177068,Government Officer,PhD,Tier-3,Own,Lower,Married,Love,1,23.5
25,39898,Government Officer,Bachelors,Tier-3,Rented,Upper-Middle,Single,Arranged,1,23.5
29,41890,Government Officer,PhD,Tier-1,Own,Lower,Married,Arranged,1,21.0
39,194359,Business Owner,PhD,Rural,Own,Middle,Divorced,Love,0,21.5
33,33773,CA,PhD,Tier-3,Own,Middle,Single,Love,0,20.5
40,176791,CA,Bachelors,Tier-1,Own,Upper,Divorced,Arranged,0,24.5
25,112352,CA,Bachelors,Tier-1,Rented,Upper,Single,Love,0,21.5
30,69755,Government Officer,PhD,Rural,Own,Lower,Divorced,Arranged,1,24.0
31,41181,Doctor,Bachelors,Tier-1,Own,Upper-Middle,Divorced,Arranged,0,18.5
31,49936,Business Owner,Bachelors,Tier-2,Rented,Middle,Divorced,Love,0,11.0
23,120607,Private Job,Masters,Tier-3,Own,Middle,Married,Love,0,12.0
30,166197,Doctor,Bachelors,Tier-1,Own,Upper,Single,Love,0,27.5
29,33685,Private Job,Masters,Tier-1,Own,Lower,Divorced,Arranged,0,16.5
26,179256,Government Officer,Diploma,Tier-3,Own,Upper-Middle,Divorced,Love,1,25.5
26,45771,CA,Diploma,Rural,Rented,Middle,Married,Arranged,0,6.0
31,171811,Software Engineer,PhD,Tier-2,Rented,Upper,Divorced,Love,0,20.5
27,74485,Government Officer,Masters,Rural,Own,Upper,Married,Arranged,1,18.5
26,98750,Business Owner,PhD,Rural,Rented,Upper,Single,Love,0,18.5
36,94090,Private Job,Masters,Tier-1,Own,Middle,Married,Arranged,0,14.5
30,148063,CA,Masters,Tier-1,Rented,Middle,Single,Love,0,24.0
36,42224,Freelancer,Masters,Tier-3,Rented,Lower,Married,Arranged,0,6.0
24,142937,Freelancer,PhD,Rural,Own,Upper,Married,Love,0,12.0
24,23254,Business Owner,Diploma,Rural,Own,Upper-Middle,Married,Love,0,5.0
36,67876,Doctor,Bachelors,Rural,Rented,Middle,Single,Love,0,16.5
37,112252,Private Job,Masters,Rural,Rented,Lower,Divorced,Love,0,12.5
37,89099,Freelancer,Bachelors,Tier-3,Rented,Upper,Single,Love,0,15.0
23,32903,Doctor,Bachelors,Rural,Rented,Middle,Single,Arranged,0,17.0
33,196806,Doctor,PhD,Tier-1,Rented,Lower,Married,Arranged,0,20.0
23,20422,Doctor,Masters,Tier-1,Own,Lower,Divorced,Arranged,0,18.5
31,173499,CA,Masters,Rural,Own,Middle,Married,Love,0,15.5
33,108185,CA,Masters,Tier-1,Own,Middle,Single,Love,0,25.0
31,118902,Freelancer,Bachelors,Tier-2,Own,Upper-Middle,Single,Love,0,20.5
34,191791,Doctor,PhD,Tier-3,Rented,Middle,Single,Love,0,26.0
27,95346,Business Owner,PhD,Tier-3,Rented,Upper,Married,Love,0,9.5
23,63030,Software Engineer,Diploma,Rural,Rented,Middle,Married,Love,0,5.0
34,161838,CA,Masters,Rural,Own,Upper-Middle,Divorced,Arranged,0,22.0
24,66696,Business Owner,Bachelors,Tier-3,Own,Middle,Married,Arranged,0,11.0
24,50379,Software Engineer,Diploma,Tier-2,Own,Upper-Middle,Divorced,Arranged,0,16.5
39,37035,Government Officer,PhD,Tier-3,Rented,Upper-Middle,Married,Arranged,1,15.5
34,127702,Freelancer,Diploma,Tier-1,Rented,Upper-Middle,Divorced,Love,0,13.0
29,88333,Private Job,Bachelors,Tier-3,Rented,Lower,Single,Love,0,16.0
27,109936,Software Engineer,Diploma,Tier-3,Rented,Upper,Married,Arranged,0,10.0
26,75235,Government Officer,Diploma,Tier-3,Own,Lower,Single,Arranged,1,27.5
37,171689,Government Officer,Masters,Rural,Own,Lower,Single,Arranged,1,33.5
37,84570,Business Owner,Diploma,Tier-2,Rented,Lower,Married,Love,0,7.0
28,158720,Doctor,Diploma,Tier-3,Own,Middle,Divorced,Arranged,0,21.0
29,45099,Software Engineer,Bachelors,Tier-1,Rented,Middle,Divorced,Arranged,0,15.0
30,120377,CA,Bachelors,Tier-2,Rented,Middle,Single,Arranged,0,23.0
30,187757,Software Engineer,PhD,Rural,Rented,Upper-Middle,Single,Love,0,24.0
26,96685,Private Job,Bachelors,Tier-1,Rented,Upper,Divorced,Arranged,0,15.5
36,56653,CA,Diploma,Tier-1,Rented,Lower,Divorced,Love,0,12.5
29,68794,Doctor,Bachelors,Tier-2,Rented,Upper,Married,Love,0,8.5
25,100795,Business Owner,Bachelors,Rural,Rented,Middle,Married,Arranged,0,9.0
34,196835,Government Officer,PhD,Tier-3,Own,Middle,Single,Arranged,1,36.5
36,177181,CA,Diploma,Tier-1,Own,Middle,Single,Arranged,0,28.5
33,52516,CA,Masters,Tier-3,Own,Lower,Married,Arranged,0,12.5
23,140358,Software Engineer,PhD,Tier-1,Rented,Middle,Married,Love,0,15.0
36,45154,Doctor,Masters,Rural,Own,Lower,Divorced,Arranged,0,16.5
27,131009,Government Officer,Bachelors,Tier-3,Rented,Middle,Single,Arranged,1,28.5
33,127233,Private Job,Bachelors,Tier-1,Own,Upper,Divorced,Arranged,0,20.0
29,138917,Freelancer,Bachelors,Rural,Rented,Upper,Single,Arranged,0,18.5
34,193584,Business Owner,PhD,Tier-1,Own,Middle,Divorced,Love,0,24.5
32,99677,Business Owner,Diploma,Rural,Own,Lower,Single,Arranged,0,20.5
30,22258,Business Owner,PhD,Tier-3,Own,Middle,Married,Love,0,9.0
27,71433,Private Job,Bachelors,Tier-2,Own,Lower,Single,Arranged,0,21.5
24,46010,Private Job,Diploma,Rural,Own,Upper,Married,Arranged,0,7.0
33,165654,Freelancer,Masters,Tier-2,Own,Lower,Divorced,Love,0,19.0
30,23762,Freelancer,Diploma,Tier-3,Rented,Lower,Divorced,Love,0,6.0
23,24012,Software Engineer,Bachelors,Tier-3,Rented,Upper-Middle,Divorced,Love,0,10.0
33,124084,CA,Masters,Tier-1,Rented,Upper-Middle,Divorced,Love,0,18.0
28,154397,CA,Masters,Rural,Own,Lower,Single,Love,0,24.5
32,170570,Doctor,Masters,Tier-1,Own,Lower,Married,Love,0,19.0
37,129777,Freelancer,Diploma,Rural,Own,Upper,Divorced,Arranged,0,15.0
35,89187,CA,Masters,Rural,Own,Upper-Middle,Single,Love,0,21.0
23,184944,Doctor,Masters,Tier-2,Rented,Upper-Middle,Married,Arranged,0,17.5
25,91604,Private Job,Diploma,Tier-2,Rented,Middle,Single,Arranged,0,18.5
38,72747,Private Job,PhD,Tier-1,Rented,Upper,Married,Love,0,9.5
23,168986,Doctor,Bachelors,Tier-3,Rented,Upper-Middle,Divorced,Arranged,0,19.5
25,100849,Software Engineer,PhD,Tier-1,Own,Lower,Divorced,Arranged,0,23.0
32,119167,Business Owner,Masters,Tier-2,Own,Lower,Married,Love,0,13.5
24,188041,Freelancer,Bachelors,Tier-1,Own,Upper-Middle,Divorced,Love,0,20.0
27,26470,Doctor,Bachelors,Tier-1,Own,Upper-Middle,Divorced,Arranged,0,17.5
38,57785,Private Job,Diploma,Tier-3,Rented,Lower,Married,Love,0,3.5
26,41861,CA,Bachelors,Tier-1,Rented,Middle,Divorced,Love,0,13.0
38,186616,Business Owner,Diploma,Tier-1,Own,Upper,Married,Love,0,16.0
38,141902,Freelancer,Masters,Rural,Rented,Upper-Middle,Single,Love,0,18.0
31,44932,Private Job,Bachelors,Tier-2,Own,Lower,Married,Love,0,8.0
25,54350,Business Owner,PhD,Tier-1,Own,Middle,Divorced,Love,0,17.5
31,28668,Freelancer,Masters,Tier-3,Own,Upper,Married,Arranged,0,8.0
36,129839,Freelancer,Bachelors,Tier-3,Own,Upper,Married,Arranged,0,12.0
26,68662,Private Job,Bachelors,Rural,Own,Lower,Divorced,Arranged,0,14.0
35,109371,Government Officer,PhD,Tier-1,Rented,Middle,Married,Love,1,19.0
39,108575,Business Owner,Masters,Tier-3,Own,Upper,Single,Arranged,0,24.0
27,193375,Business Owner,Masters,Tier-3,Rented,Middle,Married,Love,0,13.5
23,121978,Freelancer,Diploma,Tier-2,Own,Upper-Middle,Divorced,Love,0,15.0
24,89393,Government Officer,Bachelors,Tier-3,Own,Upper,Single,Love,1,27.0
30,78442,CA,Diploma,Rural,Rented,Upper-Middle,Single,Arranged,0,17.5
35,151389,Doctor,Diploma,Tier-2,Rented,Upper,Divorced,Love,0,17.0
30,97963,Software Engineer,Bachelors,Tier-2,Rented,Middle,Divorced,Love,0,14.5
24,87141,Doctor,Bachelors,Tier-1,Rented,Upper-Middle,Divorced,Love,0,15.5
27,197648,Business Owner,Diploma,Tier-2,Own,Upper,Married,Arranged,0,17.5
36,166782,Government Officer,Diploma,Tier-2,Rented,Upper-Middle,Married,Love,1,18.0
29,46410,Government Officer,Diploma,Tier-1,Own,Middle,Married,Love,1,16.0
35,23130,Freelancer,PhD,Rural,Rented,Upper-Middle,Married,Arranged,0,5.0
31,153441,Doctor,PhD,Rural,Rented,Upper-Middle,Single,Love,0,23.0
35,181080,Business Owner,Bachelors,Tier-2,Rented,Upper,Divorced,Love,0,18.0
36,44865,Doctor,Diploma,Tier-2,Rented,Middle,Single,Arranged,0,18.5
27,139003,Business Owner,Diploma,Tier-2,Rented,Middle,Divorced,Love,0,14.5
30,161748,Doctor,Masters,Tier-2,Rented,Middle,Married,Arranged,0,16.5
29,120537,Government Officer,Diploma,Rural,Rented,Upper-Middle,Divorced,Arranged,1,21.0
24,116823,Doctor,Diploma,Rural,Own,Middle,Married,Love,0,11.0
36,88931,Business Owner,PhD,Tier-2,Own,Middle,Married,Arranged,0,15.0
40,32988,Government Officer,Masters,Tier-3,Rented,Upper-Middle,Married,Arranged,1,14.5
26,125366,CA,Bachelors,Tier-1,Own,Lower,Married,Arranged,0,17.0
22,57314,Business Owner,Diploma,Tier-2,Rented,Upper,Single,Arranged,0,17.5
28,26733,Private Job,Bachelors,Tier-3,Rented,Upper-Middle,Married,Love,0,3.0
29,65799,Private Job,Masters,Tier-2,Rented,Upper-Middle,Divorced,Love,0,12.0
36,88263,Software Engineer,Bachelors,Rural,Rented,Lower,Married,Arranged,0,9.0
38,28736,Doctor,Bachelors,Tier-2,Rented,Upper,Single,Arranged,0,18.5
23,133985,Freelancer,Bachelors,Tier-2,Rented,Lower,Single,Arranged,0,20.5
24,134582,Software Engineer,Masters,Rural,Rented,Middle,Married,Arranged,0,12.5
27,86126,Government Officer,PhD,Tier-3,Rented,Upper,Divorced,Arranged,1,23.0
38,51477,CA,Masters,Rural,Rented,Lower,Single,Arranged,0,18.5
24,70611,Freelancer,Bachelors,Tier-3,Rented,Upper,Divorced,Love,0,9.5
37,50608,Government Officer,Bachelors,Tier-2,Rented,Upper-Middle,Divorced,Arranged,1,20.5
39,46255,Freelancer,Bachelors,Rural,Own,Upper,Married,Arranged,0,7.0
36,196025,Private Job,Diploma,Tier-2,Own,Upper-Middle,Single,Love,0,24.5
32,196087,Freelancer,PhD,Tier-3,Rented,Upper-Middle,Divorced,Arranged,0,19.5
26,88200,Business Owner,Diploma,Rural,Rented,Upper-Middle,Married,Arranged,0,7.0
37,61592,Freelancer,PhD,Tier-3,Rented,Lower,Single,Arranged,0,18.0
25,40011,CA,Diploma,Tier-2,Own,Upper-Middle,Single,Arranged,0,21.0
36,57906,Software Engineer,Bachelors,Tier-1,Own,Lower,Divorced,Love,0,16.5
37,85631,Doctor,Diploma,Tier-1,Rented,Upper-Middle,Married,Arranged,0,11.5
32,160752,Government Officer,PhD,Tier-2,Rented,Upper-Middle,Married,Arranged,1,23.0
26,132591,Business Owner,Diploma,Tier-2,Own,Middle,Divorced,Love,0,17.5
29,21444,Doctor,Masters,Tier-2,Rented,Upper,Divorced,Love,0,12.5
38,92860,Private Job,Diploma,Rural,Own,Upper-Middle,Divorced,Arranged,0,14.5
32,181967,Private Job,Masters,Tier-1,Own,Upper,Divorced,Arranged,0,24.0
28,163058,Business Owner,Masters,Tier-1,Own,Lower,Divorced,Love,0,22.0
39,43424,Freelancer,Diploma,Rural,Own,Upper,Single,Arranged,0,16.0
33,147154,CA,PhD,Rural,Own,Upper-Middle,Single,Love,0,25.0
36,109831,Government Officer,Diploma,Rural,Rented,Upper,Married,Love,1,13.0
33,112727,Government Officer,Bachelors,Tier-3,Own,Upper-Middle,Single,Arranged,1,30.5
27,91706,Government Officer,Masters,Tier-3,Rented,Upper-Middle,Single,Love,1,25.5
30,123115,Business Owner,Bachelors,Tier-2,Own,Upper-Middle,Single,Love,0,23.0
35,165734,Software Engineer,Bachelors,Tier-2,Own,Middle,Married,Love,0,16.0
22,137205,Software Engineer,Diploma,Rural,Rented,Middle,Married,Love,0,8.5
31,162699,Private Job,Bachelors,Tier-1,Rented,Lower,Divorced,Arranged,0,19.0
22,152127,Private Job,Diploma,Tier-2,Own,Upper-Middle,Single,Arranged,0,24.5
34,165981,CA,Diploma,Tier-1,Own,Lower,Single,Arranged,0,28.0
22,137441,Private Job,Bachelors,Tier-1,Own,Middle,Divorced,Arranged,0,20.5
37,48754,Freelancer,Masters,Tier-2,Own,Middle,Divorced,Arranged,0,15.0
32,185269,CA,Masters,Tier-2,Rented,Lower,Married,Arranged,0,17.0
23,72499,Freelancer,Bachelors,Rural,Rented,Upper-Middle,Divorced,Love,0,8.5
37,155744,Business Owner,PhD,Tier-3,Own,Middle,Divorced,Love,0,20.5
35,192378,Business Owner,PhD,Tier-3,Rented,Middle,Single,Arranged,0,26.5
22,135758,Software Engineer,Bachelors,Tier-3,Own,Middle,Married,Love,0,13.5
22,195649,Freelancer,Diploma,Tier-1,Rented,Upper-Middle,Single,Love,0,21.5
33,168151,CA,PhD,Tier-3,Rented,Upper,Married,Arranged,0,16.0
24,112197,Business Owner,Bachelors,Tier-2,Own,Middle,Single,Arranged,0,24.5
30,107087,CA,PhD,Rural,Own,Middle,Married,Love,0,13.0
24,189121,Doctor,Bachelors,Tier-2,Own,Middle,Single,Arranged,0,29.5
26,140826,Business Owner,Diploma,Tier-2,Own,Lower,Single,Love,0,23.0
40,68728,Government Officer,PhD,Tier-2,Own,Upper-Middle,Single,Arranged,1,31.0
22,134295,Doctor,PhD,Tier-1,Rented,Upper-Middle,Single,Love,0,25.0
40,154093,Software Engineer,PhD,Tier-1,Rented,Upper,Divorced,Arranged,0,22.5
36,80628,Doctor,Bachelors,Tier-2,Rented,Upper,Single,Arranged,0,21.5
34,172696,Private Job,Masters,Tier-2,Rented,Lower,Single,Arranged,0,24.5
26,126619,Government Officer,PhD,Tier-3,Own,Lower,Married,Arranged,1,23.0
39,149424,Business Owner,Bachelors,Rural,Rented,Upper,Married,Arranged,0,11.0
40,103638,Private Job,Masters,Rural,Own,Upper-Middle,Married,Arranged,0,12.0
36,181661,Software Engineer,PhD,Tier-1,Rented,Upper-Middle,Single,Love,0,27.0
34,63435,Doctor,Masters,Rural,Own,Lower,Divorced,Arranged,0,17.5
29,158395,Freelancer,Bachelors,Tier-3,Own,Upper,Single,Love,0,21.5
29,31397,Private Job,PhD,Rural,Own,Upper-Middle,Married,Love,0,7.5
27,174115,Freelancer,Bachelors,Tier-2,Own,Lower,Single,Love,0,23.5
26,67512,Business Owner,Bachelors,Rural,Rented,Upper-Middle,Divorced,Arranged,0,12.0
33,60357,Government Officer,Bachelors,Tier-2,Own,Middle,Divorced,Love,1,22.0
24,66927,Doctor,Diploma,Tier-1,Own,Upper-Middle,Single,Arranged,0,23.5
23,195482,Private Job,Masters,Tier-1,Rented,Middle,Married,Arranged,0,16.5
36,104828,Freelancer,Bachelors,Tier-1,Rented,Middle,Married,Love,0,8.0
40,95834,Software Engineer,PhD,Tier-2,Own,Middle,Married,Love,0,14.5
35,195278,CA,PhD,Rural,Rented,Lower,Divorced,Love,0,19.5
35,123228,Software Engineer,Bachelors,Tier-2,Rented,Upper,Married,Love,0,11.0
33,159781,Freelancer,Bachelors,Tier-1,Own,Middle,Divorced,Arranged,0,20.5
30,106482,Private Job,PhD,Tier-1,Own,Upper,Married,Love,0,14.0
23,193980,Business Owner,Diploma,Tier-3,Rented,Upper,Married,Love,0,11.5
29,196591,Government Officer,Masters,Rural,Rented,Middle,Divorced,Arranged,1,26.5
28,179460,Business Owner,PhD,Rural,Own,Lower,Divorced,Arranged,0,22.5
24,72868,CA,Diploma,Tier-1,Own,Upper-Middle,Divorced,Arranged,0,18.5
29,196397,Doctor,Diploma,Tier-3,Rented,Upper-Middle,Married,Love,0,13.0
33,166574,Doctor,PhD,Rural,Own,Upper,Married,Arranged,0,18.5
38,70353,CA,Bachelors,Tier-1,Rented,Middle,Married,Love,0,9.5
29,141953,Private Job,Bachelors,Tier-1,Own,Middle,Single,Arranged,0,26.0
23,190986,Private Job,Bachelors,Tier-2,Rented,Middle,Single,Arranged,0,24.5
29,96676,Private Job,PhD,Rural,Rented,Upper,Divorced,Love,0,12.5
30,47939,Government Officer,Diploma,Rural,Rented,Upper,Single,Arranged,1,22.0
39,100831,Freelancer,Masters,Tier-2,Own,Upper,Single,Love,0,21.0
38,58026,Freelancer,PhD,Rural,Own,Middle,Married,Love,0,7.5
37,89987,Doctor,Diploma,Tier-3,Own,Upper-Middle,Divorced,Arranged,0,17.5
25,73400,Business Owner,Diploma,Tier-1,Rented,Upper-Middle,Married,Love,0,7.5
31,189176,Business Owner,Masters,Rural,Rented,Middle,Married,Love,0,12.0
25,66432,Doctor,Bachelors,Rural,Rented,Upper-Middle,Single,Love,0,16.5
30,34819,CA,PhD,Tier-1,Own,Upper,Married,Love,0,12.5
27,62242,Private Job,Bachelors,Tier-2,Rented,Upper-Middle,Divorced,Love,0,11.0
40,58781,Software Engineer,Diploma,Rural,Rented,Upper-Middle,Divorced,Love,0,9.5
40,151391,Freelancer,PhD,Rural,Rented,Lower,Divorced,Love,0,14.5
33,150508,Doctor,Bachelors,Tier-2,Own,Upper,Married,Arranged,0,18.0
22,20765,Private Job,Masters,Tier-2,Own,Upper,Single,Love,0,18.0
36,188902,Software Engineer,Masters,Tier-1,Rented,Upper,Married,Love,0,16.0
22,101151,Business Owner,PhD,Tier-3,Own,Upper-Middle,Divorced,Love,0,18.0
33,51574,Private Job,PhD,Tier-3,Own,Upper,Married,Love,0,9.5
36,178946,Business Owner,Bachelors,Tier-3,Own,Middle,Single,Arranged,0,26.5
34,38569,Private Job,Masters,Tier-2,Own,Middle,Married,Arranged,0,10.5
30,57386,CA,Bachelors,Tier-2,Own,Upper,Single,Arranged,0,22.5
38,189249,Software Engineer,Bachelors,Tier-1,Rented,Lower,Divorced,Love,0,20.0
37,52824,Private Job,Masters,Tier-3,Own,Middle,Divorced,Love,0,13.5
39,128345,Doctor,Bachelors,Tier-2,Rented,Upper,Married,Arranged,0,13.5
36,156364,Government Officer,PhD,Tier-2,Own,Middle,Married,Love,1,23.5
36,37784,Business Owner,Diploma,Tier-2,Rented,Lower,Divorced,Love,0,9.5
28,53270,Software Engineer,Masters,Tier-2,Rented,Upper,Divorced,Love,0,13.5
27,98085,Doctor,PhD,Tier-3,Own,Upper,Divorced,Love,0,19.0
25,184030,Freelancer,Masters,Tier-1,Own,Upper,Married,Arranged,0,18.0
38,39588,Freelancer,Bachelors,Tier-3,Own,Upper,Married,Love,0,5.5
22,33485,Freelancer,Bachelors,Rural,Own,Middle,Married,Arranged,0,6.5
32,69809,Doctor,Diploma,Tier-2,Rented,Lower,Single,Love,0,17.5
30,193347,Business Owner,Masters,Tier-2,Own,Upper-Middle,Divorced,Arranged,0,24.5
22,35641,Private Job,Diploma,Tier-2,Own,Middle,Divorced,Arranged,0,13.5
24,26124,Government Officer,Masters,Tier-1,Rented,Upper-Middle,Single,Arranged,1,26.0
32,44752,Business Owner,Bachelors,Tier-3,Own,Middle,Divorced,Love,0,13.0
24,64197,Doctor,Diploma,Tier-2,Own,Upper,Single,Love,0,20.5
32,94350,Private Job,Bachelors,Tier-3,Own,Middle,Single,Love,0,19.5
27,102664,CA,Diploma,Tier-1,Own,Middle,Divorced,Love,0,18.0
30,177568,Private Job,Diploma,Rural,Own,Lower,Married,Love,0,11.5
33,65095,CA,PhD,Tier-3,Own,Middle,Married,Love,0,12.0
30,189990,Private Job,Bachelors,Tier-2,Rented,Upper-Middle,Single,Arranged,0,24.0
29,97846,Business Owner,PhD,Tier-2,Own,Lower,Married,Love,0,13.5
34,32689,Freelancer,Diploma,Tier-3,Rented,Middle,Married,Love,0,1.5
33,90943,Business Owner,PhD,Tier-2,Own,Middle,Divorced,Arranged,0,20.5
25,121512,Business Owner,Bachelors,Tier-1,Own,Upper,Single,Love,0,24.0
23,142141,Government Officer,Masters,Tier-3,Rented,Upper,Married,Arranged,1,20.0
34,96158,Doctor,Diploma,Tier-2,Rented,Upper,Single,Love,0,19.0
28,81706,Business Owner,Bachelors,Tier-2,Rented,Upper,Divorced,Love,0,13.0
26,57001,Software Engineer,Diploma,Rural,Own,Upper-Middle,Married,Arranged,0,9.5
30,115152,Freelancer,Bachelors,Tier-1,Own,Upper,Single,Love,0,21.5
22,53201,Freelancer,Diploma,Tier-1,Rented,Middle,Divorced,Arranged,0,11.5
36,100290,Doctor,PhD,Tier-1,Own,Upper,Married,Arranged,0,18.5
26,147221,CA,Masters,Tier-3,Own,Middle,Single,Arranged,0,27.0
33,27035,Government Officer,Diploma,Rural,Rented,Upper-Middle,Divorced,Love,1,14.0
26,24591,Private Job,Masters,Rural,Own,Upper-Middle,Married,Love,0,6.0
25,46137,Business Owner,Diploma,Rural,Own,Upper,Married,Love,0,6.0
33,131603,Freelancer,Bachelors,Tier-2,Rented,Upper,Divorced,Arranged,0,15.5
28,122051,Government Officer,PhD,Tier-3,Own,Upper-Middle,Single,Arranged,1,33.0
36,182204,Doctor,PhD,Rural,Rented,Upper-Middle,Single,Arranged,0,26.5
26,112326,Software Engineer,PhD,Tier-2,Rented,Upper,Divorced,Arranged,0,19.5
25,48146,Business Owner,Bachelors,Tier-3,Rented,Upper-Middle,Single,Arranged,0,17.0
30,157445,Business Owner,Bachelors,Rural,Own,Upper-Middle,Divorced,Arranged,0,19.5
26,138187,Business Owner,Masters,Tier-2,Own,Lower,Single,Love,0,24.5
30,107166,Private Job,Masters,Tier-2,Rented,Middle,Divorced,Arranged,0,16.0
28,179948,Private Job,PhD,Rural,Own,Upper-Middle,Single,Arranged,0,26.5
34,30660,Private Job,Diploma,Tier-2,Own,Lower,Divorced,Arranged,0,13.5
28,181241,Doctor,Diploma,Tier-3,Own,Upper-Middle,Single,Arranged,0,27.5
31,68155,Business Owner,Diploma,Rural,Own,Upper-Middle,Divorced,Arranged,0,14.0
25,156321,Business Owner,Diploma,Tier-1,Rented,Middle,Married,Arranged,0,13.5
31,28920,Government Officer,Diploma,Rural,Own,Upper-Middle,Divorced,Love,1,17.0
35,57084,Software Engineer,Diploma,Tier-2,Own,Upper-Middle,Married,Arranged,0,11.5
27,79237,Business Owner,Diploma,Rural,Own,Lower,Divorced,Love,0,12.5
32,189080,CA,Diploma,Tier-3,Own,Upper-Middle,Divorced,Arranged,0,22.0
26,137392,Software Engineer,Bachelors,Tier-1,Rented,Upper-Middle,Single,Arranged,0,24.5
33,189554,Doctor,Masters,Tier-3,Own,Middle,Single,Love,0,27.5
25,58966,Private Job,Diploma,Rural,Rented,Upper,Married,Love,0,2.5
28,36555,Government Officer,Diploma,Rural,Own,Upper-Middle,Divorced,Arranged,1,19.5
35,129965,Freelancer,Masters,Tier-2,Rented,Middle,Married,Love,0,9.0
38,123574,Software Engineer,Diploma,Tier-2,Own,Middle,Married,Arranged,0,15.0
37,87846,Business Owner,Bachelors,Tier-2,Own,Middle,Single,Arranged,0,23.0
39,67548,Software Engineer,Masters,Tier-2,Own,Upper,Divorced,Love,0,17.0
39,163589,Freelancer,Bachelors,Tier-2,Rented,Lower,Divorced,Love,0,15.0
33,28630,Freelancer,Bachelors,Tier-2,Own,Middle,Single,Arranged,0,18.0
32,92424,Business Owner,Masters,Rural,Rented,Lower,Married,Love,0,7.5
24,176507,Private Job,Bachelors,Tier-1,Rented,Upper,Divorced,Arranged,0,19.5
37,105019,Business Owner,Masters,Rural,Own,Upper-Middle,Divorced,Arranged,0,18.0
31,22391,Doctor,Bachelors,Tier-3,Rented,Upper,Single,Love,0,15.5
37,125673,Government Officer,Bachelors,Rural,Rented,Lower,Divorced,Love,1,20.0
33,94964,Private Job,Diploma,Tier-2,Rented,Upper-Middle,Single,Arranged,0,18.5
38,174962,Freelancer,Bachelors,Tier-3,Rented,Upper,Divorced,Arranged,0,16.5
33,90090,Private Job,PhD,Tier-3,Own,Lower,Divorced,Arranged,0,18.5
34,133463,Freelancer,Masters,Tier-1,Rented,Middle,Divorced,Love,0,15.5
38,100499,Doctor,Masters,Tier-1,Rented,Middle,Single,Love,0,22.5
25,158426,Private Job,Masters,Tier-3,Rented,Upper,Divorced,Love,0,15.5
33,155118,Private Job,Bachelors,Tier-2,Rented,Middle,Married,Arranged,0,12.5
24,157736,Private Job,Diploma,Tier-2,Own,Upper,Divorced,Love,0,17.5
22,52693,Doctor,Bachelors,Tier-2,Rented,Upper-Middle,Single,Arranged,0,20.0
32,173969,Business Owner,Masters,Tier-2,Own,Lower,Divorced,Arranged,0,23.5
35,47107,Software Engineer,Diploma,Rural,Own,Middle,Divorced,Arranged,0,14.0
31,147134,Doctor,Masters,Tier-3,Rented,Upper-Middle,Married,Arranged,0,14.5
40,156194,CA,Bachelors,Rural,Rented,Upper,Single,Arranged,0,22.5
40,196218,Software Engineer,Bachelors,Rural,Own,Upper-Middle,Single,Arranged,0,27.5
24,33796,CA,Bachelors,Rural,Rented,Upper-Middle,Single,Love,0,14.5
36,20839,CA,PhD,Tier-2,Rented,Lower,Married,Arranged,0,10.0
33,20067,Freelancer,Bachelors,Tier-1,Rented,Middle,Single,Arranged,0,16.0
37,32704,Freelancer,PhD,Tier-3,Own,Lower,Single,Love,0,17.5
36,22701,Private Job,Bachelors,Tier-1,Rented,Middle,Divorced,Love,0,10.0
23,20439,Doctor,PhD,Tier-2,Rented,Middle,Married,Love,0,8.5
27,157614,Doctor,Masters,Tier-3,Rented,Middle,Divorced,Arranged,0,20.0
28,169662,Doctor,Bachelors,Rural,Own,Upper-Middle,Married,Arranged,0,16.5
26,40342,Government Officer,Diploma,Rural,Rented,Upper,Divorced,Arranged,1,17.0
38,47538,Software Engineer,Bachelors,Tier-3,Rented,Lower,Married,Love,0,6.0
38,138580,Business Owner,Masters,Tier-2,Rented,Upper,Single,Love,0,21.5
22,55935,Private Job,PhD,Tier-2,Own,Upper,Single,Love,0,20.5
36,99974,CA,Bachelors,Rural,Rented,Lower,Divorced,Love,0,12.5
23,63744,CA,Masters,Rural,Own,Lower,Divorced,Arranged,0,17.0
22,115886,Doctor,Masters,Tier-2,Rented,Lower,Single,Love,0,22.0
33,43366,Freelancer,Bachelors,Rural,Rented,Lower,Married,Arranged,0,4.0
36,118882,Private Job,Bachelors,Tier-1,Rented,Upper-Middle,Married,Love,0,9.5
39,135935,Government Officer,Bachelors,Tier-1,Own,Upper-Middle,Divorced,Love,1,26.5
27,49596,Software Engineer,PhD,Tier-2,Rented,Lower,Single,Love,0,19.0
37,164714,Software Engineer,Masters,Tier-3,Own,Upper,Married,Love,0,16.0
24,80943,Government Officer,Masters,Tier-2,Rented,Upper,Divorced,Love,1,21.0
22,88073,Private Job,Diploma,Rural,Rented,Upper,Divorced,Arranged,0,11.0
30,74774,Government Officer,PhD,Tier-1,Rented,Upper,Married,Arranged,1,19.5
30,101258,CA,Masters,Tier-3,Rented,Upper-Middle,Divorced,Arranged,0,17.0
38,37259,Private Job,PhD,Rural,Own,Middle,Divorced,Love,0,12.5
40,171243,CA,Bachelors,Tier-2,Rented,Upper,Married,Love,0,13.5
27,101899,CA,Bachelors,Tier-3,Own,Lower,Married,Arranged,0,14.0
25,57148,Freelancer,Diploma,Tier-3,Own,Lower,Married,Love,0,5.5
40,52245,CA,Bachelors,Tier-2,Own,Upper,Single,Arranged,0,22.5
40,33646,CA,PhD,Rural,Own,Middle,Married,Love,0,9.5
28,89184,Private Job,PhD,Tier-2,Own,Lower,Divorced,Love,0,17.0
30,145375,Software Engineer,PhD,Tier-1,Rented,Lower,Married,Love,0,15.0
28,169865,Doctor,Diploma,Rural,Rented,Middle,Divorced,Arranged,0,17.5
35,157696,Doctor,Bachelors,Rural,Rented,Middle,Single,Love,0,21.0
33,75700,CA,Diploma,Tier-3,Rented,Upper,Married,Arranged,0,8.5
36,170733,Freelancer,Masters,Tier-3,Rented,Upper-Middle,Married,Love,0,10.5
33,64339,Government Officer,Diploma,Tier-2,Own,Lower,Divorced,Arranged,1,23.0
32,23694,Business Owner,PhD,Tier-1,Rented,Upper,Divorced,Arranged,0,15.0
40,96762,Software Engineer,Bachelors,Tier-2,Rented,Middle,Divorced,Arranged,0,16.5
35,172780,Private Job,Diploma,Rural,Rented,Lower,Divorced,Love,0,13.5
32,83957,Software Engineer,PhD,Tier-3,Rented,Middle,Single,Love,0,20.0
26,64944,Business Owner,Diploma,Rural,Rented,Upper,Single,Love,0,14.0
22,86169,Doctor,Masters,Tier-2,Own,Upper,Divorced,Love,0,18.5
28,67073,Freelancer,Bachelors,Tier-2,Own,Middle,Divorced,Arranged,0,15.0
27,63607,Freelancer,Masters,Rural,Own,Upper,Divorced,Love,0,12.0
31,163192,Freelancer,Bachelors,Rural,Rented,Upper,Single,Arranged,0,20.0
39,145438,Government Officer,Masters,Tier-2,Own,Lower,Married,Love,1,22.0
26,49922,Private Job,PhD,Tier-2,Own,Middle,Single,Love,0,20.0
38,191492,Software Engineer,Diploma,Tier-1,Rented,Lower,Divorced,Love,0,19.5
27,168995,Doctor,Bachelors,Tier-3,Own,Upper-Middle,Single,Arranged,0,27.5
39,74004,Private Job,Masters,Tier-1,Own,Upper,Single,Arranged,0,23.5
30,142643,Government Officer,Masters,Tier-3,Rented,Upper,Divorced,Love,1,23.0
33,158893,Business Owner,Bachelors,Tier-2,Rented,Lower,Married,Love,0,11.5
38,39944,Private Job,PhD,Rural,Rented,Middle,Married,Love,0,4.5
29,123271,CA,Bachelors,Rural,Rented,Middle,Single,Love,0,19.0
32,105372,Government Officer,Masters,Tier-1,Rented,Lower,Divorced,Love,1,23.0
40,187568,Business Owner,Masters,Tier-2,Rented,Upper,Single,Love,0,24.0
27,160731,Freelancer,Masters,Tier-1,Rented,Upper-Middle,Married,Love,0,12.0
23,126753,Private Job,Masters,Rural,Own,Middle,Single,Arranged,0,23.0
25,64155,CA,Bachelors,Tier-3,Own,Lower,Divorced,Love,0,15.0
22,30220,CA,PhD,Tier-3,Own,Lower,Married,Love,0,10.5
31,168808,Business Owner,Masters,Tier-2,Own,Upper-Middle,Divorced,Love,0,21.0
24,55143,CA,Bachelors,Tier-2,Rented,Upper,Divorced,Love,0,12.5
32,174059,Private Job,PhD,Tier-1,Rented,Lower,Single,Arranged,0,26.5
32,100373,Private Job,Bachelors,Rural,Rented,Upper-Middle,Married,Arranged,0,8.0
40,163706,Private Job,Bachelors,Tier-1,Own,Middle,Married,Love,0,15.0
22,25134,Software Engineer,Diploma,Tier-2,Own,Upper-Middle,Divorced,Love,0,13.0
36,41939,CA,PhD,Tier-3,Rented,Upper,Married,Love,0,8.0
29,127713,Business Owner,Bachelors,Rural,Rented,Upper,Divorced,Arranged,0,15.0
30,143491,Government Officer,Masters,Tier-3,Rented,Middle,Divorced,Arranged,1,25.0
24,187436,Private Job,Masters,Rural,Rented,Upper-Middle,Married,Love,0,11.0
29,119128,Freelancer,Diploma,Tier-3,Rented,Upper,Single,Love,0,15.5
39,66527,Doctor,Masters,Tier-2,Own,Middle,Single,Arranged,0,24.5
30,130467,Private Job,Masters,Tier-1,Rented,Upper,Divorced,Arranged,0,18.5
32,157285,CA,PhD,Tier-3,Own,Lower,Married,Love,0,16.5
37,184220,Software Engineer,PhD,Tier-1,Own,Lower,Single,Arranged,0,32.0
25,63540,Government Officer,Masters,Tier-1,Rented,Upper,Married,Arranged,1,18.0
30,22942,Doctor,Diploma,Rural,Own,Lower,Married,Arranged,0,8.5
28,134111,Software Engineer,PhD,Tier-1,Own,Lower,Single,Arranged,0,29.5
28,138823,Doctor,PhD,Rural,Rented,Upper,Divorced,Love,0,17.0
40,31727,Business Owner,Bachelors,Rural,Own,Lower,Single,Arranged,0,18.5
40,26128,Software Engineer,PhD,Tier-3,Rented,Upper,Single,Love,0,17.0
28,24812,Business Owner,Diploma,Tier-1,Own,Upper-Middle,Single,Arranged,0,20.0
22,91541,Private Job,Diploma,Tier-3,Rented,Lower,Divorced,Love,0,10.5
33,75913,Software Engineer,Diploma,Tier-1,Own,Lower,Single,Love,0,21.5
39,174832,Business Owner,Masters,Tier-1,Rented,Upper,Single,Arranged,0,26.5
31,136404,Private Job,PhD,Rural,Own,Upper-Middle,Divorced,Arranged,0,19.5
38,70071,Business Owner,PhD,Rural,Own,Upper-Middle,Single,Love,0,20.5
28,78113,Doctor,Masters,Tier-1,Own,Lower,Married,Love,0,14.0
31,89905,Government Officer,Bachelors,Tier-3,Own,Middle,Divorced,Arranged,1,24.0
29,101912,Doctor,Masters,Rural,Rented,Lower,Single,Arranged,0,21.5
26,156727,Business Owner,Diploma,Rural,Rented,Upper,Single,Arranged,0,20.5
40,144577,Business Owner,Diploma,Tier-2,Rented,Upper,Single,Arranged,0,22.0
25,65452,Freelancer,Bachelors,Tier-1,Own,Lower,Single,Love,0,19.0
32,82577,Government Officer,PhD,Tier-3,Rented,Middle,Married,Love,1,16.0
25,164587,Software Engineer,Bachelors,Tier-1,Own,Upper,Divorced,Arranged,0,24.0
32,91648,CA,Bachelors,Tier-3,Rented,Upper,Divorced,Love,0,13.5
31,120741,Freelancer,PhD,Rural,Own,Lower,Married,Love,0,11.0
32,87638,CA,Masters,Tier-1,Rented,Lower,Single,Love,0,21.0
26,171405,Doctor,PhD,Tier-3,Rented,Upper,Single,Arranged,0,27.0
33,32374,Business Owner,Diploma,Tier-2,Own,Lower,Single,Arranged,0,19.5
30,192234,Doctor,Bachelors,Tier-1,Rented,Upper,Divorced,Love,0,21.0
23,154940,Doctor,Bachelors,Tier-1,Rented,Lower,Single,Love,0,24.0
40,102795,Business Owner,Diploma,Tier-3,Own,Middle,Divorced,Arranged,0,17.0
33,155716,Freelancer,PhD,Rural,Own,Middle,Married,Arranged,0,14.5
28,105694,Doctor,Bachelors,Tier-2,Rented,Upper-Middle,Married,Arranged,0,12.5
32,141458,Doctor,Bachelors,Tier-1,Own,Upper,Divorced,Arranged,0,23.5
27,31623,Business Owner,Bachelors,Tier-1,Rented,Upper,Divorced,Arranged,0,13.5
37,174617,Private Job,Diploma,Tier-1,Rented,Lower,Divorced,Arranged,0,18.5
22,168970,CA,PhD,Tier-2,Own,Upper,Divorced,Love,0,23.0
26,184731,CA,PhD,Tier-1,Rented,Lower,Married,Love,0,17.0
31,65248,Freelancer,Diploma,Tier-3,Rented,Lower,Divorced,Love,0,8.0
39,169391,Government Officer,Bachelors,Tier-1,Rented,Lower,Single,Love,1,30.0
34,117137,Doctor,Diploma,Rural,Rented,Upper-Middle,Single,Arranged,0,20.0
24,199481,CA,PhD,Tier-1,Rented,Upper-Middle,Single,Love,0,27.5
26,37358,Government Officer,Masters,Tier-1,Rented,Middle,Divorced,Arranged,1,21.5
31,151074,Doctor,Diploma,Tier-3,Own,Middle,Married,Arranged,0,16.0
39,120857,Doctor,Diploma,Tier-1,Rented,Upper,Single,Love,0,21.5
30,197729,Government Officer,Masters,Rural,Rented,Upper-Middle,Single,Arranged,1,31.5
29,110607,Government Officer,PhD,Rural,Own,Middle,Married,Love,1,19.5
34,26550,Government Officer,Bachelors,Tier-3,Rented,Middle,Single,Love,1,21.0
39,104663,Business Owner,Diploma,Tier-1,Own,Lower,Divorced,Arranged,0,19.0
30,148793,Software Engineer,PhD,Tier-3,Rented,Middle,Married,Love,0,13.0
23,122073,Business Owner,Diploma,Tier-1,Own,Middle,Single,Love,0,23.0
26,139211,Government Officer,PhD,Tier-1,Rented,Upper,Single,Love,1,30.5
31,162530,Private Job,Masters,Tier-3,Own,Upper-Middle,Single,Arranged,0,26.0
33,163491,Software Engineer,PhD,Tier-2,Own,Upper,Married,Love,0,18.0
40,78496,Private Job,PhD,Tier-1,Rented,Lower,Single,Love,0,19.5
38,59927,Doctor,Diploma,Tier-1,Own,Upper-Middle,Single,Arranged,0,23.0
28,188811,Doctor,Masters,Rural,Own,Upper,Divorced,Arranged,0,23.5
31,105857,Freelancer,Diploma,Tier-1,Own,Upper,Divorced,Love,0,15.0
24,77497,Freelancer,Diploma,Tier-1,Own,Upper,Single,Love,0,18.5
24,74153,Freelancer,Diploma,Tier-3,Rented,Upper,Single,Love,0,13.5
33,184372,CA,PhD,Tier-3,Rented,Lower,Single,Love,0,25.0
28,43494,Software Engineer,Bachelors,Rural,Own,Upper-Middle,Married,Arranged,0,10.0
36,153951,Software Engineer,Diploma,Tier-2,Own,Upper-Middle,Divorced,Arranged,0,21.5
33,56714,Private Job,Masters,Tier-2,Own,Upper-Middle,Single,Love,0,19.5
32,26689,Software Engineer,Bachelors,Tier-3,Rented,Upper,Single,Arranged,0,17.0
31,188662,Freelancer,Diploma,Tier-2,Rented,Upper-Middle,Single,Love,0,20.0
24,39583,Software Engineer,PhD,Rural,Rented,Upper,Divorced,Love,0,11.5
26,33657,Business Owner,Masters,Rural,Own,Upper,Divorced,Love,0,12.5
40,57673,CA,Masters,Rural,Own,Lower,Divorced,Arranged,0,16.5
25,89402,Freelancer,Masters,Tier-3,Own,Upper,Single,Arranged,0,21.0
32,39628,CA,Diploma,Tier-3,Rented,Middle,Married,Arranged,0,6.5
29,36769,Government Officer,Diploma,Rural,Own,Middle,Divorced,Arranged,1,19.5
38,105952,CA,Bachelors,Tier-3,Own,Lower,Single,Love,0,22.0
35,55966,Software Engineer,Diploma,Tier-1,Rented,Upper-Middle,Divorced,Love,0,12.5
23,24747,CA,PhD,Tier-3,Own,Upper,Single,Love,0,20.0
26,174318,Doctor,Diploma,Tier-3,Own,Upper-Middle,Married,Love,0,15.0
39,37369,Business Owner,Masters,Rural,Own,Lower,Married,Arranged,0,9.5
28,113005,Business Owner,PhD,Tier-3,Own,Upper-Middle,Married,Love,0,13.5
33,70821,Software Engineer,PhD,Tier-1,Rented,Upper-Middle,Single,Love,0,21.5
28,133263,Business Owner,Bachelors,Tier-3,Own,Middle,Married,Arranged,0,14.5
28,102535,Private Job,Masters,Tier-1,Own,Upper,Divorced,Arranged,0,20.0
33,23399,CA,PhD,Tier-3,Own,Lower,Divorced,Arranged,0,17.0
25,84801,Private Job,Bachelors,Rural,Rented,Upper,Divorced,Love,0,10.0
22,180415,Private Job,Diploma,Tier-2,Rented,Lower,Married,Arranged,0,13.0
25,105962,Business Owner,PhD,Tier-1,Own,Lower,Single,Arranged,0,27.0
24,199538,Doctor,Bachelors,Tier-3,Rented,Upper-Middle,Single,Arranged,0,26.0
26,142246,Software Engineer,Bachelors,Tier-2,Own,Upper-Middle,Single,Arranged,0,27.0
30,63769,Doctor,Diploma,Tier-3,Rented,Middle,Divorced,Arranged,0,13.5
28,144339,Government Officer,Diploma,Rural,Own,Middle,Divorced,Arranged,1,25.0
26,93108,CA,PhD,Tier-3,Rented,Upper-Middle,Single,Arranged,0,22.5
36,109271,Freelancer,Bachelors,Tier-1,Rented,Upper-Middle,Married,Love,0,8.0
23,98824,Private Job,PhD,Tier-1,Own,Upper-Middle,Married,Love,0,13.5
24,180791,Doctor,PhD,Tier-3,Own,Upper-Middle,Married,Love,0,18.5
34,165034,Private Job,Bachelors,Tier-3,Rented,Middle,Single,Love,0,20.0
32,104085,Government Officer,Bachelors,Tier-2,Own,Middle,Married,Arranged,1,21.0
24,173027,Private Job,Masters,Tier-3,Own,Lower,Married,Arranged,0,16.5
33,107223,Software Engineer,PhD,Tier-1,Own,Upper,Divorced,Love,0,21.0
31,58774,Private Job,Bachelors,Tier-2,Rented,Upper-Middle,Married,Love,0,5.5
28,195827,Private Job,Masters,Tier-3,Rented,Lower,Divorced,Love,0,17.5
30,46599,CA,Bachelors,Tier-3,Own,Upper,Single,Love,0,19.0
39,193460,Doctor,Diploma,Tier-2,Own,Middle,Single,Arranged,0,29.0
27,92937,Doctor,PhD,Tier-1,Own,Lower,Divorced,Arranged,0,23.0
40,63515,CA,PhD,Tier-2,Own,Upper,Single,Arranged,0,25.0
31,152073,CA,Bachelors,Rural,Rented,Middle,Single,Love,0,20.5
29,120187,Freelancer,Bachelors,Rural,Own,Upper-Middle,Married,Love,0,9.0
26,61908,Freelancer,Diploma,Rural,Rented,Upper-Middle,Single,Love,0,12.0
33,179631,Business Owner,Diploma,Tier-2,Own,Middle,Single,Arranged,0,26.5
40,139261,Government Officer,Bachelors,Tier-1,Own,Middle,Single,Love,1,31.5
34,42942,Private Job,PhD,Tier-1,Rented,Middle,Married,Love,0,8.0
39,86208,Private Job,Diploma,Tier-2,Rented,Lower,Married,Love,0,6.0
37,56534,Government Officer,PhD,Tier-3,Rented,Middle,Divorced,Arranged,1,21.5
35,112412,Doctor,Bachelors,Tier-1,Rented,Upper-Middle,Divorced,Arranged,0,19.0
35,76648,CA,Masters,Rural,Own,Upper,Single,Arranged,0,22.5
27,119856,CA,Masters,Tier-3,Rented,Upper,Single,Love,0,20.5
32,24675,Private Job,PhD,Tier-1,Rented,Upper-Middle,Single,Love,0,17.0
38,173263,Freelancer,Masters,Tier-1,Rented,Upper,Married,Arranged,0,14.5
36,136745,CA,Masters,Tier-3,Own,Upper-Middle,Single,Love,0,24.5
40,176839,CA,PhD,Tier-1,Rented,Upper-Middle,Married,Arranged,0,18.5
39,69407,Software Engineer,Bachelors,Tier-2,Rented,Lower,Single,Arranged,0,20.0
29,47514,Business Owner,Masters,Tier-2,Own,Middle,Single,Arranged,0,22.0
29,197527,Government Officer,PhD,Tier-1,Own,Middle,Single,Arranged,1,38.5
30,66635,Business Owner,Masters,Tier-3,Own,Lower,Divorced,Love,0,15.0
30,99180,Freelancer,Masters,Tier-3,Rented,Upper,Divorced,Arranged,0,13.5
23,180742,Government Officer,Bachelors,Rural,Own,Upper-Middle,Married,Love,1,21.0
38,108827,Private Job,Diploma,Tier-2,Own,Upper,Single,Arranged,0,22.0
33,49903,Business Owner,Bachelors,Rural,Own,Middle,Married,Love,0,7.0
28,48002,Private Job,Masters,Rural,Own,Upper-Middle,Single,Arranged,0,19.0
28,156204,Government Officer,PhD,Tier-3,Rented,Middle,Divorced,Arranged,1,26.5
33,93654,Private Job,Diploma,Tier-1,Own,Middle,Single,Arranged,0,22.5
36,160874,Doctor,Diploma,Tier-3,Own,Middle,Divorced,Arranged,0,21.5
38,31154,Doctor,Diploma,Rural,Own,Upper,Married,Love,0,7.0
36,108023,CA,Diploma,Tier-2,Own,Middle,Divorced,Love,0,17.0
31,39976,CA,Bachelors,Rural,Rented,Upper,Divorced,Arranged,0,11.5
28,71685,Doctor,Bachelors,Tier-1,Rented,Middle,Married,Love,0,10.0
38,39115,Software Engineer,Diploma,Tier-2,Rented,Lower,Single,Love,0,15.5
23,44889,CA,Diploma,Tier-3,Own,Lower,Married,Love,0,8.0
36,77994,Government Officer,Diploma,Tier-1,Own,Upper-Middle,Divorced,Arranged,1,24.5
34,123452,CA,Diploma,Tier-3,Own,Upper-Middle,Single,Love,0,22.0
38,30344,Private Job,PhD,Tier-1,Own,Upper-Middle,Divorced,Arranged,0,17.5
22,189927,CA,PhD,Rural,Rented,Middle,Single,Love,0,24.0
25,157803,CA,PhD,Tier-2,Rented,Lower,Married,Love,0,14.5
40,42434,Government Officer,Bachelors,Tier-1,Rented,Middle,Divorced,Arranged,1,21.0
37,103767,Government Officer,Masters,Rural,Own,Lower,Single,Love,1,28.0
26,39092,Government Officer,Diploma,Rural,Rented,Lower,Divorced,Arranged,1,16.5
22,117024,Freelancer,Masters,Tier-3,Own,Upper,Divorced,Love,0,15.5
38,40017,Government Officer,Diploma,Tier-2,Own,Upper,Divorced,Love,1,20.0
23,44346,Freelancer,Bachelors,Rural,Rented,Lower,Married,Love,0,2.0
26,80226,Private Job,Bachelors,Tier-3,Own,Upper-Middle,Married,Arranged,0,11.0
34,98009,Business Owner,Bachelors,Rural,Rented,Upper,Divorced,Love,0,11.5
35,115260,CA,Bachelors,Rural,Rented,Middle,Divorced,Arranged,0,15.5
31,189285,Software Engineer,Masters,Tier-1,Own,Upper,Divorced,Arranged,0,26.0
29,135476,Government Officer,PhD,Tier-3,Own,Middle,Divorced,Arranged,1,28.5
38,170707,Private Job,Bachelors,Tier-1,Rented,Upper,Married,Arranged,0,14.5
22,70424,Software Engineer,Masters,Tier-2,Rented,Lower,Single,Love,0,19.5
37,189002,Government Officer,Masters,Tier-3,Own,Middle,Divorced,Love,1,28.0
22,151284,Freelancer,Masters,Tier-2,Own,Upper-Middle,Divorced,Love,0,18.5
37,133970,Government Officer,PhD,Tier-3,Rented,Middle,Married,Love,1,18.5
39,61573,Software Engineer,PhD,Tier-3,Own,Upper-Middle,Married,Arranged,0,14.0
26,93683,CA,Diploma,Rural,Own,Middle,Married,Love,0,9.5
32,138229,Freelancer,Masters,Tier-1,Own,Upper,Single,Arranged,0,25.5
25,100062,Private Job,Bachelors,Rural,Rented,Middle,Married,Love,0,6.0
27,78753,CA,Bachelors,Rural,Rented,Middle,Single,Love,0,16.5
24,164625,Freelancer,Bachelors,Rural,Own,Middle,Divorced,Arranged,0,18.0
28,112525,Freelancer,Masters,Tier-2,Own,Middle,Divorced,Love,0,16.5
32,185797,CA,PhD,Rural,Own,Upper-Middle,Divorced,Arranged,0,24.0
27,45076,Business Owner,Bachelors,Tier-3,Rented,Upper-Middle,Single,Arranged,0,17.0
26,186843,Government Officer,PhD,Tier-1,Rented,Middle,Single,Arranged,1,35.0
27,109683,Private Job,PhD,Tier-3,Own,Middle,Single,Love,0,22.0
23,53071,Software Engineer,PhD,Tier-2,Rented,Upper-Middle,Married,Love,0,9.5
36,64489,Business Owner,Masters,Rural,Rented,Middle,Married,Love,0,6.0
30,134561,Private Job,Diploma,Tier-1,Rented,Lower,Divorced,Love,0,14.5
25,148448,CA,PhD,Tier-1,Rented,Middle,Divorced,Arranged,0,22.0
25,133731,Business Owner,Bachelors,Tier-1,Rented,Upper-Middle,Single,Arranged,0,23.5
39,97626,Business Owner,PhD,Tier-2,Own,Lower,Divorced,Arranged,0,20.5
30,145066,CA,Bachelors,Tier-1,Rented,Middle,Single,Love,0,23.0
40,124518,Doctor,Bachelors,Tier-2,Own,Middle,Divorced,Love,0,19.5
36,167165,Private Job,Bachelors,Tier-2,Own,Lower,Single,Love,0,24.0
31,123265,Doctor,Bachelors,Tier-3,Own,Middle,Divorced,Love,0,18.5
25,102057,Doctor,Bachelors,Tier-1,Own,Lower,Married,Arranged,0,16.5
23,146888,Private Job,Diploma,Tier-2,Rented,Upper-Middle,Divorced,Arranged,0,16.0
32,41440,Software Engineer,Diploma,Tier-1,Own,Middle,Divorced,Love,0,15.0
31,97728,Private Job,Masters,Tier-1,Own,Lower,Divorced,Love,0,17.5
38,70616,Business Owner,Bachelors,Rural,Own,Upper-Middle,Married,Love,0,8.5
40,136246,Freelancer,Diploma,Tier-1,Rented,Upper-Middle,Divorced,Arranged,0,15.5
37,35936,Doctor,Masters,Tier-3,Own,Middle,Married,Love,0,10.0
36,125921,Freelancer,Diploma,Rural,Own,Upper,Married,Love,0,8.0
28,177345,Freelancer,Masters,Rural,Own,Middle,Divorced,Love,0,17.5
34,120158,Doctor,Bachelors,Tier-2,Rented,Lower,Married,Love,0,11.5
23,65099,Software Engineer,Bachelors,Tier-3,Rented,Middle,Divorced,Love,0,12.0
40,156700,CA,PhD,Tier-2,Rented,Upper-Middle,Divorced,Love,0,19.5
26,182890,Business Owner,Diploma,Rural,Own,Upper-Middle,Divorced,Love,0,18.0
28,55450,Government Officer,Bachelors,Tier-3,Own,Lower,Divorced,Arranged,1,22.5
31,184539,Private Job,Bachelors,Tier-2,Rented,Middle,Married,Arranged,0,14.0
22,126963,Software Engineer,Masters,Tier-1,Rented,Lower,Divorced,Love,0,18.0
36,114179,Doctor,Diploma,Rural,Own,Upper-Middle,Single,Love,0,21.0
40,33423,Doctor,Bachelors,Tier-2,Rented,Middle,Single,Arranged,0,19.0
38,89653,Business Owner,Masters,Rural,Rented,Lower,Single,Love,0,17.0
29,88679,Business Owner,PhD,Tier-3,Own,Upper-Middle,Married,Arranged,0,14.0
31,110599,Doctor,Masters,Tier-1,Rented,Upper,Single,Arranged,0,25.0
36,31785,Freelancer,Masters,Rural,Own,Middle,Divorced,Love,0,10.5
28,92534,Doctor,PhD,Rural,Rented,Middle,Divorced,Love,0,15.0
40,111081,Doctor,Masters,Rural,Rented,Lower,Single,Love,0,20.0
33,85397,Doctor,Masters,Rural,Own,Upper-Middle,Married,Love,0,11.5
39,94001,Doctor,PhD,Tier-3,Own,Lower,Divorced,Love,0,19.0
35,125276,Freelancer,Bachelors,Tier-2,Rented,Upper-Middle,Married,Love,0,8.0
22,147095,Government Officer,Diploma,Tier-3,Rented,Middle,Single,Arranged,1,28.0
32,180446,Freelancer,Diploma,Rural,Own,Lower,Single,Arranged,0,23.0
24,160108,CA,PhD,Rural,Own,Upper,Married,Love,0,16.0
39,109263,CA,Diploma,Tier-3,Rented,Lower,Married,Arranged,0,10.0
35,171689,Freelancer,Diploma,Tier-2,Own,Lower,Single,Love,0,22.5
26,74123,Doctor,Bachelors,Tier-2,Rented,Upper-Middle,Single,Arranged,0,21.0
26,38016,Private Job,Diploma,Tier-1,Rented,Upper,Single,Arranged,0,16.5
30,62539,Doctor,Masters,Tier-1,Rented,Middle,Single,Arranged,0,22.5
29,134106,Government Officer,Masters,Tier-3,Own,Middle,Divorced,Arranged,1,27.5
30,32037,Freelancer,Diploma,Tier-3,Own,Lower,Divorced,Love,0,9.5
34,56714,Business Owner,Diploma,Tier-1,Own,Upper-Middle,Single,Love,0,19.5
25,31348,Business Owner,Diploma,Tier-3,Own,Middle,Married,Love,0,6.5
24,85681,Software Engineer,Masters,Tier-2,Own,Middle,Married,Arranged,0,15.0
26,64108,Private Job,Diploma,Tier-2,Own,Upper-Middle,Married,Arranged,0,10.0
26,148293,Government Officer,PhD,Tier-2,Rented,Upper-Middle,Divorced,Arranged,1,27.0
22,122836,Doctor,Masters,Rural,Own,Upper,Single,Arranged,0,25.5
30,150617,Private Job,PhD,Rural,Own,Lower,Divorced,Arranged,0,20.5
28,45194,Government Officer,Masters,Tier-3,Own,Middle,Divorced,Arranged,1,23.0
25,113540,Doctor,Masters,Tier-3,Rented,Middle,Married,Love,0,11.0
39,89947,Government Officer,Bachelors,Rural,Own,Upper,Married,Arranged,1,18.0
37,21410,Software Engineer,PhD,Rural,Rented,Upper-Middle,Married,Arranged,0,8.0
24,37484,Doctor,Bachelors,Rural,Rented,Middle,Married,Love,0,5.0
34,58931,Government Officer,Bachelors,Rural,Rented,Lower,Divorced,Love,1,16.5
23,90042,Doctor,Masters,Tier-3,Own,Middle,Divorced,Love,0,18.0
27,33667,Business Owner,Masters,Tier-2,Rented,Lower,Married,Love,0,6.5
34,65745,Private Job,Bachelors,Tier-3,Own,Middle,Married,Arranged,0,10.0
23,115757,CA,Masters,Tier-1,Own,Middle,Divorced,Love,0,20.5
26,100752,Private Job,Masters,Rural,Own,Upper-Middle,Married,Love,0,10.0
37,88369,Government Officer,Diploma,Tier-2,Own,Upper-Middle,Single,Arranged,1,29.0
37,139349,CA,Diploma,Tier-1,Rented,Middle,Married,Love,0,11.5
30,182906,CA,Bachelors,Tier-2,Rented,Lower,Married,Arranged,0,16.0
26,33391,Business Owner,Diploma,Tier-2,Rented,Lower,Divorced,Love,0,9.5
34,145304,Business Owner,PhD,Tier-3,Own,Lower,Divorced,Arranged,0,22.0
29,149235,Business Owner,Diploma,Rural,Rented,Upper-Middle,Married,Love,0,8.0
40,64357,Freelancer,Bachelors,Rural,Rented,Upper,Divorced,Love,0,8.0
27,28162,Government Officer,Bachelors,Tier-2,Own,Lower,Single,Love,1,25.0
31,58523,Freelancer,Diploma,Rural,Own,Upper,Married,Love,0,4.5
37,125693,Software Engineer,Bachelors,Tier-2,Rented,Upper,Single,Love,0,21.0
29,64480,Freelancer,Bachelors,Tier-2,Rented,Middle,Married,Love,0,5.0
40,73465,Government Officer,Masters,Rural,Own,Upper,Single,Love,1,26.5
35,90202,CA,Bachelors,Rural,Own,Middle,Divorced,Love,0,15.5
37,30245,Doctor,Diploma,Tier-2,Rented,Upper-Middle,Married,Arranged,0,8.0
36,49270,CA,PhD,Rural,Own,Upper,Married,Arranged,0,12.0
27,177189,Freelancer,PhD,Tier-3,Own,Upper-Middle,Married,Arranged,0,16.5
25,162293,Software Engineer,Masters,Rural,Own,Upper,Married,Arranged,0,17.0
28,94452,CA,PhD,Tier-1,Rented,Lower,Divorced,Love,0,17.5
26,136551,Freelancer,Diploma,Tier-2,Rented,Middle,Married,Arranged,0,9.5
27,133981,Government Officer,PhD,Rural,Own,Middle,Single,Love,1,30.5
32,56996,Private Job,PhD,Rural,Rented,Upper-Middle,Married,Love,0,5.5
36,72220,Private Job,Masters,Tier-1,Rented,Upper-Middle,Married,Love,0,8.5
24,81653,Freelancer,Diploma,Rural,Rented,Lower,Single,Arranged,0,15.0
40,20485,Private Job,PhD,Tier-2,Rented,Lower,Married,Arranged,0,8.0
37,104503,Doctor,PhD,Tier-3,Own,Upper,Single,Arranged,0,26.5
27,150379,CA,Bachelors,Tier-2,Rented,Upper,Married,Love,0,12.5
35,52203,Business Owner,Bachelors,Tier-1,Rented,Middle,Married,Arranged,0,9.5
39,63547,Business Owner,Diploma,Rural,Own,Upper,Divorced,Arranged,0,14.0
31,131626,Private Job,Bachelors,Rural,Rented,Upper,Single,Arranged,0,19.5
33,115798,Doctor,Diploma,Tier-3,Own,Upper-Middle,Single,Arranged,0,24.0
37,143118,Software Engineer,Diploma,Tier-1,Rented,Lower,Married,Love,0,12.0
23,166038,Private Job,Masters,Tier-2,Own,Middle,Married,Love,0,15.0
31,100284,Private Job,PhD,Tier-3,Own,Middle,Married,Love,0,12.0
33,50221,Freelancer,PhD,Tier-2,Own,Lower,Divorced,Love,0,14.5
34,66341,Software Engineer,PhD,Tier-2,Own,Middle,Single,Arranged,0,25.0
38,146653,CA,Bachelors,Tier-2,Rented,Middle,Single,Love,0,22.0
38,65913,CA,Diploma,Tier-3,Own,Upper-Middle,Divorced,Arranged,0,16.0
35,190146,Doctor,Bachelors,Tier-1,Own,Lower,Divorced,Love,0,24.0
28,189780,Private Job,Masters,Tier-2,Rented,Lower,Single,Arranged,0,25.0
26,82746,Software Engineer,Diploma,Tier-1,Rented,Middle,Single,Love,0,19.0
23,193612,Government Officer,Masters,Tier-1,Own,Upper-Middle,Married,Arranged,1,27.5
37,51203,CA,PhD,Tier-1,Rented,Upper,Married,Arranged,0,12.5
24,124399,Doctor,Masters,Tier-1,Own,Middle,Married,Love,0,16.5
27,82988,CA,Diploma,Rural,Own,Upper,Single,Love,0,19.0
28,128111,CA,Bachelors,Tier-2,Own,Upper-Middle,Married,Love,0,14.0
40,33313,Private Job,Bachelors,Tier-1,Rented,Upper-Middle,Married,Love,0,5.5
23,86593,Software Engineer,PhD,Tier-2,Own,Middle,Married,Love,0,14.0
22,38808,Doctor,Diploma,Tier-2,Own,Upper-Middle,Married,Arranged,0,11.0
39,46338,Freelancer,PhD,Tier-2,Rented,Upper-Middle,Single,Arranged,0,18.0
28,24733,CA,Bachelors,Rural,Rented,Middle,Single,Arranged,0,16.0
32,113777,CA,Bachelors,Tier-2,Own,Middle,Divorced,Love,0,18.5
39,96784,Private Job,PhD,Tier-3,Rented,Upper-Middle,Divorced,Love,0,13.5
25,63589,Private Job,PhD,Rural,Rented,Upper,Married,Love,0,6.0
32,58468,Doctor,Bachelors,Rural,Own,Upper-Middle,Married,Love,0,9.0
36,53899,Software Engineer,PhD,Tier-2,Rented,Lower,Single,Love,0,19.5
24,83348,Doctor,PhD,Rural,Rented,Lower,Married,Arranged,0,11.5
29,151793,Doctor,Masters,Rural,Rented,Upper-Middle,Divorced,Arranged,0,19.0
30,143421,Freelancer,PhD,Tier-3,Own,Upper,Single,Love,0,23.0
34,186617,CA,Masters,Tier-1,Own,Middle,Single,Love,0,29.0
29,143431,Business Owner,PhD,Rural,Rented,Middle,Married,Love,0,11.0
39,191129,Business Owner,Bachelors,Tier-2,Own,Upper-Middle,Divorced,Arranged,0,23.5
26,105641,CA,Diploma,Rural,Own,Lower,Single,Arranged,0,22.0
36,110238,Software Engineer,Bachelors,Tier-2,Own,Middle,Married,Arranged,0,15.5
23,107835,Freelancer,Bachelors,Rural,Rented,Lower,Married,Arranged,0,7.0
40,142189,Government Officer,Bachelors,Tier-1,Own,Middle,Divorced,Arranged,1,29.0
27,62578,Business Owner,Diploma,Rural,Own,Upper,Single,Love,0,17.0
23,180933,Freelancer,PhD,Tier-1,Own,Upper,Divorced,Love,0,22.0
30,181900,Business Owner,PhD,Tier-3,Own,Upper-Middle,Divorced,Love,0,22.0
37,117553,Software Engineer,Bachelors,Rural,Rented,Upper-Middle,Married,Arranged,0,10.5
23,34245,Government Officer,PhD,Tier-2,Own,Upper,Married,Love,1,17.5
33,20244,CA,PhD,Tier-1,Own,Upper-Middle,Married,Love,0,12.0
29,45339,Business Owner,PhD,Tier-1,Rented,Lower,Married,Love,0,9.0
25,193024,Software Engineer,PhD,Tier-1,Rented,Middle,Single,Arranged,0,29.5
23,46954,Software Engineer,Diploma,Tier-3,Rented,Middle,Divorced,Love,0,10.0
32,29345,Freelancer,Bachelors,Tier-2,Rented,Middle,Single,Love,0,13.0
38,46801,Government Officer,Bachelors,Rural,Rented,Lower,Divorced,Arranged,1,18.0
37,176799,Business Owner,Masters,Rural,Own,Upper,Married,Love,0,14.5
38,189893,Government Officer,PhD,Tier-3,Rented,Upper-Middle,Single,Love,1,31.0
34,29539,Business Owner,Bachelors,Tier-2,Rented,Middle,Single,Love,0,15.0
36,116392,Private Job,PhD,Tier-2,Own,Middle,Married,Arranged,0,15.5
27,156612,Software Engineer,Diploma,Tier-1,Rented,Upper-Middle,Divorced,Love,0,17.5
35,199625,Software Engineer,Masters,Tier-3,Own,Upper,Divorced,Arranged,0,24.5
27,49877,Government Officer,Bachelors,Tier-1,Own,Lower,Single,Arranged,1,29.0
31,193776,Software Engineer,Bachelors,Tier-2,Own,Lower,Single,Love,0,27.5
32,141219,CA,Diploma,Tier-3,Own,Middle,Married,Arranged,0,15.0
22,38299,Business Owner,Bachelors,Tier-1,Rented,Upper,Single,Arranged,0,18.5
30,78603,Doctor,PhD,Tier-3,Own,Middle,Married,Arranged,0,15.0
33,145667,Business Owner,Bachelors,Rural,Own,Middle,Single,Arranged,0,24.0
22,177772,Private Job,PhD,Tier-3,Rented,Upper-Middle,Married,Arranged,0,14.5
26,83395,Freelancer,Bachelors,Tier-2,Rented,Middle,Married,Love,0,6.0
22,127921,CA,PhD,Tier-1,Rented,Middle,Divorced,Arranged,0,21.0
26,147427,CA,PhD,Rural,Own,Upper,Married,Arranged,0,17.0
24,21655,Freelancer,Diploma,Rural,Rented,Upper,Married,Arranged,0,2.0
34,146297,Business Owner,PhD,Tier-3,Own,Upper,Single,Arranged,0,27.0
26,159999,Software Engineer,PhD,Tier-2,Rented,Upper-Middle,Divorced,Love,0,19.5
39,70566,Government Officer,Diploma,Tier-2,Rented,Upper-Middle,Single,Arranged,1,25.5
23,40381,Government Officer,Bachelors,Tier-1,Own,Upper-Middle,Married,Arranged,1,19.0
36,70253,CA,PhD,Rural,Rented,Upper-Middle,Single,Love,0,18.5
40,148571,Freelancer,Bachelors,Rural,Rented,Upper-Middle,Married,Arranged,0,9.0
29,75909,Business Owner,Masters,Rural,Own,Lower,Divorced,Arranged,0,16.5
24,33196,Software Engineer,Diploma,Tier-3,Rented,Upper-Middle,Married,Love,0,4.5
37,135874,Freelancer,Bachelors,Tier-1,Rented,Lower,Single,Arranged,0,21.5
22,111832,CA,Bachelors,Tier-3,Own,Lower,Married,Arranged,0,14.5
26,198066,Software Engineer,Bachelors,Tier-2,Own,Middle,Divorced,Love,0,22.5
38,160080,Software Engineer,PhD,Tier-3,Rented,Upper,Single,Love,0,24.0
29,112235,Freelancer,Diploma,Tier-1,Own,Upper,Married,Arranged,0,12.5
34,150537,Freelancer,Diploma,Tier-2,Own,Lower,Single,Love,0,21.5
33,179254,Doctor,Bachelors,Rural,Rented,Upper-Middle,Married,Love,0,12.0
33,45704,Doctor,Bachelors,Rural,Rented,Lower,Single,Arranged,0,17.5
36,157738,Private Job,Diploma,Tier-1,Rented,Upper,Single,Love,0,20.5
28,107791,Government Officer,Masters,Tier-3,Own,Middle,Single,Love,1,29.0
34,118575,Software Engineer,Masters,Rural,Rented,Lower,Divorced,Arranged,0,16.5
29,95584,Government Officer,Bachelors,Tier-1,Own,Middle,Single,Love,1,29.5
30,78796,Private Job,PhD,Rural,Own,Upper,Single,Love,0,19.5
38,78511,Government Officer,Bachelors,Tier-2,Own,Upper-Middle,Divorced,Love,1,22.5
34,37253,Business Owner,Diploma,Tier-1,Rented,Lower,Divorced,Love,0,10.5
28,153551,Freelancer,PhD,Tier-1,Own,Middle,Divorced,Love,0,20.5
30,152625,Doctor,Masters,Tier-2,Rented,Lower,Single,Love,0,24.0
26,117379,Private Job,Diploma,Tier-1,Own,Upper,Married,Love,0,11.5
39,149761,Private Job,Diploma,Rural,Rented,Lower,Single,Love,0,17.0
35,182271,Software Engineer,Diploma,Tier-3,Rented,Upper-Middle,Married,Arranged,0,14.0
22,198518,Freelancer,Diploma,Tier-2,Own,Upper-Middle,Divorced,Love,0,18.5
25,100514,CA,PhD,Tier-2,Own,Upper,Married,Love,0,15.0
40,113405,Business Owner,Diploma,Tier-1,Rented,Middle,Divorced,Arranged,0,16.5
38,84086,Doctor,PhD,Tier-1,Rented,Lower,Single,Arranged,0,24.5
35,191921,Freelancer,PhD,Tier-2,Own,Upper-Middle,Married,Arranged,0,18.5
25,90799,Government Officer,PhD,Tier-2,Own,Lower,Divorced,Arranged,1,27.5
27,180442,Freelancer,Diploma,Tier-3,Own,Middle,Single,Love,0,22.0
27,140479,CA,Diploma,Rural,Rented,Upper-Middle,Single,Arranged,0,21.0
37,143903,Private Job,PhD,Tier-3,Own,Upper-Middle,Divorced,Arranged,0,21.0
40,53430,CA,Diploma,Rural,Rented,Upper-Middle,Married,Love,0,4.5
34,139672,CA,Diploma,Tier-3,Own,Lower,Divorced,Love,0,17.5
32,76407,Software Engineer,Masters,Tier-3,Rented,Upper-Middle,Divorced,Love,0,13.5
25,73227,Business Owner,Diploma,Tier-3,Rented,Middle,Single,Love,0,15.5
24,151959,Freelancer,Diploma,Rural,Own,Upper-Middle,Divorced,Arranged,0,16.5
34,146992,Government Officer,Bachelors,Rural,Own,Upper-Middle,Married,Love,1,19.0
35,167605,Doctor,Bachelors,Tier-3,Own,Upper,Single,Arranged,0,27.5
29,29409,Business Owner,Diploma,Rural,Rented,Middle,Married,Love,0,2.0
34,44361,Software Engineer,PhD,Rural,Rented,Upper-Middle,Single,Arranged,0,19.0
37,132791,Private Job,Masters,Tier-3,Own,Lower,Divorced,Love,0,17.5
36,114126,Software Engineer,PhD,Tier-1,Rented,Upper,Married,Love,0,13.5
36,142481,Software Engineer,Bachelors,Rural,Own,Lower,Divorced,Love,0,18.0
31,80983,Software Engineer,Bachelors,Tier-3,Own,Upper,Single,Love,0,21.0
24,62816,Business Owner,PhD,Tier-3,Own,Upper,Single,Arranged,0,23.0
36,25598,Doctor,Bachelors,Tier-2,Own,Upper,Single,Arranged,0,21.5
33,63043,Government Officer,Masters,Tier-3,Rented,Upper,Single,Arranged,1,26.0
39,172829,Software Engineer,Masters,Tier-2,Rented,Upper,Married,Love,0,14.5
26,37808,Government Officer,Bachelors,Rural,Rented,Middle,Divorced,Arranged,1,17.5
36,124815,Private Job,Masters,Tier-2,Own,Upper-Middle,Married,Arranged,0,15.0
30,151869,Freelancer,PhD,Tier-1,Own,Middle,Single,Arranged,0,27.5
38,83092,Private Job,PhD,Tier-3,Rented,Upper,Divorced,Love,0,13.0
36,75107,Doctor,Bachelors,Tier-1,Rented,Upper-Middle,Married,Love,0,10.0
31,187785,Private Job,Masters,Tier-3,Own,Lower,Single,Love,0,25.0
34,41451,Software Engineer,Diploma,Tier-1,Rented,Middle,Divorced,Arranged,0,14.0
33,170080,Doctor,Masters,Tier-3,Rented,Upper,Single,Love,0,24.0
28,154911,Doctor,Diploma,Tier-3,Own,Upper,Married,Love,0,14.0
22,59287,Freelancer,PhD,Tier-1,Own,Upper,Married,Arranged,0,12.5
40,72654,Government Officer,Masters,Tier-3,Own,Upper,Single,Love,1,27.5
25,108613,Government Officer,Masters,Tier-2,Rented,Lower,Divorced,Love,1,22.0
34,176735,Doctor,Masters,Tier-2,Own,Upper,Divorced,Love,0,23.0
38,170553,Freelancer,Bachelors,Rural,Rented,Middle,Single,Arranged,0,20.5
29,65803,CA,Bachelors,Tier-2,Rented,Upper-Middle,Married,Arranged,0,10.0
23,150713,Private Job,Diploma,Tier-2,Rented,Upper-Middle,Married,Arranged,0,11.5
27,106740,Freelancer,Bachelors,Tier-3,Own,Upper-Middle,Married,Arranged,0,11.0
32,173012,CA,Bachelors,Tier-2,Rented,Upper-Middle,Divorced,Arranged,0,20.5
36,170499,Private Job,Masters,Tier-1,Rented,Upper-Middle,Divorced,Arranged,0,20.5
33,59275,Freelancer,Bachelors,Rural,Rented,Lower,Divorced,Arranged,0,9.5
35,73040,Software Engineer,PhD,Tier-1,Own,Lower,Single,Arranged,0,26.5
25,175654,Software Engineer,PhD,Tier-1,Rented,Upper,Divorced,Love,0,21.5
29,21730,Government Officer,Diploma,Tier-3,Rented,Middle,Divorced,Love,1,15.0
28,131659,Government Officer,PhD,Tier-2,Rented,Middle,Divorced,Love,1,24.5
27,120457,Freelancer,Masters,Tier-1,Rented,Upper-Middle,Single,Love,0,20.0
22,105836,CA,PhD,Tier-2,Rented,Upper-Middle,Divorced,Arranged,0,19.0
30,75773,Software Engineer,Diploma,Tier-2,Own,Upper-Middle,Married,Love,0,10.5
36,97531,Freelancer,PhD,Tier-2,Rented,Upper,Married,Arranged,0,10.5
22,50200,Business Owner,Diploma,Tier-3,Own,Upper-Middle,Single,Arranged,0,19.5
36,110554,Software Engineer,PhD,Rural,Rented,Upper-Middle,Single,Love,0,20.5
27,145126,Private Job,Masters,Tier-3,Rented,Lower,Married,Love,0,10.0
23,119105,Private Job,PhD,Tier-1,Rented,Upper-Middle,Married,Arranged,0,13.5
28,129556,Software Engineer,Diploma,Tier-1,Own,Middle,Divorced,Arranged,0,21.0
40,51385,Business Owner,Bachelors,Tier-1,Own,Lower,Divorced,Arranged,0,17.5
40,161011,Government Officer,Masters,Tier-1,Own,Middle,Divorced,Arranged,1,31.0
23,127452,Freelancer,Diploma,Tier-3,Rented,Upper,Married,Love,0,6.0
22,123407,Private Job,PhD,Rural,Rented,Upper,Single,Love,0,19.0
37,131384,CA,Bachelors,Tier-2,Own,Upper,Married,Love,0,14.5
40,150798,Doctor,PhD,Tier-1,Own,Lower,Single,Arranged,0,31.0
38,119258,Government Officer,Bachelors,Tier-1,Rented,Middle,Single,Arranged,1,29.5
26,185047,Doctor,Masters,Tier-1,Own,Lower,Single,Arranged,0,31.5
40,22395,Private Job,PhD,Tier-2,Rented,Middle,Single,Love,0,16.0
38,146091,Government Officer,Masters,Tier-2,Own,Upper,Single,Arranged,1,34.0
35,40216,Freelancer,Bachelors,Tier-3,Own,Upper-Middle,Divorced,Love,0,11.0
24,149558,Government Officer,Bachelors,Rural,Own,Lower,Single,Arranged,1,31.0
22,92271,Software Engineer,Diploma,Tier-2,Own,Lower,Married,Love,0,11.5
30,120299,Doctor,Bachelors,Tier-2,Rented,Lower,Single,Love,0,21.5
28,82742,Business Owner,PhD,Tier-3,Rented,Upper-Middle,Single,Love,0,19.0
32,98177,Freelancer,Diploma,Tier-1,Own,Upper-Middle,Married,Arranged,0,11.5
39,52367,Private Job,Diploma,Tier-1,Rented,Upper-Middle,Single,Arranged,0,17.5
27,197712,Freelancer,Masters,Tier-3,Rented,Upper,Divorced,Love,0,16.5
39,161829,Business Owner,Diploma,Rural,Rented,Lower,Single,Love,0,19.0
36,62567,Freelancer,Diploma,Tier-1,Rented,Middle,Married,Arranged,0,7.0
32,158151,Private Job,Bachelors,Tier-2,Own,Lower,Married,Arranged,0,15.5
38,157108,Doctor,PhD,Tier-2,Rented,Lower,Divorced,Arranged,0,22.0
28,117632,CA,Bachelors,Tier-3,Rented,Upper,Single,Arranged,0,21.5
30,136843,Freelancer,Bachelors,Tier-2,Rented,Middle,Single,Love,0,18.5
39,92234,Freelancer,PhD,Rural,Own,Lower,Married,Arranged,0,11.5
37,156221,Freelancer,Diploma,Tier-2,Rented,Upper,Divorced,Arranged,0,15.5
25,159481,Private Job,Masters,Tier-2,Own,Upper,Married,Arranged,0,16.5
29,58247,Doctor,Masters,Tier-3,Rented,Middle,Married,Arranged,0,10.0
26,175310,Software Engineer,Masters,Tier-2,Own,Upper-Middle,Married,Love,0,17.5
25,32142,Doctor,Bachelors,Tier-2,Rented,Middle,Married,Love,0,7.0
30,71325,Freelancer,Masters,Tier-2,Rented,Upper,Single,Arranged,0,18.5
22,78893,Freelancer,Masters,Tier-3,Own,Upper-Middle,Married,Arranged,0,10.5
35,198036,Freelancer,PhD,Tier-1,Own,Middle,Single,Love,0,27.5
25,77050,Private Job,Diploma,Tier-2,Rented,Upper-Middle,Divorced,Love,0,10.5
30,155455,Business Owner,Diploma,Tier-2,Own,Upper,Single,Arranged,0,25.5
28,26834,Freelancer,Masters,Tier-2,Own,Upper-Middle,Divorced,Love,0,12.0
34,60413,CA,Diploma,Tier-1,Own,Lower,Single,Love,0,21.0
24,135302,Business Owner,Bachelors,Tier-3,Own,Middle,Divorced,Arranged,0,19.5
27,76317,CA,Diploma,Tier-2,Own,Lower,Single,Love,0,20.5
27,26903,Freelancer,PhD,Rural,Own,Upper,Divorced,Love,0,11.0
23,166889,Business Owner,Bachelors,Tier-1,Rented,Middle,Divorced,Love,0,18.0
30,95357,Software Engineer,Diploma,Tier-3,Own,Upper-Middle,Married,Love,0,10.5
35,30852,CA,PhD,Tier-1,Own,Lower,Single,Love,0,22.5
40,110911,Government Officer,Bachelors,Tier-2,Rented,Middle,Divorced,Arranged,1,23.5
22,150683,CA,Diploma,Tier-1,Own,Middle,Divorced,Love,0,20.5
26,137231,Government Officer,PhD,Tier-2,Rented,Lower,Single,Arranged,1,31.5
34,128059,Software Engineer,PhD,Tier-3,Rented,Middle,Single,Love,0,22.0
39,168949,CA,Masters,Tier-3,Own,Middle,Divorced,Love,0,21.0
26,146959,CA,PhD,Tier-3,Own,Upper,Single,Arranged,0,28.0
39,143717,Private Job,PhD,Tier-3,Rented,Lower,Married,Arranged,0,13.0
40,63741,Private Job,PhD,Rural,Rented,Upper-Middle,Married,Love,0,6.0
29,78115,Government Officer,Diploma,Tier-2,Rented,Middle,Married,Arranged,1,15.5
35,57296,Doctor,Masters,Tier-2,Rented,Upper-Middle,Married,Love,0,9.0
28,41082,Government Officer,PhD,Rural,Own,Middle,Married,Love,1,16.0
23,24606,Freelancer,Masters,Rural,Own,Upper-Middle,Single,Arranged,0,17.0
31,100924,Business Owner,Diploma,Tier-3,Own,Middle,Single,Arranged,0,22.0
31,93996,Doctor,PhD,Tier-1,Rented,Lower,Divorced,Arranged,0,20.0
25,20967,Private Job,Diploma,Tier-1,Own,Upper-Middle,Married,Arranged,0,9.0
25,38167,Private Job,PhD,Tier-1,Rented,Middle,Married,Love,0,7.5
39,191612,CA,Bachelors,Tier-3,Own,Lower,Single,Love,0,26.5
27,166780,Software Engineer,Bachelors,Tier-3,Rented,Middle,Single,Love,0,22.0
33,20958,Software Engineer,Masters,Tier-1,Rented,Lower,Single,Arranged,0,20.0
23,85279,Business Owner,Bachelors,Tier-3,Rented,Upper,Married,Love,0,7.0
26,117148,Freelancer,PhD,Tier-1,Own,Upper,Single,Arranged,0,25.5
24,69551,Private Job,Diploma,Tier-3,Rented,Upper,Single,Arranged,0,16.0
38,41423,Business Owner,Masters,Rural,Own,Middle,Single,Love,0,18.0
37,24752,Government Officer,Bachelors,Tier-3,Own,Upper,Divorced,Love,1,19.0
36,49179,Private Job,Masters,Rural,Rented,Upper-Middle,Single,Arranged,0,16.0
36,72109,Software Engineer,Masters,Tier-2,Rented,Upper-Middle,Married,Arranged,0,11.5
28,28479,Software Engineer,Masters,Tier-3,Rented,Upper-Middle,Single,Arranged,0,18.0
23,47885,Software Engineer,Bachelors,Tier-2,Own,Middle,Divorced,Arranged,0,17.0
24,138535,Software Engineer,PhD,Tier-2,Own,Lower,Divorced,Love,0,21.5
26,99610,Doctor,Bachelors,Tier-3,Rented,Upper-Middle,Divorced,Arranged,0,16.0
32,163521,Business Owner,Diploma,Tier-3,Own,Middle,Divorced,Arranged,0,20.0
34,124381,Government Officer,Masters,Tier-3,Own,Upper,Single,Love,1,30.0
23,61083,Freelancer,Bachelors,Tier-1,Own,Upper,Divorced,Love,0,14.0
32,42926,Private Job,Masters,Tier-3,Own,Middle,Married,Love,0,8.0
36,83579,Freelancer,PhD,Tier-3,Rented,Upper-Middle,Divorced,Love,0,12.0
39,167897,Private Job,PhD,Tier-2,Own,Middle,Divorced,Arranged,0,23.0
33,147733,Doctor,Diploma,Tier-2,Own,Upper,Single,Love,0,24.5
24,183869,Freelancer,Masters,Tier-3,Own,Middle,Divorced,Arranged,0,21.0
32,164577,Doctor,PhD,Rural,Rented,Lower,Married,Love,0,13.5
29,64454,Freelancer,PhD,Tier-1,Rented,Upper,Married,Arranged,0,10.0
24,49954,Business Owner,Masters,Tier-1,Rented,Middle,Married,Arranged,0,10.0
34,73225,Government Officer,Diploma,Tier-2,Own,Lower,Divorced,Arranged,1,23.5
32,111520,Software Engineer,PhD,Tier-2,Rented,Middle,Single,Love,0,22.5
38,187929,Business Owner,Bachelors,Tier-1,Rented,Lower,Single,Love,0,24.0
28,113099,Software Engineer,Bachelors,Rural,Rented,Lower,Single,Arranged,0,20.5
37,107762,CA,Bachelors,Tier-2,Own,Middle,Single,Love,0,23.0
26,61518,Software Engineer,Bachelors,Tier-1,Rented,Upper,Divorced,Arranged,0,16.0
36,84848,Private Job,Masters,Tier-2,Rented,Middle,Divorced,Love,0,13.0
31,52176,Business Owner,PhD,Rural,Rented,Lower,Married,Love,0,6.5
24,162572,Doctor,PhD,Tier-1,Rented,Lower,Married,Arranged,0,18.5
33,184907,Private Job,Bachelors,Tier-2,Own,Lower,Married,Arranged,0,17.0
39,127199,CA,PhD,Tier-1,Rented,Middle,Married,Arranged,0,16.0
29,81038,Software Engineer,Diploma,Tier-1,Own,Upper-Middle,Single,Arranged,0,24.0
36,152648,CA,PhD,Tier-3,Rented,Lower,Single,Love,0,23.5
23,134175,Government Officer,PhD,Tier-3,Own,Lower,Divorced,Love,1,26.5
30,71052,Doctor,Bachelors,Rural,Rented,Middle,Single,Love,0,17.0
34,62007,CA,PhD,Rural,Own,Lower,Divorced,Arranged,0,18.0
26,86877,Government Officer,Diploma,Tier-1,Own,Upper,Single,Arranged,1,30.0
25,180192,Business Owner,PhD,Tier-2,Rented,Middle,Divorced,Love,0,20.0
30,39635,CA,Diploma,Tier-2,Own,Upper-Middle,Divorced,Love,0,13.5
26,51354,Business Owner,Bachelors,Rural,Own,Middle,Divorced,Love,0,12.5
38,197478,Doctor,Diploma,Tier-3,Rented,Lower,Divorced,Love,0,18.0
24,136808,Business Owner,Masters,Rural,Rented,Upper,Divorced,Arranged,0,16.5
23,153802,Government Officer,PhD,Tier-2,Rented,Lower,Single,Love,1,30.5
38,58170,CA,Bachelors,Rural,Rented,Upper,Married,Arranged,0,7.5
39,21953,Business Owner,Diploma,Tier-2,Own,Middle,Single,Arranged,0,19.0
35,198032,Private Job,Bachelors,Tier-3,Own,Upper,Married,Love,0,14.5
33,66171,Private Job,Masters,Tier-2,Own,Upper,Divorced,Arranged,0,17.0
33,33430,Software Engineer,Bachelors,Tier-2,Own,Middle,Divorced,Love,0,14.5
37,158274,Software Engineer,Diploma,Tier-1,Rented,Upper,Married,Arranged,0,14.5
38,116352,Freelancer,PhD,Rural,Own,Lower,Single,Arranged,0,22.5
31,55049,Government Officer,Bachelors,Tier-2,Own,Middle,Married,Arranged,1,18.5
32,33113,Freelancer,Bachelors,Tier-2,Own,Middle,Married,Love,0,6.5
37,103453,Software Engineer,Bachelors,Tier-3,Rented,Middle,Divorced,Arranged,0,16.0
31,106954,Government Officer,PhD,Tier-1,Rented,Upper,Divorced,Arranged,1,26.0
23,88810,CA,Diploma,Tier-1,Own,Upper,Married,Arranged,0,14.0
35,37424,CA,Bachelors,Tier-1,Own,Upper-Middle,Single,Arranged,0,22.5
39,58718,Business Owner,Diploma,Tier-2,Rented,Upper-Middle,Divorced,Arranged,0,12.5
38,136421,Doctor,Bachelors,Tier-3,Own,Middle,Divorced,Arranged,0,21.0
26,36378,Freelancer,Diploma,Tier-1,Own,Upper,Divorced,Love,0,11.5
37,149381,Business Owner,PhD,Tier-3,Own,Middle,Divorced,Arranged,0,22.0
38,49331,Government Officer,Masters,Rural,Own,Lower,Married,Arranged,1,17.0
24,192186,Private Job,Masters,Rural,Rented,Middle,Divorced,Love,0,16.5
35,131189,CA,Bachelors,Rural,Own,Lower,Divorced,Arranged,0,19.5
33,160680,Doctor,PhD,Tier-2,Own,Lower,Married,Arranged,0,20.5
25,34157,Software Engineer,Diploma,Tier-3,Own,Upper-Middle,Divorced,Arranged,0,14.5
22,97755,Software Engineer,PhD,Tier-1,Rented,Upper-Middle,Divorced,Love,0,17.5
33,86418,Freelancer,Bachelors,Rural,Own,Lower,Single,Arranged,0,19.0
30,193320,Business Owner,Diploma,Tier-2,Own,Upper-Middle,Divorced,Arranged,0,22.5
38,111853,Private Job,PhD,Tier-2,Rented,Middle,Single,Love,0,20.5
23,111346,Software Engineer,Masters,Rural,Rented,Middle,Divorced,Love,0,14.5
29,174561,Doctor,Masters,Tier-2,Own,Upper-Middle,Divorced,Love,0,23.0
26,75310,Government Officer,PhD,Tier-1,Rented,Upper-Middle,Married,Arranged,1,19.5
25,97817,CA,Bachelors,Tier-3,Own,Upper-Middle,Divorced,Love,0,16.5
32,198166,Government Officer,Bachelors,Tier-1,Rented,Upper-Middle,Married,Love,1,21.5
25,50494,Software Engineer,Bachelors,Tier-1,Rented,Upper-Middle,Single,Arranged,0,20.5
29,26037,Private Job,Bachelors,Tier-2,Rented,Upper,Married,Love,0,4.0
31,170616,Private Job,Masters,Tier-1,Own,Upper-Middle,Married,Love,0,16.5
31,60699,Software Engineer,Diploma,Tier-3,Own,Middle,Divorced,Arranged,0,16.0
27,69590,Government Officer,Masters,Rural,Own,Upper,Single,Arranged,1,28.0
25,76914,Government Officer,PhD,Tier-1,Rented,Upper,Married,Love,1,17.5
39,116521,Private Job,Diploma,Tier-3,Own,Upper-Middle,Divorced,Arranged,0,16.5
32,62329,Freelancer,Masters,Tier-1,Rented,Middle,Divorced,Arranged,0,14.0
39,28249,Freelancer,Masters,Rural,Own,Upper-Middle,Married,Love,0,5.0
26,189133,Freelancer,Masters,Tier-1,Own,Upper,Single,Love,0,26.0
23,104606,Software Engineer,Bachelors,Tier-1,Own,Lower,Divorced,Love,0,19.0
35,68133,Doctor,Masters,Tier-1,Own,Middle,Divorced,Arranged,0,20.5
29,49478,Freelancer,Bachelors,Rural,Own,Upper,Divorced,Arranged,0,12.0
23,26863,Government Officer,Diploma,Rural,Own,Upper-Middle,Single,Love,1,22.0
31,159446,Freelancer,PhD,Tier-2,Rented,Upper-Middle,Married,Love,0,11.5
35,85860,CA,Diploma,Rural,Own,Upper,Married,Love,0,9.0
32,106279,Doctor,Bachelors,Tier-1,Rented,Lower,Married,Love,0,11.5
38,175394,Government Officer,Masters,Rural,Rented,Middle,Divorced,Arranged,1,25.5
24,145775,Doctor,PhD,Tier-3,Own,Lower,Divorced,Love,0,21.5
35,164834,Freelancer,Bachelors,Rural,Own,Lower,Married,Arranged,0,13.0
26,54199,CA,Diploma,Rural,Own,Upper,Single,Arranged,0,19.5
24,31308,Doctor,PhD,Tier-3,Rented,Upper,Divorced,Love,0,13.0
35,110898,CA,Diploma,Tier-1,Own,Lower,Married,Love,0,13.5
35,66982,Business Owner,Masters,Tier-1,Own,Lower,Single,Arranged,0,24.0
31,67344,Software Engineer,Masters,Tier-1,Rented,Middle,Married,Love,0,10.0
24,157068,Government Officer,PhD,Tier-1,Own,Lower,Married,Love,1,24.5
29,51369,Doctor,Masters,Tier-1,Rented,Upper,Single,Love,0,20.0
24,128357,CA,Bachelors,Rural,Rented,Lower,Married,Love,0,9.0
36,27410,CA,Masters,Tier-3,Own,Lower,Single,Arranged,0,21.0
27,130347,Doctor,Bachelors,Tier-3,Own,Lower,Married,Arranged,0,16.0
32,149494,CA,Diploma,Tier-3,Own,Lower,Divorced,Arranged,0,20.0
36,23482,Government Officer,PhD,Tier-3,Own,Lower,Married,Arranged,1,18.0
30,139302,Software Engineer,Bachelors,Tier-3,Own,Upper-Middle,Married,Love,0,13.5
39,152098,Software Engineer,Bachelors,Tier-2,Own,Upper,Divorced,Love,0,20.5
23,81043,Freelancer,Diploma,Tier-3,Rented,Upper,Married,Arranged,0,6.0
26,132152,Government Officer,Diploma,Tier-2,Own,Middle,Married,Arranged,1,21.5
31,44634,Doctor,Diploma,Tier-3,Rented,Lower,Single,Arranged,0,17.5
24,130946,Business Owner,Masters,Rural,Own,Upper,Single,Arranged,0,24.5
24,41373,Private Job,Masters,Tier-2,Own,Middle,Married,Arranged,0,11.0
25,107515,CA,Diploma,Rural,Own,Upper,Divorced,Love,0,15.0
38,64031,Freelancer,Masters,Tier-3,Own,Upper,Married,Love,0,8.0
37,74140,Software Engineer,PhD,Tier-3,Own,Upper,Divorced,Love,0,17.5
37,109686,CA,PhD,Tier-2,Own,Upper-Middle,Single,Arranged,0,27.0
23,182314,Private Job,Bachelors,Tier-1,Own,Upper-Middle,Divorced,Arranged,0,23.0
32,103573,CA,Bachelors,Tier-2,Own,Upper-Middle,Single,Love,0,23.0
25,64051,Private Job,Masters,Tier-3,Rented,Upper-Middle,Single,Arranged,0,18.0
27,95594,Doctor,Masters,Tier-3,Rented,Middle,Single,Love,0,20.0
24,86658,Government Officer,Bachelors,Tier-1,Rented,Upper-Middle,Single,Love,1,26.0
25,147929,Business Owner,PhD,Tier-1,Rented,Upper,Divorced,Arranged,0,21.0
38,189004,CA,Bachelors,Tier-1,Own,Lower,Divorced,Love,0,23.0
28,132500,Software Engineer,PhD,Rural,Own,Middle,Single,Arranged,0,26.5
30,34997,Government Officer,Masters,Tier-2,Rented,Upper,Married,Love,1,13.5
23,118876,CA,Bachelors,Tier-3,Own,Upper,Married,Arranged,0,14.5
25,64284,Freelancer,Bachelors,Tier-3,Rented,Upper,Single,Love,0,14.0
35,115020,Government Officer,Masters,Rural,Own,Upper-Middle,Divorced,Love,1,23.5
22,95647,Government Officer,Diploma,Rural,Own,Middle,Divorced,Arranged,1,22.5
38,52604,Government Officer,PhD,Rural,Rented,Upper,Married,Love,1,13.5
32,72335,CA,Diploma,Rural,Own,Upper,Divorced,Arranged,0,15.5
27,145454,Doctor,PhD,Tier-2,Rented,Upper-Middle,Divorced,Arranged,0,21.5
22,163058,Government Officer,Diploma,Tier-3,Own,Upper-Middle,Married,Love,1,20.0
35,40513,Private Job,Diploma,Tier-3,Rented,Lower,Single,Love,0,13.0
37,60262,Private Job,PhD,Tier-1,Own,Middle,Divorced,Arranged,0,19.0
32,77215,Private Job,Bachelors,Tier-2,Rented,Lower,Married,Arranged,0,8.5
37,199530,Doctor,Masters,Tier-3,Own,Middle,Single,Love,0,28.0
29,166384,Private Job,Diploma,Rural,Rented,Lower,Divorced,Love,0,13.0
29,128479,CA,PhD,Tier-2,Rented,Middle,Divorced,Arranged,0,20.0
25,62019,CA,PhD,Tier-2,Own,Lower,Married,Love,0,13.0
28,151276,Private Job,Diploma,Rural,Rented,Upper-Middle,Single,Love,0,17.5
33,161245,CA,Diploma,Tier-1,Rented,Middle,Single,Love,0,23.0
34,34399,Private Job,PhD,Tier-3,Own,Lower,Single,Arranged,0,20.5
33,183140,CA,Diploma,Tier-2,Own,Lower,Divorced,Arranged,0,23.0
23,61841,Business Owner,Bachelors,Tier-1,Rented,Middle,Single,Love,0,18.0
37,108700,Doctor,Bachelors,Rural,Own,Upper,Single,Love,0,21.5
27,129396,Doctor,PhD,Tier-2,Own,Upper-Middle,Single,Arranged,0,28.5
40,71423,Government Officer,Diploma,Tier-1,Own,Middle,Single,Love,1,27.5
38,86641,Private Job,Masters,Tier-2,Rented,Lower,Divorced,Arranged,0,15.0
34,192564,Business Owner,Masters,Tier-3,Own,Lower,Single,Love,0,26.5
22,145305,Private Job,Diploma,Rural,Own,Lower,Single,Arranged,0,22.0
28,29854,Doctor,PhD,Tier-1,Rented,Upper,Divorced,Arranged,0,16.5
27,148346,Software Engineer,Masters,Tier-1,Own,Upper,Single,Arranged,0,29.0
33,23406,Doctor,Diploma,Tier-1,Rented,Lower,Married,Arranged,0,8.5
27,166215,CA,PhD,Rural,Own,Upper,Single,Love,0,26.0
27,83620,Software Engineer,Masters,Tier-1,Own,Upper-Middle,Single,Love,0,24.0
31,98238,CA,Masters,Rural,Rented,Middle,Single,Love,0,18.5
30,76092,Freelancer,Diploma,Rural,Own,Upper,Married,Arranged,0,7.5
35,23891,Government Officer,Diploma,Tier-1,Own,Lower,Married,Arranged,1,17.0
38,48953,Business Owner,PhD,Tier-1,Rented,Upper,Divorced,Arranged,0,16.0
23,25200,CA,Diploma,Tier-3,Own,Middle,Married,Arranged,0,9.0
33,86569,Freelancer,Diploma,Tier-1,Rented,Upper-Middle,Married,Arranged,0,8.0
36,53910,Doctor,Diploma,Tier-1,Rented,Lower,Single,Arranged,0,20.0
32,111738,CA,Bachelors,Tier-2,Rented,Lower,Married,Arranged,0,12.5
30,78096,Software Engineer,Diploma,Tier-1,Rented,Upper-Middle,Divorced,Arranged,0,15.5
38,165610,Software Engineer,PhD,Rural,Own,Upper,Single,Arranged,0,28.0
40,41911,Private Job,Bachelors,Tier-3,Own,Lower,Divorced,Love,0,12.0
31,98359,Doctor,Bachelors,Rural,Rented,Upper-Middle,Divorced,Arranged,0,15.0
23,89968,Doctor,PhD,Tier-1,Own,Middle,Divorced,Love,0,20.5
32,114016,Private Job,PhD,Tier-3,Own,Upper,Married,Love,0,12.5
25,164083,CA,Diploma,Tier-1,Own,Upper-Middle,Single,Love,0,26.0
30,105857,Government Officer,Masters,Rural,Own,Lower,Married,Love,1,18.0
39,133533,Freelancer,Masters,Tier-1,Own,Lower,Single,Arranged,0,25.5
28,21054,Software Engineer,Masters,Rural,Own,Middle,Married,Arranged,0,10.0
31,25653,Business Owner,Bachelors,Tier-1,Rented,Lower,Married,Love,0,6.0
35,59582,Doctor,Diploma,Rural,Own,Lower,Single,Love,0,18.0
38,155813,Private Job,Diploma,Tier-3,Own,Middle,Single,Love,0,21.5
23,85385,Freelancer,PhD,Tier-1,Rented,Upper,Divorced,Love,0,14.0
38,193467,Freelancer,Bachelors,Tier-3,Rented,Middle,Single,Arranged,0,22.5
25,191779,Freelancer,PhD,Tier-2,Own,Middle,Married,Arranged,0,18.5
25,187370,Freelancer,PhD,Tier-3,Rented,Upper,Divorced,Arranged,0,19.0
31,177605,Business Owner,Masters,Rural,Own,Upper,Divorced,Arranged,0,21.5
25,109094,Freelancer,Bachelors,Rural,Rented,Middle,Divorced,Arranged,0,12.0
30,150655,Software Engineer,Diploma,Tier-2,Rented,Upper,Single,Arranged,0,23.5
40,194549,Doctor,Masters,Tier-3,Own,Upper,Divorced,Arranged,0,25.0
34,104398,Private Job,Masters,Tier-2,Rented,Upper-Middle,Single,Arranged,0,21.0
34,26354,Business Owner,Diploma,Rural,Own,Upper-Middle,Married,Love,0,5.0
38,104707,Freelancer,Bachelors,Tier-2,Rented,Upper,Divorced,Love,0,12.0
22,197162,Doctor,PhD,Tier-2,Rented,Upper-Middle,Married,Love,0,17.0
27,196431,Business Owner,Bachelors,Tier-3,Rented,Upper,Married,Arranged,0,14.5
36,98688,Software Engineer,Bachelors,Tier-1,Own,Lower,Married,Arranged,0,15.5
34,25778,Software Engineer,Bachelors,Rural,Rented,Upper-Middle,Single,Love,0,14.0
35,96770,Software Engineer,Masters,Tier-3,Own,Middle,Married,Love,0,12.5
40,168639,Business Owner,Bachelors,Tier-1,Own,Lower,Single,Arranged,0,28.0
37,128658,Doctor,PhD,Tier-3,Own,Upper,Single,Love,0,25.5
24,84431,Doctor,Diploma,Tier-2,Own,Lower,Single,Love,0,21.5
34,149538,CA,Bachelors,Tier-1,Own,Upper-Middle,Divorced,Love,0,21.0
39,50721,Government Officer,Masters,Rural,Rented,Upper-Middle,Married,Arranged,1,14.5
28,194166,Doctor,PhD,Tier-2,Own,Upper-Middle,Divorced,Arranged,0,27.0
37,40205,Government Officer,Masters,Rural,Own,Upper-Middle,Single,Love,1,25.0
23,34581,Doctor,Diploma,Tier-1,Rented,Middle,Married,Arranged,0,9.0
31,166774,Software Engineer,Diploma,Rural,Rented,Upper,Single,Arranged,0,22.0
39,67200,CA,Diploma,Tier-3,Rented,Upper,Married,Arranged,0,8.0
39,124226,Freelancer,PhD,Tier-2,Own,Middle,Single,Arranged,0,25.0
22,172325,CA,Diploma,Tier-2,Own,Lower,Single,Arranged,0,27.5
27,57082,Business Owner,Bachelors,Tier-2,Rented,Upper,Single,Arranged,0,18.5
24,60045,Doctor,Bachelors,Rural,Own,Lower,Single,Arranged,0,21.5
33,151481,Software Engineer,PhD,Tier-3,Rented,Upper-Middle,Single,Arranged,0,25.5
34,95275,Government Officer,Bachelors,Rural,Own,Middle,Married,Arranged,1,18.5
37,74329,Software Engineer,Bachelors,Tier-1,Own,Middle,Divorced,Love,0,17.5
29,170257,Freelancer,Masters,Tier-2,Own,Lower,Single,Arranged,0,26.5
22,174685,Business Owner,Masters,Rural,Own,Upper-Middle,Divorced,Love,0,19.5
24,72778,Doctor,Masters,Tier-2,Own,Upper-Middle,Divorced,Arranged,0,20.0
34,102001,CA,PhD,Tier-1,Own,Middle,Divorced,Love,0,21.0
26,152638,Private Job,Diploma,Tier-2,Own,Lower,Divorced,Love,0,17.5
31,119537,CA,PhD,Tier-2,Own,Upper-Middle,Single,Arranged,0,27.5
37,193462,Freelancer,PhD,Tier-1,Rented,Upper,Divorced,Love,0,19.5
33,183887,CA,PhD,Tier-1,Own,Upper-Middle,Single,Arranged,0,32.0
25,166623,Government Officer,PhD,Tier-3,Own,Lower,Divorced,Arranged,1,30.0
35,119603,Software Engineer,Bachelors,Tier-1,Rented,Upper-Middle,Married,Arranged,0,13.5
37,186277,Doctor,PhD,Tier-2,Rented,Upper,Married,Love,0,16.5
39,168560,Government Officer,Masters,Tier-1,Rented,Lower,Married,Arranged,1,23.0
32,54313,Government Officer,Bachelors,Rural,Own,Upper,Married,Love,1,14.5
22,86300,Software Engineer,Bachelors,Rural,Own,Upper,Single,Love,0,20.0
22,190722,Doctor,PhD,Rural,Rented,Middle,Divorced,Arranged,0,22.0
36,20521,Freelancer,Bachelors,Tier-2,Rented,Upper-Middle,Married,Arranged,0,5.0
26,174221,Software Engineer,Diploma,Tier-3,Rented,Upper,Single,Love,0,21.5
28,29037,Business Owner,Bachelors,Tier-1,Rented,Middle,Divorced,Arranged,0,13.0
30,133855,Government Officer,Bachelors,Tier-1,Rented,Middle,Single,Love,1,28.5
31,23894,Business Owner,Bachelors,Tier-2,Own,Upper-Middle,Married,Love,0,8.0
40,171503,Business Owner,PhD,Rural,Rented,Upper-Middle,Married,Arranged,0,14.5
30,36139,Business Owner,Bachelors,Tier-1,Own,Lower,Divorced,Arranged,0,16.5
23,29228,Doctor,Bachelors,Tier-2,Rented,Upper-Middle,Married,Arranged,0,8.5
29,82686,CA,Diploma,Rural,Rented,Upper,Single,Love,0,16.0
23,196984,Doctor,Diploma,Tier-1,Own,Upper-Middle,Divorced,Love,0,23.0
40,107186,Private Job,Masters,Tier-3,Rented,Middle,Single,Love,0,18.0
32,175173,Business Owner,Masters,Tier-3,Rented,Middle,Divorced,Love,0,17.5
27,23153,Business Owner,Bachelors,Rural,Own,Middle,Single,Love,0,16.0
33,81048,CA,Masters,Rural,Rented,Upper,Single,Arranged,0,20.0
30,171164,Business Owner,Masters,Tier-3,Own,Lower,Single,Love,0,25.5
28,177226,Government Officer,Masters,Tier-1,Own,Upper-Middle,Divorced,Arranged,1,31.5
31,79548,Doctor,Masters,Tier-1,Rented,Upper-Middle,Married,Love,0,11.0
30,128278,Government Officer,PhD,Tier-1,Own,Upper-Middle,Married,Love,1,23.0
22,87141,Software Engineer,Bachelors,Rural,Own,Middle,Divorced,Love,0,15.0
26,156745,CA,Diploma,Tier-1,Rented,Lower,Single,Love,0,22.5
36,105775,Private Job,Diploma,Tier-3,Own,Middle,Single,Arranged,0,21.0
39,79806,Software Engineer,Diploma,Tier-3,Rented,Upper,Married,Love,0,6.5
22,96732,Freelancer,PhD,Tier-3,Own,Upper,Divorced,Love,0,15.5
31,65895,Business Owner,Masters,Tier-1,Rented,Upper-Middle,Married,Arranged,0,11.0
25,163397,Doctor,Diploma,Tier-2,Rented,Upper-Middle,Married,Love,0,12.5
34,146465,Software Engineer,Bachelors,Tier-3,Own,Middle,Single,Love,0,24.0
37,45082,Private Job,Bachelors,Tier-2,Rented,Middle,Married,Arranged,0,7.0
26,86764,Freelancer,PhD,Tier-3,Own,Upper,Married,Love,0,10.0
24,93344,Private Job,PhD,Tier-3,Rented,Lower,Married,Arranged,0,10.5
32,45926,Software Engineer,Bachelors,Tier-2,Rented,Middle,Married,Arranged,0,9.0
38,126990,Private Job,Bachelors,Tier-1,Rented,Middle,Married,Love,0,10.0
38,133145,Private Job,PhD,Rural,Own,Middle,Married,Love,0,12.5
28,197863,Software Engineer,PhD,Tier-1,Rented,Middle,Single,Love,0,27.5
34,134116,Private Job,Masters,Tier-1,Own,Lower,Married,Love,0,14.5
26,140859,Government Officer,PhD,Tier-3,Own,Upper-Middle,Divorced,Arranged,1,29.0
34,189367,Business Owner,Masters,Tier-1,Rented,Upper-Middle,Married,Love,0,15.0
23,189732,Government Officer,Bachelors,Tier-3,Rented,Middle,Single,Love,1,29.0
39,68503,Business Owner,PhD,Tier-3,Own,Lower,Single,Love,0,21.0
38,140234,Doctor,Diploma,Tier-2,Rented,Upper,Married,Love,0,11.5
39,151862,CA,Diploma,Tier-2,Own,Upper-Middle,Married,Love,0,14.5
31,21404,Private Job,Masters,Tier-1,Own,Upper,Divorced,Arranged,0,16.0
34,58764,Freelancer,Masters,Rural,Rented,Lower,Married,Love,0,3.5
31,30320,Freelancer,Bachelors,Rural,Own,Upper-Middle,Divorced,Arranged,0,11.5
36,135310,CA,Bachelors,Tier-2,Own,Upper,Married,Arranged,0,16.5
23,165648,Government Officer,Masters,Rural,Rented,Upper,Married,Arranged,1,20.0
38,25772,Government Officer,Diploma,Tier-3,Own,Upper-Middle,Single,Love,1,23.0
29,160315,CA,PhD,Rural,Own,Lower,Single,Love,0,26.0
28,69716,Doctor,Diploma,Tier-3,Rented,Middle,Single,Love,0,16.5
37,129548,CA,Diploma,Tier-1,Rented,Upper,Single,Love,0,21.0
34,142599,Freelancer,Diploma,Tier-3,Own,Upper-Middle,Divorced,Arranged,0,17.0
35,122884,Software Engineer,Bachelors,Tier-2,Rented,Middle,Married,Arranged,0,13.0
38,164455,Freelancer,PhD,Tier-3,Rented,Middle,Single,Love,0,21.0
36,104285,Private Job,Bachelors,Tier-1,Own,Middle,Married,Arranged,0,14.0
32,177414,Business Owner,Masters,Rural,Own,Upper-Middle,Single,Arranged,0,26.5
37,44413,Government Officer,Diploma,Tier-2,Rented,Lower,Divorced,Love,1,17.0
30,34450,Private Job,Bachelors,Rural,Own,Lower,Divorced,Arranged,0,12.5
32,187968,Freelancer,PhD,Tier-2,Own,Upper,Divorced,Arranged,0,23.0
23,64539,Freelancer,Bachelors,Tier-3,Rented,Upper,Married,Love,0,4.0
25,183507,Business Owner,Masters,Rural,Rented,Lower,Divorced,Arranged,0,19.0
37,155780,Government Officer,Masters,Tier-2,Rented,Upper,Divorced,Arranged,1,26.5
31,43980,Business Owner,Masters,Tier-2,Own,Lower,Single,Love,0,20.0
30,137296,Government Officer,Bachelors,Tier-1,Rented,Middle,Married,Love,1,18.5
26,125282,Doctor,PhD,Tier-3,Own,Lower,Single,Arranged,0,27.5
32,131403,Doctor,Masters,Tier-1,Rented,Middle,Married,Arranged,0,16.0
30,58727,Doctor,Bachelors,Rural,Rented,Middle,Divorced,Love,0,11.0
27,45422,Freelancer,Masters,Tier-3,Rented,Middle,Single,Arranged,0,16.0
32,83504,Private Job,Diploma,Rural,Own,Lower,Single,Love,0,17.0
23,108460,Government Officer,Masters,Tier-1,Rented,Middle,Single,Arranged,1,30.0
37,195789,Doctor,Diploma,Rural,Rented,Middle,Divorced,Arranged,0,19.0
34,121959,Private Job,Diploma,Rural,Rented,Upper-Middle,Married,Arranged,0,8.0
35,158902,Freelancer,Diploma,Rural,Own,Middle,Divorced,Arranged,0,16.5
24,79722,Software Engineer,PhD,Tier-3,Own,Upper-Middle,Divorced,Arranged,0,19.5
31,180411,Government Officer,Diploma,Tier-2,Rented,Middle,Single,Arranged,1,31.0
28,128429,CA,Diploma,Tier-3,Rented,Middle,Divorced,Love,0,14.0
27,144414,CA,Bachelors,Tier-3,Own,Lower,Married,Love,0,14.0
38,193105,Software Engineer,Bachelors,Tier-3,Rented,Upper-Middle,Single,Love,0,23.5
24,109758,Private Job,Masters,Tier-1,Own,Upper,Single,Love,0,23.0
25,167306,Private Job,Bachelors,Tier-1,Rented,Middle,Divorced,Love,0,17.0
37,49152,Business Owner,Masters,Tier-3,Rented,Lower,Married,Love,0,6.0
28,131850,Software Engineer,Diploma,Tier-3,Rented,Upper-Middle,Single,Love,0,19.5
31,132706,Government Officer,Masters,Rural,Own,Upper,Married,Arranged,1,21.5
34,58736,Freelancer,Bachelors,Tier-3,Own,Upper-Middle,Married,Love,0,6.5
40,163331,CA,Masters,Tier-2,Own,Lower,Divorced,Arranged,0,24.0
40,98112,Business Owner,Masters,Rural,Own,Upper,Married,Arranged,0,12.5
40,171480,CA,Masters,Tier-1,Own,Upper-Middle,Married,Love,0,18.5
32,40466,Private Job,Bachelors,Tier-1,Own,Lower,Single,Arranged,0,21.0
22,156220,Private Job,PhD,Tier-2,Rented,Upper,Single,Arranged,0,24.5
23,92679,Business Owner,PhD,Tier-3,Own,Lower,Married,Love,0,12.5
33,43191,Doctor,Bachelors,Tier-3,Own,Lower,Married,Arranged,0,11.5
35,156479,Business Owner,PhD,Rural,Rented,Upper,Divorced,Love,0,16.5
36,197581,Freelancer,Diploma,Tier-3,Own,Middle,Single,Arranged,0,24.5
37,60429,Freelancer,PhD,Tier-3,Rented,Upper,Divorced,Arranged,0,13.0
34,128820,Doctor,Bachelors,Tier-1,Rented,Upper-Middle,Single,Love,0,22.5
37,105624,CA,Masters,Tier-2,Rented,Lower,Divorced,Arranged,0,18.0
29,128690,Freelancer,Bachelors,Rural,Rented,Middle,Divorced,Love,0,11.0
37,95880,Private Job,Bachelors,Tier-2,Own,Lower,Divorced,Love,0,15.5
32,196486,Business Owner,Masters,Tier-2,Own,Middle,Divorced,Arranged,0,24.5
23,126098,CA,PhD,Rural,Own,Lower,Single,Love,0,24.0
38,166523,Government Officer,Diploma,Tier-2,Rented,Middle,Single,Arranged,1,30.0
39,72977,Freelancer,Diploma,Tier-3,Own,Upper-Middle,Divorced,Love,0,11.5
32,115940,CA,Bachelors,Tier-2,Own,Upper-Middle,Divorced,Arranged,0,20.5
35,114036,Doctor,PhD,Tier-3,Rented,Lower,Divorced,Love,0,17.0
32,189675,Freelancer,PhD,Tier-3,Own,Upper,Single,Love,0,25.0
24,55103,Software Engineer,Bachelors,Tier-3,Own,Upper,Single,Arranged,0,21.5
37,68215,Freelancer,Bachelors,Tier-3,Rented,Middle,Divorced,Love,0,9.0
28,117250,Business Owner,Diploma,Tier-2,Own,Lower,Divorced,Love,0,16.5
27,70213,Business Owner,Diploma,Tier-1,Own,Middle,Divorced,Arranged,0,17.5
34,27325,Freelancer,Diploma,Tier-3,Rented,Upper-Middle,Married,Love,0,1.0
30,180960,Doctor,PhD,Tier-1,Rented,Upper-Middle,Divorced,Love,0,22.5
25,190555,Private Job,Bachelors,Tier-1,Rented,Upper,Divorced,Arranged,0,20.5
28,172082,Doctor,Bachelors,Tier-3,Rented,Upper-Middle,Single,Arranged,0,25.0
28,153526,Private Job,PhD,Tier-2,Rented,Lower,Married,Love,0,12.5
29,104732,Private Job,Bachelors,Tier-3,Own,Middle,Married,Love,0,10.0
28,141914,Doctor,Diploma,Rural,Rented,Upper-Middle,Single,Love,0,19.5
39,69556,Software Engineer,Diploma,Rural,Rented,Lower,Divorced,Arranged,0,12.0
32,38207,Business Owner,Bachelors,Tier-2,Own,Middle,Married,Arranged,0,10.5
32,39891,Business Owner,Diploma,Rural,Own,Middle,Divorced,Arranged,0,12.5
23,127547,Freelancer,Bachelors,Tier-3,Own,Upper,Divorced,Love,0,15.0
23,192395,Private Job,Masters,Rural,Own,Upper-Middle,Divorced,Love,0,19.5
22,94401,Software Engineer,Bachelors,Tier-2,Own,Upper-Middle,Married,Arranged,0,14.5
26,35092,Freelancer,Masters,Tier-2,Own,Lower,Single,Arranged,0,19.5
22,81423,Freelancer,Diploma,Tier-1,Rented,Upper-Middle,Divorced,Arranged,0,13.0
40,42186,Government Officer,Masters,Tier-2,Own,Upper-Middle,Single,Arranged,1,29.0
31,117819,Doctor,Diploma,Tier-3,Own,Middle,Married,Arranged,0,14.0
39,29312,Government Officer,Diploma,Rural,Own,Middle,Single,Love,1,22.0
28,122305,Freelancer,PhD,Tier-1,Own,Upper,Married,Arranged,0,16.0
25,158592,CA,Diploma,Rural,Own,Upper,Divorced,Arranged,0,19.5
34,114283,Doctor,PhD,Rural,Rented,Upper-Middle,Married,Arranged,0,13.0
29,153846,CA,Bachelors,Tier-3,Own,Lower,Single,Arranged,0,26.5
33,158253,Business Owner,Diploma,Tier-2,Rented,Upper,Married,Arranged,0,12.5
35,70865,Freelancer,Bachelors,Tier-2,Rented,Upper,Married,Love,0,5.5
31,21633,CA,Diploma,Rural,Own,Middle,Divorced,Arranged,0,13.0
30,72377,CA,Bachelors,Tier-1,Rented,Upper,Married,Love,0,9.5
36,164106,Private Job,Diploma,Rural,Own,Upper-Middle,Single,Love,0,21.0
30,176461,Freelancer,Bachelors,Tier-3,Own,Lower,Single,Love,0,22.5
32,97654,Software Engineer,Bachelors,Rural,Own,Middle,Divorced,Love,0,15.5
22,163056,Business Owner,PhD,Tier-2,Own,Lower,Married,Love,0,17.0
35,53066,Software Engineer,PhD,Rural,Rented,Lower,Married,Love,0,7.5
36,80929,Business Owner,Bachelors,Tier-2,Rented,Upper,Divorced,Arranged,0,15.0
32,23341,Business Owner,Bachelors,Tier-3,Rented,Upper,Divorced,Arranged,0,11.0
37,72953,Doctor,Bachelors,Tier-1,Rented,Lower,Divorced,Love,0,15.0
31,150805,Private Job,Bachelors,Tier-2,Rented,Lower,Divorced,Arranged,0,17.5
39,116384,Doctor,Bachelors,Tier-3,Own,Upper,Married,Love,0,13.0
34,124594,Software Engineer,Diploma,Rural,Rented,Middle,Divorced,Love,0,13.0
39,38226,Software Engineer,PhD,Tier-2,Own,Middle,Single,Love,0,21.5
25,109584,Doctor,Diploma,Tier-3,Rented,Lower,Married,Arranged,0,10.5
36,161094,CA,PhD,Tier-1,Rented,Lower,Single,Arranged,0,28.0
24,37997,Private Job,Diploma,Tier-2,Own,Middle,Married,Love,0,6.5
38,161720,CA,PhD,Tier-3,Rented,Lower,Divorced,Love,0,19.0
29,141383,Business Owner,Diploma,Tier-1,Rented,Upper-Middle,Single,Arranged,0,23.0
22,22074,CA,Diploma,Rural,Rented,Upper-Middle,Married,Arranged,0,5.0
26,163774,Doctor,PhD,Rural,Rented,Upper-Middle,Married,Arranged,0,15.5
32,188108,Freelancer,Masters,Tier-3,Rented,Lower,Divorced,Arranged,0,18.0
30,26921,Business Owner,Bachelors,Tier-3,Own,Middle,Single,Love,0,17.0
24,120441,Private Job,Masters,Tier-2,Rented,Upper,Married,Arranged,0,12.0
24,106219,Software Engineer,Masters,Tier-2,Rented,Upper,Married,Arranged,0,13.0
31,106980,Software Engineer,PhD,Tier-2,Rented,Middle,Single,Love,0,22.0
34,188717,Software Engineer,Diploma,Tier-3,Rented,Middle,Single,Love,0,22.0
26,174467,Business Owner,Masters,Tier-3,Rented,Upper,Single,Arranged,0,24.5
37,191599,Doctor,Bachelors,Tier-3,Own,Upper-Middle,Divorced,Arranged,0,24.0
30,189660,Government Officer,Masters,Tier-3,Rented,Upper-Middle,Married,Arranged,1,22.0
28,75770,Business Owner,Masters,Rural,Rented,Upper,Married,Love,0,6.5
35,179500,Doctor,PhD,Rural,Rented,Middle,Divorced,Arranged,0,21.0
35,123187,Software Engineer,PhD,Tier-2,Rented,Upper,Single,Arranged,0,25.0
23,130925,Government Officer,Masters,Tier-2,Rented,Middle,Divorced,Arranged,1,25.5
40,117268,Software Engineer,Masters,Tier-3,Rented,Upper,Married,Love,0,10.5
26,128383,Freelancer,Bachelors,Tier-3,Rented,Lower,Single,Arranged,0,19.0
23,153078,Government Officer,Masters,Tier-2,Rented,Middle,Divorced,Arranged,1,26.5
39,47792,Doctor,PhD,Tier-1,Own,Lower,Married,Arranged,0,15.5
25,82884,CA,Masters,Rural,Own,Upper-Middle,Divorced,Arranged,0,18.0
23,190052,Government Officer,Masters,Tier-1,Own,Middle,Single,Arranged,1,37.5
30,110799,Private Job,Masters,Tier-1,Own,Middle,Single,Arranged,0,25.5
26,127674,Government Officer,PhD,Rural,Rented,Upper-Middle,Single,Love,1,27.0
38,184607,Business Owner,Bachelors,Tier-1,Rented,Middle,Married,Arranged,0,16.0
28,196943,Private Job,PhD,Tier-3,Own,Upper-Middle,Married,Arranged,0,18.5
39,131493,CA,Diploma,Tier-1,Rented,Upper-Middle,Single,Love,0,21.5
25,150137,Private Job,Diploma,Tier-3,Own,Upper,Single,Arranged,0,23.5
27,171074,CA,PhD,Tier-3,Rented,Lower,Single,Arranged,0,26.5
36,169111,Software Engineer,PhD,Rural,Own,Middle,Married,Arranged,0,18.0
27,131502,Doctor,PhD,Tier-2,Rented,Lower,Divorced,Love,0,19.0
24,32156,Government Officer,Bachelors,Rural,Own,Middle,Divorced,Love,1,18.5
27,75893,Private Job,Diploma,Tier-3,Own,Upper,Married,Arranged,0,9.5
40,129768,Software Engineer,Masters,Tier-1,Rented,Lower,Divorced,Arranged,0,20.0
23,59069,Doctor,Diploma,Tier-2,Own,Middle,Single,Arranged,0,22.0
27,85462,Doctor,Bachelors,Tier-3,Own,Upper-Middle,Divorced,Love,0,16.5
27,156946,Private Job,Diploma,Tier-3,Own,Middle,Married,Love,0,11.5
25,118461,CA,Diploma,Tier-3,Rented,Upper,Divorced,Arranged,0,15.5
23,149476,Software Engineer,Bachelors,Tier-1,Own,Upper,Married,Love,0,16.0
26,139246,Government Officer,Bachelors,Tier-3,Rented,Upper,Married,Love,1,16.5
25,187399,Software Engineer,PhD,Rural,Own,Lower,Married,Love,0,17.0
33,46731,Software Engineer,Bachelors,Tier-3,Rented,Lower,Single,Arranged,0,18.0
32,144255,Business Owner,PhD,Tier-2,Rented,Middle,Divorced,Arranged,0,20.0
39,177536,CA,Masters,Tier-1,Own,Upper-Middle,Single,Arranged,0,30.5
30,188121,CA,Diploma,Tier-3,Own,Middle,Single,Love,0,25.0
34,71950,Freelancer,Masters,Tier-2,Own,Lower,Single,Love,0,19.5
28,90136,Business Owner,Masters,Rural,Own,Middle,Divorced,Love,0,15.5
32,167968,Software Engineer,Masters,Tier-2,Own,Upper,Divorced,Arranged,0,24.0
28,124574,Doctor,Diploma,Tier-3,Rented,Lower,Married,Arranged,0,11.5
33,68452,Doctor,Masters,Tier-1,Rented,Lower,Single,Arranged,0,22.5
28,47075,Business Owner,Bachelors,Tier-1,Rented,Upper,Married,Arranged,0,9.0
35,63956,Freelancer,Diploma,Tier-1,Own,Middle,Divorced,Love,0,13.0
30,190464,Private Job,Diploma,Tier-1,Rented,Upper-Middle,Divorced,Arranged,0,19.5
36,20757,Doctor,Masters,Tier-3,Rented,Middle,Married,Arranged,0,8.5
24,176780,Private Job,Diploma,Tier-2,Own,Lower,Divorced,Arranged,0,20.5
22,87332,Private Job,Diploma,Tier-3,Rented,Upper,Married,Arranged,0,7.0
34,152297,CA,Diploma,Tier-2,Own,Upper,Divorced,Love,0,19.5
31,45681,CA,Diploma,Tier-1,Own,Upper-Middle,Married,Love,0,10.0
26,165239,CA,PhD,Tier-3,Rented,Middle,Married,Arranged,0,16.0
40,190820,Business Owner,PhD,Rural,Rented,Lower,Divorced,Arranged,0,20.5
29,30909,Private Job,PhD,Tier-1,Rented,Upper,Married,Love,0,7.5
37,191174,CA,Masters,Tier-3,Rented,Upper-Middle,Single,Love,0,24.5
25,146456,CA,Diploma,Tier-1,Own,Lower,Single,Arranged,0,27.0
34,88319,Private Job,Diploma,Tier-3,Rented,Upper,Single,Arranged,0,17.0
25,116635,Software Engineer,Bachelors,Tier-1,Rented,Upper-Middle,Single,Love,0,21.5
26,161201,Government Officer,Diploma,Rural,Own,Lower,Divorced,Arranged,1,26.0
36,125503,CA,Masters,Tier-3,Rented,Lower,Divorced,Love,0,16.0
38,40076,Private Job,Bachelors,Tier-1,Rented,Middle,Divorced,Love,0,11.0
40,132173,CA,Masters,Tier-3,Own,Upper,Single,Arranged,0,26.5
28,53202,Freelancer,Bachelors,Tier-1,Rented,Middle,Married,Arranged,0,7.5
32,197578,Software Engineer,PhD,Tier-1,Rented,Upper-Middle,Single,Arranged,0,29.5
37,149831,Software Engineer,Diploma,Tier-3,Own,Middle,Married,Love,0,13.0
33,62645,Doctor,Bachelors,Tier-2,Rented,Lower,Single,Love,0,18.5
37,38186,Private Job,PhD,Rural,Rented,Upper-Middle,Divorced,Arranged,0,11.5
34,127700,CA,Masters,Tier-1,Rented,Upper,Single,Love,0,23.0
25,163402,Private Job,PhD,Tier-1,Rented,Middle,Divorced,Arranged,0,21.0
29,60834,CA,Diploma,Tier-3,Own,Middle,Divorced,Love,0,14.0
40,103838,Doctor,Masters,Tier-3,Rented,Upper-Middle,Single,Love,0,20.5
27,32359,Software Engineer,Bachelors,Tier-2,Own,Lower,Divorced,Love,0,14.5
25,24230,Private Job,Bachelors,Tier-1,Own,Upper-Middle,Married,Love,0,8.0
37,154468,Government Officer,Masters,Tier-2,Own,Upper-Middle,Single,Arranged,1,34.5
38,81267,Business Owner,Diploma,Rural,Rented,Upper,Married,Love,0,5.0
33,187604,Business Owner,Masters,Tier-1,Own,Upper,Single,Love,0,28.0
32,27085,Software Engineer,Diploma,Tier-1,Own,Middle,Single,Arranged,0,21.0
31,36768,Government Officer,Bachelors,Rural,Own,Lower,Divorced,Arranged,1,20.5
32,190701,Government Officer,Diploma,Tier-1,Own,Upper,Married,Arranged,1,25.5
37,75224,Freelancer,Masters,Tier-1,Rented,Upper-Middle,Married,Love,0,7.5
38,177062,Government Officer,Bachelors,Tier-2,Rented,Lower,Single,Love,1,29.5
36,116052,Business Owner,PhD,Rural,Own,Upper,Married,Love,0,12.5
30,22724,Business Owner,PhD,Tier-3,Own,Middle,Divorced,Arranged,0,16.0
38,127779,Software Engineer,Bachelors,Tier-3,Own,Lower,Single,Love,0,23.0
36,72530,Freelancer,Masters,Tier-1,Rented,Upper,Married,Love,0,7.5
27,38242,Software Engineer,PhD,Tier-2,Rented,Lower,Married,Arranged,0,10.5
40,120653,Software Engineer,Bachelors,Tier-1,Own,Upper-Middle,Married,Love,0,15.0
27,42958,Software Engineer,Masters,Rural,Own,Upper,Married,Arranged,0,11.0
38,132045,Business Owner,PhD,Tier-2,Rented,Upper,Single,Arranged,0,24.5
24,168820,Government Officer,Diploma,Tier-1,Rented,Upper,Divorced,Arranged,1,26.0
24,74651,Business Owner,Diploma,Tier-2,Own,Middle,Divorced,Arranged,0,16.5
38,192965,Business Owner,Masters,Tier-2,Own,Upper-Middle,Divorced,Arranged,0,24.5
22,191593,Business Owner,Diploma,Rural,Rented,Middle,Single,Love,0,20.5
31,94583,Freelancer,Masters,Tier-2,Own,Lower,Divorced,Arranged,0,17.5
34,180499,Government Officer,Diploma,Tier-1,Own,Middle,Single,Love,1,33.0
37,82837,CA,Diploma,Tier-3,Rented,Upper-Middle,Married,Love,0,7.0
23,117344,Business Owner,Diploma,Rural,Own,Upper,Divorced,Love,0,14.5
39,105725,Business Owner,PhD,Tier-2,Own,Middle,Single,Love,0,24.0
40,165869,Business Owner,Masters,Rural,Own,Middle,Married,Love,0,14.0
26,33552,Doctor,Diploma,Rural,Rented,Middle,Married,Arranged,0,6.0
37,123818,CA,PhD,Tier-2,Own,Upper-Middle,Married,Love,0,16.0
24,158638,Business Owner,Bachelors,Tier-2,Own,Upper,Divorced,Arranged,0,21.5
27,81255,Freelancer,Diploma,Tier-3,Own,Middle,Married,Love,0,7.0
38,175309,Private Job,PhD,Tier-1,Own,Middle,Married,Arranged,0,19.5
25,183594,Software Engineer,Masters,Tier-2,Rented,Middle,Married,Love,0,15.0
37,104236,Software Engineer,Diploma,Tier-2,Own,Lower,Single,Love,0,22.0
26,101505,Private Job,Diploma,Rural,Own,Upper-Middle,Divorced,Love,0,13.0
31,40451,Business Owner,Bachelors,Tier-3,Own,Upper,Divorced,Love,0,13.0
25,102254,Doctor,Bachelors,Tier-1,Own,Lower,Single,Love,0,24.5
38,113030,Freelancer,Diploma,Tier-2,Own,Upper-Middle,Married,Arranged,0,11.5
24,65618,CA,Bachelors,Tier-3,Own,Upper-Middle,Married,Arranged,0,12.0
33,140802,CA,Bachelors,Tier-1,Rented,Middle,Divorced,Arranged,0,20.0
34,150994,Business Owner,Bachelors,Tier-2,Rented,Upper,Divorced,Love,0,16.5
22,129340,CA,PhD,Tier-1,Own,Upper,Divorced,Arranged,0,24.0
23,35723,Private Job,Masters,Tier-3,Rented,Middle,Married,Arranged,0,6.5
33,147493,Business Owner,Masters,Rural,Rented,Upper,Single,Love,0,20.0
37,66015,Private Job,Masters,Tier-2,Rented,Middle,Single,Arranged,0,19.0
31,199373,Private Job,Masters,Tier-3,Rented,Middle,Married,Arranged,0,14.5
39,31428,Software Engineer,Masters,Tier-3,Rented,Upper-Middle,Divorced,Arranged,0,13.5
25,61156,Government Officer,Diploma,Rural,Rented,Middle,Divorced,Love,1,16.0
31,143807,Doctor,Diploma,Tier-1,Rented,Upper,Divorced,Arranged,0,19.5
29,126020,Software Engineer,Masters,Tier-1,Rented,Upper-Middle,Single,Love,0,23.0
39,155242,Private Job,PhD,Rural,Rented,Upper-Middle,Single,Arranged,0,22.5
32,48013,Government Officer,PhD,Tier-2,Own,Middle,Single,Love,1,28.0
29,174684,Government Officer,Masters,Tier-1,Own,Lower,Divorced,Arranged,1,31.5
36,54854,Software Engineer,Bachelors,Rural,Rented,Middle,Divorced,Love,0,10.5
26,109583,CA,PhD,Rural,Own,Upper-Middle,Married,Love,0,13.0
22,172209,Software Engineer,Diploma,Tier-1,Own,Middle,Married,Arranged,0,18.5
38,166345,Business Owner,PhD,Tier-1,Rented,Lower,Married,Love,0,15.0
22,136044,Private Job,Masters,Rural,Rented,Upper-Middle,Married,Arranged,0,10.5
26,117416,Doctor,PhD,Tier-3,Rented,Upper,Single,Love,0,22.0
31,132936,CA,Masters,Rural,Own,Upper-Middle,Single,Arranged,0,25.5
23,157659,Software Engineer,Bachelors,Tier-2,Rented,Upper,Married,Arranged,0,14.5
26,189966,Doctor,PhD,Tier-2,Own,Upper,Married,Arranged,0,21.5
29,25879,Doctor,PhD,Tier-3,Own,Lower,Divorced,Arranged,0,17.5
32,183956,Private Job,Bachelors,Rural,Own,Upper-Middle,Married,Arranged,0,15.0
34,90946,Doctor,Diploma,Rural,Own,Upper,Married,Arranged,0,12.0
30,131814,Freelancer,Diploma,Tier-1,Rented,Upper-Middle,Married,Love,0,8.5
29,179831,Doctor,Masters,Tier-2,Own,Lower,Single,Love,0,28.0
35,186334,Business Owner,Masters,Rural,Rented,Upper,Single,Arranged,0,24.0
39,148162,Government Officer,PhD,Tier-3,Own,Upper-Middle,Single,Love,1,32.0
38,52850,CA,Bachelors,Rural,Rented,Middle,Single,Love,0,15.5
32,44470,Software Engineer,Masters,Tier-2,Rented,Upper,Divorced,Love,0,13.0
32,22645,Business Owner,Bachelors,Tier-3,Rented,Upper,Single,Arranged,0,16.0
37,55466,Doctor,Bachelors,Rural,Own,Upper,Single,Love,0,19.0
31,61594,Doctor,Masters,Tier-3,Own,Lower,Divorced,Love,0,16.5
36,180431,Government Officer,Diploma,Tier-2,Own,Upper-Middle,Married,Love,1,22.0
39,193658,Government Officer,Bachelors,Tier-1,Own,Upper-Middle,Divorced,Arranged,1,31.5
40,24540,Software Engineer,Masters,Rural,Rented,Upper,Divorced,Arranged,0,12.0
35,183303,Business Owner,Masters,Rural,Own,Middle,Divorced,Arranged,0,22.0
31,144606,Business Owner,PhD,Tier-3,Own,Upper,Divorced,Arranged,0,22.0
24,130904,Private Job,Diploma,Rural,Rented,Upper,Married,Love,0,6.5
40,149625,Government Officer,Masters,Rural,Own,Upper-Middle,Married,Arranged,1,22.0
22,123389,Doctor,Bachelors,Rural,Own,Upper,Divorced,Love,0,17.5
25,29449,Doctor,PhD,Tier-2,Rented,Upper-Middle,Married,Arranged,0,10.5
36,35790,Software Engineer,Diploma,Tier-1,Own,Upper-Middle,Divorced,Love,0,14.5
35,90582,Software Engineer,Masters,Tier-2,Rented,Middle,Divorced,Arranged,0,17.5
40,193405,Government Officer,Bachelors,Tier-3,Rented,Upper,Married,Arranged,1,21.5
25,143899,Private Job,PhD,Tier-1,Own,Middle,Married,Arranged,0,18.0
26,149654,Private Job,Masters,Tier-2,Rented,Middle,Single,Arranged,0,23.0
22,86995,Doctor,PhD,Tier-1,Own,Upper,Married,Love,0,15.5
35,69391,Software Engineer,Masters,Tier-1,Own,Upper,Divorced,Arranged,0,20.0
33,195132,Government Officer,Diploma,Tier-3,Rented,Middle,Divorced,Love,1,23.5
39,191939,CA,PhD,Tier-1,Own,Lower,Divorced,Arranged,0,27.5
24,41851,Private Job,Diploma,Rural,Rented,Upper-Middle,Single,Love,0,12.0
24,99069,Government Officer,PhD,Tier-3,Rented,Upper-Middle,Single,Arranged,1,28.5
29,97090,Freelancer,Masters,Rural,Rented,Upper,Divorced,Love,0,10.5
26,44795,Government Officer,PhD,Tier-1,Own,Upper-Middle,Single,Arranged,1,31.0
33,191477,Software Engineer,Diploma,Tier-3,Rented,Middle,Married,Love,0,12.5
36,52296,Freelancer,Masters,Tier-1,Rented,Lower,Single,Arranged,0,18.5
23,134403,CA,Diploma,Tier-1,Own,Middle,Single,Arranged,0,26.5
40,189611,Freelancer,Masters,Tier-3,Own,Upper,Divorced,Arranged,0,21.0
24,106424,Government Officer,Diploma,Tier-1,Own,Lower,Single,Arranged,1,31.0
40,195509,Software Engineer,Bachelors,Tier-3,Own,Middle,Single,Love,0,26.5
37,175044,Private Job,Diploma,Tier-3,Rented,Lower,Married,Love,0,9.5
37,93074,CA,Bachelors,Tier-1,Own,Upper,Married,Arranged,0,15.5
39,41782,Freelancer,Masters,Tier-2,Own,Upper,Single,Arranged,0,20.0
34,64162,Government Officer,Masters,Tier-1,Rented,Middle,Married,Love,1,16.0
40,148052,Business Owner,Diploma,Rural,Own,Upper-Middle,Single,Love,0,21.0
23,94621,Software Engineer,PhD,Tier-1,Rented,Upper-Middle,Divorced,Love,0,17.5
30,59279,CA,Bachelors,Tier-1,Own,Upper,Married,Love,0,11.5
27,83960,Business Owner,PhD,Rural,Own,Middle,Married,Arranged,0,13.0
25,72198,Government Officer,Bachelors,Tier-2,Own,Upper-Middle,Divorced,Arranged,1,24.5
28,108251,CA,Bachelors,Tier-3,Own,Upper,Single,Arranged,0,24.0
34,106163,Software Engineer,Masters,Tier-3,Rented,Upper,Married,Arranged,0,12.0
29,175617,CA,Bachelors,Tier-3,Rented,Lower,Married,Love,0,12.5
40,160395,Software Engineer,Masters,Rural,Rented,Upper-Middle,Married,Love,0,12.0
26,116888,Freelancer,Masters,Tier-3,Own,Middle,Married,Love,0,10.5
29,80607,Government Officer,PhD,Tier-2,Own,Lower,Divorced,Arranged,1,27.0
22,191971,Private Job,Masters,Tier-3,Rented,Upper-Middle,Single,Arranged,0,24.5
26,76582,Private Job,Bachelors,Rural,Rented,Lower,Single,Love,0,14.5
25,195935,Freelancer,PhD,Tier-1,Rented,Middle,Single,Love,0,24.5
34,161974,Private Job,Diploma,Tier-1,Rented,Upper-Middle,Divorced,Arranged,0,18.0
32,196879,CA,Masters,Tier-2,Rented,Lower,Single,Arranged,0,27.5
35,142663,CA,Diploma,Rural,Own,Lower,Single,Arranged,0,24.0
26,136506,Doctor,Diploma,Rural,Own,Middle,Married,Arranged,0,14.0
37,96684,Software Engineer,Diploma,Tier-3,Rented,Upper-Middle,Married,Arranged,0,9.5
23,151059,Software Engineer,Bachelors,Tier-2,Own,Middle,Single,Arranged,0,27.5
22,20235,Doctor,Diploma,Tier-1,Rented,Middle,Married,Arranged,0,8.5
38,92349,CA,Masters,Rural,Own,Lower,Divorced,Arranged,0,18.5
26,73516,Business Owner,Diploma,Tier-3,Own,Upper-Middle,Married,Arranged,0,10.5
29,127970,Government Officer,Bachelors,Rural,Rented,Middle,Divorced,Love,1,20.0
23,67979,Private Job,Masters,Tier-1,Own,Lower,Single,Arranged,0,23.0
34,73835,Business Owner,PhD,Tier-3,Rented,Upper,Single,Love,0,18.5
29,34887,CA,Diploma,Rural,Rented,Upper-Middle,Married,Love,0,3.5
37,130525,Doctor,Diploma,Rural,Own,Lower,Single,Love,0,22.0
34,85808,CA,Masters,Rural,Rented,Middle,Divorced,Love,0,13.0
24,194045,Software Engineer,PhD,Tier-1,Rented,Middle,Married,Arranged,0,19.5
32,160101,Freelancer,Diploma,Rural,Own,Middle,Divorced,Love,0,15.0
25,43378,Doctor,Diploma,Tier-1,Own,Lower,Divorced,Love,0,15.5
26,70332,Software Engineer,PhD,Rural,Own,Lower,Divorced,Love,0,16.5
38,115396,Private Job,PhD,Tier-2,Own,Lower,Married,Love,0,13.5
40,162782,Software Engineer,Masters,Tier-3,Rented,Middle,Married,Love,0,13.0
34,139615,Private Job,Masters,Rural,Own,Middle,Single,Arranged,0,23.5
25,174245,CA,Masters,Tier-2,Rented,Upper-Middle,Single,Arranged,0,26.5
27,197736,Government Officer,Diploma,Tier-3,Own,Middle,Married,Love,1,21.5
34,76834,Software Engineer,Diploma,Tier-1,Own,Middle,Divorced,Arranged,0,18.5
26,182172,Doctor,Diploma,Tier-3,Rented,Lower,Divorced,Arranged,0,19.5
29,59191,Private Job,Diploma,Tier-3,Rented,Middle,Married,Love,0,3.5
23,177978,Freelancer,Diploma,Tier-3,Own,Upper,Married,Arranged,0,13.5
39,55967,Doctor,Diploma,Tier-1,Own,Upper-Middle,Single,Love,0,21.0
22,188274,Private Job,Diploma,Tier-1,Rented,Upper,Married,Arranged,0,14.0
40,107392,Freelancer,Masters,Tier-3,Own,Upper,Single,Love,0,20.0
28,68805,Freelancer,Masters,Rural,Rented,Upper,Divorced,Arranged,0,11.0
39,94867,Government Officer,Bachelors,Tier-1,Rented,Middle,Divorced,Love,1,21.5
35,132111,Business Owner,PhD,Tier-2,Own,Upper,Single,Love,0,25.5
28,63254,Doctor,Bachelors,Tier-1,Rented,Middle,Married,Arranged,0,11.5
32,71401,Doctor,PhD,Tier-2,Own,Upper-Middle,Divorced,Arranged,0,21.0
27,132308,CA,Diploma,Rural,Rented,Middle,Single,Arranged,0,20.5
28,114504,CA,Masters,Rural,Own,Middle,Married,Arranged,0,14.5
31,181934,CA,Diploma,Tier-1,Rented,Middle,Divorced,Arranged,0,21.0
24,162633,Government Officer,Bachelors,Tier-3,Own,Upper,Married,Arranged,1,23.0
28,45015,CA,Diploma,Tier-2,Own,Lower,Married,Love,0,9.0
32,81927,Software Engineer,Diploma,Tier-2,Own,Upper-Middle,Divorced,Love,0,16.0
37,52077,Software Engineer,Bachelors,Tier-3,Own,Upper-Middle,Divorced,Love,0,14.5
28,68450,Private Job,Diploma,Rural,Own,Upper,Single,Arranged,0,18.0
24,168615,Freelancer,Diploma,Tier-3,Own,Upper-Middle,Divorced,Arranged,0,18.0
35,141998,Business Owner,Masters,Tier-2,Own,Upper,Divorced,Arranged,0,22.0
37,57387,Doctor,Diploma,Tier-1,Rented,Upper,Single,Love,0,18.0
34,58320,Government Officer,Masters,Tier-1,Rented,Lower,Single,Arranged,1,27.5
32,87281,Private Job,Bachelors,Tier-1,Rented,Lower,Divorced,Arranged,0,15.0
33,190922,Government Officer,Bachelors,Tier-2,Own,Lower,Divorced,Arranged,1,30.5
22,156978,Doctor,Diploma,Rural,Rented,Upper,Single,Arranged,0,22.0
23,79868,Business Owner,Masters,Tier-3,Own,Upper,Single,Love,0,20.5
35,23620,Private Job,Bachelors,Tier-3,Own,Middle,Married,Love,0,6.0
40,119646,CA,Bachelors,Tier-1,Rented,Upper-Middle,Married,Love,0,11.5
29,20363,Software Engineer,Diploma,Rural,Own,Upper-Middle,Single,Arranged,0,18.0
30,187785,Software Engineer,PhD,Tier-1,Own,Middle,Single,Love,0,30.0
30,92137,Doctor,Bachelors,Tier-3,Own,Middle,Divorced,Arranged,0,19.0
39,141907,CA,PhD,Rural,Rented,Upper-Middle,Divorced,Love,0,17.0
32,149701,Software Engineer,Bachelors,Tier-2,Rented,Middle,Single,Love,0,22.0
40,107840,Freelancer,PhD,Tier-1,Own,Upper,Single,Arranged,0,25.0
39,82315,Business Owner,Diploma,Tier-2,Rented,Middle,Single,Love,0,17.0
30,150496,Business Owner,Diploma,Tier-1,Rented,Upper-Middle,Single,Love,0,21.5
40,141435,Software Engineer,Masters,Tier-3,Rented,Lower,Married,Love,0,12.0
30,117401,Freelancer,Masters,Tier-2,Rented,Upper,Married,Love,0,8.5
22,175340,Private Job,Diploma,Tier-2,Rented,Upper-Middle,Single,Arranged,0,22.5
34,127889,Business Owner,Bachelors,Tier-1,Own,Upper,Divorced,Arranged,0,21.0
38,168128,Software Engineer,Masters,Tier-2,Rented,Middle,Single,Love,0,24.0
29,55890,Software Engineer,Bachelors,Tier-1,Own,Lower,Divorced,Arranged,0,18.5
39,143559,Software Engineer,Bachelors,Tier-3,Rented,Upper-Middle,Married,Love,0,11.0
24,57625,Government Officer,Diploma,Tier-2,Own,Lower,Single,Love,1,25.5
26,188713,CA,Masters,Tier-1,Own,Upper-Middle,Married,Love,0,19.0
33,173561,CA,Diploma,Tier-3,Own,Lower,Single,Love,0,24.5
33,72216,CA,Diploma,Tier-2,Rented,Upper,Single,Love,0,17.5
35,182567,Private Job,Bachelors,Tier-2,Rented,Upper,Divorced,Love,0,17.0
38,58373,Private Job,Masters,Tier-2,Rented,Upper,Married,Love,0,6.5
39,158522,Business Owner,PhD,Tier-3,Rented,Upper-Middle,Divorced,Arranged,0,19.5
24,142789,Business Owner,Diploma,Tier-2,Rented,Upper,Married,Arranged,0,12.0
36,56387,CA,Masters,Tier-3,Own,Upper,Married,Arranged,0,12.5
33,130884,CA,PhD,Tier-2,Rented,Middle,Married,Arranged,0,15.5
38,93980,Doctor,Diploma,Tier-2,Rented,Upper-Middle,Married,Love,0,9.0
27,118283,Doctor,PhD,Tier-2,Rented,Upper,Divorced,Love,0,18.0
28,72327,Business Owner,Masters,Rural,Own,Upper-Middle,Married,Arranged,0,11.5
23,83439,Government Officer,Diploma,Tier-1,Own,Lower,Single,Love,1,28.0
38,96161,Private Job,Diploma,Tier-1,Rented,Middle,Divorced,Love,0,12.5
35,27952,Government Officer,Masters,Tier-2,Rented,Upper,Married,Love,1,13.0
23,161506,Private Job,Bachelors,Rural,Rented,Middle,Single,Arranged,0,21.0
37,32486,Business Owner,PhD,Tier-3,Own,Lower,Single,Arranged,0,21.5
40,33402,CA,Diploma,Rural,Own,Middle,Single,Love,0,16.5
23,121737,CA,Masters,Tier-1,Own,Middle,Single,Love,0,26.0
28,125861,Government Officer,PhD,Tier-3,Own,Upper,Married,Love,1,21.0
27,174297,Software Engineer,Masters,Rural,Rented,Middle,Married,Love,0,12.5
22,148094,Software Engineer,Bachelors,Tier-2,Rented,Lower,Married,Arranged,0,14.0
27,189447,Doctor,Masters,Tier-2,Own,Upper,Married,Arranged,0,20.5
22,82702,Freelancer,Diploma,Tier-3,Own,Lower,Single,Arranged,0,19.0
27,131174,Software Engineer,Masters,Tier-1,Rented,Lower,Married,Love,0,13.5
26,192318,Freelancer,Bachelors,Tier-1,Rented,Lower,Single,Arranged,0,24.5
26,151566,Software Engineer,Diploma,Rural,Rented,Upper,Divorced,Arranged,0,16.5
23,148888,Doctor,Diploma,Tier-1,Rented,Lower,Single,Love,0,22.5
40,50130,Software Engineer,Bachelors,Tier-1,Rented,Upper-Middle,Married,Arranged,0,10.5
36,171132,CA,PhD,Rural,Own,Upper,Single,Love,0,26.5
36,56494,Software Engineer,PhD,Tier-2,Rented,Upper-Middle,Married,Love,0,9.5
24,139048,Business Owner,Diploma,Rural,Own,Middle,Single,Love,0,20.5
36,198385,Private Job,Masters,Tier-2,Own,Upper-Middle,Single,Arranged,0,28.5
40,104900,Doctor,Bachelors,Rural,Rented,Upper,Divorced,Love,0,13.5
38,186547,Private Job,PhD,Tier-2,Own,Middle,Divorced,Arranged,0,24.0
33,27861,Freelancer,PhD,Tier-2,Own,Upper-Middle,Married,Arranged,0,10.0
37,123141,Doctor,PhD,Tier-3,Own,Lower,Single,Love,0,25.5
33,102637,Software Engineer,Bachelors,Tier-1,Own,Upper,Divorced,Arranged,0,21.0
25,118457,Freelancer,Diploma,Tier-1,Rented,Lower,Married,Love,0,7.5
22,37004,CA,Diploma,Tier-2,Own,Upper-Middle,Divorced,Love,0,13.5
22,64398,CA,Bachelors,Tier-2,Own,Middle,Single,Love,0,21.0
29,99416,CA,Diploma,Tier-3,Own,Lower,Single,Arranged,0,22.5
39,84351,CA,Bachelors,Tier-3,Own,Upper,Married,Love,0,11.0
39,192555,Software Engineer,Masters,Rural,Rented,Upper,Single,Arranged,0,25.5
34,193866,Freelancer,Bachelors,Rural,Rented,Upper,Single,Love,0,19.5
24,40982,CA,Masters,Tier-1,Own,Middle,Divorced,Arranged,0,19.0
22,85478,Freelancer,Masters,Tier-1,Own,Upper,Married,Arranged,0,13.0
30,188850,Software Engineer,Diploma,Tier-2,Rented,Upper-Middle,Married,Arranged,0,15.0
38,114553,Private Job,Bachelors,Tier-2,Own,Middle,Married,Love,0,11.5
30,85651,Government Officer,Diploma,Tier-2,Own,Upper,Divorced,Arranged,1,24.0
26,52610,Business Owner,Diploma,Rural,Rented,Lower,Single,Love,0,13.5
34,129810,Government Officer,Bachelors,Rural,Rented,Lower,Single,Arranged,1,27.0
24,145434,Government Officer,PhD,Tier-2,Rented,Upper,Single,Love,1,30.0
29,36165,Government Officer,Bachelors,Tier-2,Own,Upper,Divorced,Arranged,1,22.5
30,147677,Government Officer,Diploma,Tier-1,Rented,Middle,Married,Love,1,18.0
35,31680,Business Owner,PhD,Rural,Own,Upper-Middle,Single,Love,0,18.5
28,42953,Software Engineer,Bachelors,Tier-2,Rented,Upper-Middle,Married,Arranged,0,9.0
27,154646,Software Engineer,Bachelors,Tier-1,Rented,Upper,Married,Arranged,0,15.5
35,161847,Software Engineer,Bachelors,Tier-2,Rented,Upper-Middle,Married,Arranged,0,15.0
31,48684,Business Owner,Bachelors,Tier-2,Rented,Upper,Divorced,Arranged,0,13.0
35,90317,Freelancer,Diploma,Tier-3,Rented,Middle,Married,Love,0,4.5
34,43945,Software Engineer,PhD,Tier-1,Own,Upper,Divorced,Arranged,0,20.0
22,199959,CA,Masters,Tier-1,Own,Upper,Divorced,Love,0,24.5
26,93511,Software Engineer,Bachelors,Tier-2,Rented,Lower,Married,Love,0,9.5
39,177841,Business Owner,Diploma,Rural,Rented,Lower,Married,Love,0,9.5
36,178266,Government Officer,PhD,Tier-1,Rented,Lower,Divorced,Love,1,27.5
36,58000,Software Engineer,Masters,Tier-2,Rented,Upper-Middle,Divorced,Love,0,13.5
28,160569,CA,Diploma,Rural,Own,Lower,Married,Arranged,0,15.0
31,60510,CA,PhD,Rural,Own,Lower,Married,Arranged,0,13.0
30,106088,Software Engineer,PhD,Tier-3,Own,Upper,Single,Arranged,0,26.0
34,63451,Freelancer,Masters,Tier-3,Rented,Upper-Middle,Single,Love,0,15.0
28,97448,Doctor,Bachelors,Rural,Own,Upper-Middle,Married,Arranged,0,13.0
31,152031,Private Job,Masters,Rural,Rented,Middle,Married,Arranged,0,11.5
24,94551,Government Officer,Diploma,Rural,Own,Upper,Married,Love,1,15.5
24,106475,Government Officer,PhD,Tier-1,Rented,Upper-Middle,Single,Love,1,29.0
38,49796,Business Owner,Masters,Rural,Rented,Upper-Middle,Divorced,Love,0,10.0
38,187929,Business Owner,Bachelors,Tier-1,Own,Middle,Single,Arranged,0,29.0
34,60638,Freelancer,Masters,Tier-2,Rented,Upper,Married,Arranged,0,8.0
35,116919,Freelancer,Masters,Tier-2,Own,Upper-Middle,Married,Love,0,11.5
27,30374,CA,PhD,Tier-3,Own,Upper,Divorced,Arranged,0,17.5
34,193758,Freelancer,Diploma,Rural,Own,Middle,Married,Love,0,11.5
37,74056,Software Engineer,Diploma,Tier-2,Own,Upper,Divorced,Love,0,15.5
39,101977,Doctor,Masters,Tier-2,Own,Upper,Divorced,Love,0,19.5
40,98895,Software Engineer,Diploma,Rural,Rented,Middle,Married,Arranged,0,8.5
36,73621,Business Owner,Bachelors,Tier-3,Own,Middle,Divorced,Arranged,0,16.5
29,174549,Software Engineer,PhD,Tier-3,Own,Lower,Single,Arranged,0,29.5
22,181038,Freelancer,Diploma,Tier-1,Rented,Middle,Married,Love,0,11.0
33,120386,Software Engineer,Diploma,Tier-1,Rented,Upper,Married,Arranged,0,13.0
26,185692,Software Engineer,Bachelors,Tier-1,Own,Upper-Middle,Married,Love,0,18.0
28,76358,CA,Bachelors,Tier-1,Rented,Middle,Married,Love,0,9.5
33,73133,Software Engineer,Masters,Tier-1,Rented,Lower,Divorced,Arranged,0,17.5
35,151217,Private Job,PhD,Tier-3,Rented,Middle,Married,Love,0,11.5
35,55449,CA,Diploma,Tier-3,Own,Upper,Divorced,Love,0,13.5
24,104914,Business Owner,PhD,Tier-3,Rented,Middle,Divorced,Arranged,0,17.0
22,34008,Private Job,Masters,Tier-2,Own,Upper-Middle,Divorced,Arranged,0,15.5
27,50721,Doctor,Diploma,Tier-3,Rented,Lower,Single,Arranged,0,18.0
31,115569,Software Engineer,Bachelors,Tier-1,Rented,Lower,Divorced,Love,0,16.5
34,173136,Government Officer,Diploma,Tier-3,Rented,Lower,Divorced,Love,1,22.5
24,103001,Private Job,Diploma,Rural,Own,Upper,Divorced,Arranged,0,15.0
31,113107,CA,Diploma,Tier-3,Own,Lower,Divorced,Arranged,0,18.5
33,44642,CA,PhD,Tier-3,Rented,Middle,Married,Love,0,8.0
28,175806,CA,Masters,Tier-1,Own,Upper-Middle,Single,Arranged,0,30.5
27,174025,Government Officer,Diploma,Tier-2,Own,Upper-Middle,Divorced,Arranged,1,28.5
37,26676,Private Job,PhD,Tier-2,Own,Lower,Divorced,Love,0,14.0
26,152873,Private Job,PhD,Tier-2,Rented,Lower,Married,Arranged,0,14.5
30,191093,Doctor,PhD,Tier-2,Own,Upper-Middle,Single,Love,0,30.0
32,60488,Doctor,PhD,Tier-2,Rented,Upper,Single,Arranged,0,22.5
31,40266,Government Officer,PhD,Rural,Rented,Lower,Married,Arranged,1,15.0
37,91797,Government Officer,Bachelors,Tier-1,Rented,Lower,Single,Arranged,1,28.5
22,83019,Software Engineer,Bachelors,Tier-3,Own,Middle,Married,Arranged,0,13.0
38,193622,Freelancer,PhD,Tier-1,Own,Upper-Middle,Divorced,Arranged,0,24.5
28,146277,Private Job,Masters,Tier-3,Own,Upper,Single,Arranged,0,25.0
33,178165,Government Officer,Diploma,Tier-1,Own,Upper,Single,Arranged,1,34.5
22,105620,Private Job,Bachelors,Tier-2,Own,Upper-Middle,Single,Love,0,21.0
36,44479,Government Officer,PhD,Rural,Own,Upper,Married,Love,1,16.0
29,41687,Freelancer,Bachelors,Tier-1,Rented,Middle,Divorced,Love,0,10.0
25,150198,Freelancer,Diploma,Tier-2,Own,Lower,Married,Arranged,0,13.5
28,178761,Software Engineer,PhD,Tier-2,Own,Lower,Married,Arranged,0,20.5
35,47289,Government Officer,Diploma,Tier-2,Rented,Upper-Middle,Married,Arranged,1,14.0
25,191646,Software Engineer,Masters,Tier-2,Rented,Middle,Married,Arranged,0,17.5
38,148285,CA,PhD,Tier-2,Rented,Middle,Divorced,Arranged,0,21.0
30,24431,Freelancer,PhD,Tier-1,Own,Middle,Divorced,Arranged,0,16.0
36,93614,Government Officer,Masters,Tier-2,Rented,Upper-Middle,Married,Love,1,16.5
35,57217,Doctor,PhD,Tier-1,Rented,Upper-Middle,Divorced,Arranged,0,18.0
23,25418,Government Officer,Bachelors,Tier-1,Rented,Lower,Married,Love,1,13.0
39,90156,CA,Bachelors,Rural,Rented,Middle,Single,Arranged,0,19.5
26,142055,Software Engineer,Masters,Tier-3,Rented,Upper,Divorced,Love,0,17.0
24,140597,Private Job,Bachelors,Tier-2,Rented,Lower,Married,Love,0,10.0
40,161453,Software Engineer,PhD,Tier-1,Rented,Upper-Middle,Single,Love,0,26.0
22,157115,Freelancer,PhD,Tier-1,Rented,Upper,Single,Arranged,0,24.5
25,139063,Government Officer,PhD,Rural,Rented,Upper-Middle,Single,Love,1,27.5
25,178689,Freelancer,Bachelors,Tier-2,Rented,Lower,Divorced,Love,0,15.5
37,164825,Doctor,Bachelors,Rural,Own,Upper,Single,Arranged,0,26.5
25,104338,Freelancer,Masters,Rural,Own,Lower,Married,Love,0,9.0
36,144013,Government Officer,Bachelors,Tier-1,Rented,Middle,Single,Love,1,29.0
40,33829,Business Owner,Masters,Rural,Own,Upper-Middle,Single,Love,0,17.5
26,163757,Freelancer,Masters,Tier-2,Own,Lower,Divorced,Love,0,19.0
40,193690,Government Officer,Bachelors,Tier-2,Rented,Upper,Married,Arranged,1,22.5
28,20779,CA,Masters,Tier-3,Rented,Upper-Middle,Divorced,Arranged,0,13.0
36,140730,Doctor,Diploma,Tier-1,Rented,Middle,Married,Love,0,12.5
35,78647,Business Owner,PhD,Tier-3,Rented,Lower,Divorced,Arranged,0,15.5
34,161114,CA,Diploma,Tier-3,Own,Lower,Married,Love,0,14.0
26,30632,CA,Bachelors,Tier-2,Own,Middle,Single,Love,0,19.5
31,56688,Government Officer,PhD,Tier-1,Own,Middle,Married,Arranged,1,21.5
23,51673,Software Engineer,Masters,Tier-3,Rented,Upper-Middle,Married,Love,0,7.5
30,69446,Software Engineer,Masters,Tier-3,Rented,Lower,Divorced,Love,0,13.0
26,197832,Freelancer,Bachelors,Rural,Own,Lower,Married,Love,0,12.5
25,194657,CA,Diploma,Rural,Rented,Upper-Middle,Married,Love,0,11.5
30,129107,Doctor,Masters,Tier-3,Own,Upper,Divorced,Love,0,19.5
29,137796,Business Owner,Diploma,Rural,Own,Lower,Married,Love,0,10.5
36,85171,Government Officer,PhD,Tier-1,Own,Upper-Middle,Single,Love,1,31.0
34,51522,CA,PhD,Rural,Rented,Lower,Single,Love,0,17.5
33,155879,Private Job,Masters,Tier-3,Own,Upper,Single,Love,0,23.5
31,144277,Freelancer,Diploma,Tier-2,Own,Upper-Middle,Married,Love,0,11.0
27,139561,CA,PhD,Tier-1,Own,Upper,Married,Arranged,0,19.5
33,116165,Freelancer,Diploma,Rural,Own,Upper-Middle,Married,Arranged,0,9.5
25,28491,CA,PhD,Rural,Rented,Upper,Divorced,Arranged,0,13.0
32,92256,Business Owner,Diploma,Tier-2,Rented,Middle,Single,Arranged,0,19.5
35,122997,Private Job,Masters,Tier-3,Own,Upper,Married,Arranged,0,14.0
36,171275,CA,Diploma,Tier-3,Rented,Middle,Single,Arranged,0,23.5
34,23291,Government Officer,PhD,Tier-2,Rented,Upper,Divorced,Love,1,19.0
34,159507,Government Officer,Diploma,Rural,Rented,Upper,Married,Arranged,1,17.5
40,161501,Software Engineer,Diploma,Tier-2,Own,Upper,Single,Arranged,0,27.0
30,147731,Freelancer,Diploma,Tier-2,Own,Middle,Single,Love,0,21.0
36,145083,Software Engineer,Bachelors,Tier-1,Rented,Middle,Married,Arranged,0,15.0
36,151968,Government Officer,Diploma,Tier-1,Rented,Upper-Middle,Married,Love,1,18.5
33,105132,Doctor,Diploma,Tier-3,Own,Upper,Single,Love,0,21.5
32,91130,Government Officer,Bachelors,Rural,Rented,Upper-Middle,Single,Arranged,1,25.5
34,94188,CA,Masters,Tier-1,Rented,Upper-Middle,Single,Love,0,21.5
30,65938,Doctor,Diploma,Tier-3,Rented,Middle,Divorced,Love,0,11.5
40,166492,Software Engineer,Masters,Tier-1,Own,Upper,Single,Love,0,28.0
26,41882,CA,Bachelors,Tier-1,Rented,Lower,Divorced,Arranged,0,15.0
29,179207,Software Engineer,Diploma,Rural,Own,Upper-Middle,Single,Arranged,0,25.5
26,48614,Private Job,Diploma,Rural,Rented,Lower,Single,Love,0,12.0
38,40019,Business Owner,Masters,Rural,Rented,Middle,Married,Love,0,5.0
35,138987,Doctor,Masters,Tier-2,Own,Upper-Middle,Divorced,Arranged,0,23.0
37,40490,CA,Diploma,Tier-1,Rented,Lower,Divorced,Arranged,0,14.0
33,61001,Doctor,PhD,Rural,Rented,Lower,Divorced,Love,0,13.5
36,189899,Freelancer,Masters,Tier-1,Rented,Middle,Married,Arranged,0,15.0
26,145217,Business Owner,PhD,Tier-1,Own,Middle,Married,Arranged,0,19.0
27,121491,Software Engineer,PhD,Tier-1,Own,Upper-Middle,Single,Arranged,0,29.0
35,199452,Government Officer,Masters,Rural,Rented,Middle,Divorced,Love,1,24.5
29,164939,Government Officer,Bachelors,Rural,Rented,Upper,Married,Love,1,17.0
33,149403,Doctor,Bachelors,Tier-3,Own,Lower,Divorced,Arranged,0,21.5
35,143515,CA,Masters,Tier-3,Own,Upper,Married,Arranged,0,17.0
39,110221,Government Officer,PhD,Tier-3,Rented,Middle,Single,Love,1,27.5
35,151150,Private Job,Diploma,Tier-1,Own,Upper-Middle,Single,Arranged,0,25.5
34,66984,Freelancer,PhD,Tier-2,Own,Lower,Single,Love,0,20.0
39,31734,Business Owner,Masters,Tier-3,Rented,Upper,Divorced,Arranged,0,12.5
28,140418,Private Job,PhD,Rural,Rented,Upper-Middle,Divorced,Love,0,15.0
31,151929,CA,Diploma,Rural,Own,Upper,Single,Arranged,0,24.5
39,150429,Software Engineer,Masters,Tier-1,Own,Upper-Middle,Divorced,Arranged,0,24.5
31,196616,Doctor,PhD,Rural,Own,Middle,Married,Arranged,0,20.0
23,21498,Freelancer,Bachelors,Rural,Rented,Middle,Divorced,Love,0,6.0
30,195076,Doctor,PhD,Rural,Own,Middle,Divorced,Love,0,23.0
23,29638,Government Officer,Diploma,Tier-1,Rented,Middle,Divorced,Arranged,1,19.0
36,168388,Software Engineer,Diploma,Tier-1,Rented,Upper,Divorced,Arranged,0,20.0
25,185526,Private Job,Bachelors,Rural,Own,Upper,Married,Love,0,13.0
27,41581,Private Job,Diploma,Rural,Rented,Lower,Single,Arranged,0,14.0
36,132180,Freelancer,PhD,Tier-3,Own,Lower,Divorced,Arranged,0,19.5
26,50776,Government Officer,Diploma,Tier-1,Own,Upper,Divorced,Arranged,1,23.5
37,21320,Doctor,Diploma,Rural,Rented,Lower,Single,Arranged,0,15.5
34,24326,Private Job,Masters,Rural,Own,Upper-Middle,Single,Love,0,16.0
39,158716,Freelancer,Bachelors,Tier-2,Own,Middle,Married,Love,0,12.5
38,118786,Freelancer,Bachelors,Tier-1,Rented,Upper-Middle,Divorced,Love,0,13.5
27,22990,Private Job,Diploma,Tier-1,Rented,Upper,Married,Arranged,0,6.0
29,163918,Business Owner,PhD,Tier-1,Rented,Middle,Married,Arranged,0,17.0
36,125518,Private Job,PhD,Tier-3,Rented,Middle,Married,Arranged,0,12.0
25,163514,CA,Bachelors,Rural,Own,Upper-Middle,Single,Arranged,0,26.0
25,125962,CA,Diploma,Rural,Rented,Middle,Married,Arranged,0,10.0
30,161600,Freelancer,PhD,Tier-2,Own,Lower,Divorced,Arranged,0,22.0
38,133895,Private Job,Masters,Tier-2,Own,Upper,Divorced,Arranged,0,20.5
27,191400,Software Engineer,Diploma,Tier-2,Own,Upper-Middle,Single,Love,0,26.5
36,47460,Business Owner,Diploma,Rural,Own,Upper-Middle,Single,Arranged,0,18.0
26,133091,Government Officer,PhD,Tier-2,Own,Middle,Married,Arranged,1,24.5
35,150157,Government Officer,Diploma,Tier-2,Rented,Lower,Divorced,Love,1,22.5
32,156959,Government Officer,PhD,Tier-1,Rented,Middle,Married,Arranged,1,23.5
30,91200,Freelancer,PhD,Rural,Rented,Lower,Married,Love,0,6.5
39,92028,Government Officer,PhD,Rural,Rented,Middle,Divorced,Arranged,1,22.5
35,46210,Business Owner,Diploma,Tier-3,Own,Middle,Divorced,Arranged,0,14.0
33,128069,Doctor,Bachelors,Tier-3,Own,Upper,Divorced,Love,0,18.5
40,21026,Freelancer,Diploma,Tier-3,Rented,Middle,Divorced,Arranged,0,8.0
28,58750,Business Owner,PhD,Tier-1,Rented,Middle,Single,Arranged,0,21.5
26,98041,CA,Bachelors,Tier-3,Rented,Upper,Divorced,Love,0,13.5
32,189207,Freelancer,Bachelors,Tier-1,Own,Upper,Divorced,Arranged,0,22.0
36,114085,Government Officer,Masters,Tier-1,Own,Middle,Divorced,Arranged,1,28.5
40,185640,Software Engineer,Diploma,Rural,Own,Lower,Divorced,Arranged,0,21.0
26,24459,Business Owner,Masters,Tier-3,Rented,Lower,Divorced,Love,0,10.0
33,157661,Doctor,PhD,Rural,Rented,Upper-Middle,Married,Arranged,0,15.0
31,77886,Government Officer,PhD,Tier-1,Own,Lower,Divorced,Arranged,1,27.5
22,80522,Private Job,Bachelors,Tier-2,Own,Upper,Single,Arranged,0,22.0
29,155373,Business Owner,Diploma,Rural,Own,Lower,Married,Love,0,11.5
22,98858,CA,Bachelors,Tier-3,Rented,Upper,Divorced,Love,0,13.5
22,139862,Freelancer,Masters,Rural,Own,Lower,Divorced,Arranged,0,17.5
24,139968,Business Owner,PhD,Tier-2,Rented,Upper,Divorced,Love,0,17.5
27,122936,Government Officer,PhD,Tier-3,Own,Middle,Married,Love,1,21.0
26,55439,CA,Diploma,Tier-3,Own,Upper,Divorced,Love,0,13.5
32,76192,Government Officer,Bachelors,Tier-3,Rented,Middle,Divorced,Arranged,1,20.5
30,39924,CA,Diploma,Rural,Own,Lower,Married,Arranged,0,8.5
32,150957,Private Job,Masters,Tier-1,Rented,Upper-Middle,Single,Love,0,22.5
32,116369,Doctor,Masters,Tier-2,Own,Lower,Divorced,Love,0,20.0
39,39274,Business Owner,Bachelors,Tier-2,Own,Upper,Married,Love,0,8.5
28,39205,Government Officer,Masters,Tier-2,Rented,Upper-Middle,Divorced,Arranged,1,20.5
38,36162,Business Owner,Diploma,Tier-3,Own,Lower,Single,Arranged,0,18.5
22,134382,CA,Diploma,Tier-1,Rented,Lower,Single,Arranged,0,23.5
31,194556,Business Owner,Masters,Tier-2,Own,Upper-Middle,Single,Arranged,0,29.5
34,58496,Doctor,Diploma,Rural,Own,Lower,Divorced,Arranged,0,15.0
32,123243,Private Job,Masters,Tier-3,Rented,Upper,Divorced,Arranged,0,16.0
35,130145,Government Officer,Bachelors,Tier-1,Rented,Middle,Single,Arranged,1,30.5
27,179062,Government Officer,PhD,Tier-1,Rented,Middle,Divorced,Arranged,1,29.5
34,79508,Software Engineer,Bachelors,Tier-2,Own,Lower,Divorced,Love,0,16.5
28,128945,Business Owner,Diploma,Tier-1,Rented,Lower,Single,Love,0,20.0
28,126343,CA,Bachelors,Tier-2,Own,Upper-Middle,Married,Love,0,14.0
30,155136,Business Owner,Diploma,Tier-3,Own,Lower,Single,Love,0,22.5
37,28238,CA,PhD,Tier-2,Rented,Upper,Married,Arranged,0,10.0
40,162875,Business Owner,Bachelors,Rural,Own,Middle,Single,Arranged,0,25.0
40,56699,Doctor,PhD,Rural,Rented,Middle,Single,Love,0,18.0
38,185283,Business Owner,Bachelors,Tier-1,Rented,Upper,Married,Love,0,14.0
38,89213,Government Officer,Bachelors,Tier-3,Own,Upper-Middle,Single,Arranged,1,29.0
30,187303,Government Officer,Masters,Tier-3,Own,Lower,Married,Love,1,23.0
24,68173,Government Officer,PhD,Tier-3,Rented,Lower,Divorced,Love,1,20.0
35,199876,Business Owner,Bachelors,Rural,Own,Lower,Married,Arranged,0,16.5
29,91160,Freelancer,PhD,Tier-1,Own,Lower,Married,Love,0,12.5
28,65975,Business Owner,Diploma,Tier-2,Rented,Upper-Middle,Divorced,Love,0,11.0
39,54797,CA,Bachelors,Tier-3,Rented,Middle,Single,Love,0,16.5
39,82503,CA,Masters,Tier-3,Own,Upper,Divorced,Arranged,0,19.0
26,142483,Software Engineer,Bachelors,Tier-3,Own,Upper-Middle,Single,Love,0,24.0
38,85339,CA,Masters,Tier-2,Own,Middle,Divorced,Arranged,0,20.0
28,103622,Business Owner,Diploma,Tier-1,Own,Lower,Married,Love,0,12.0
35,125212,Government Officer,Bachelors,Tier-3,Rented,Middle,Divorced,Love,1,21.0
34,179276,Government Officer,PhD,Tier-3,Own,Middle,Divorced,Arranged,1,30.5
29,112931,Private Job,Diploma,Tier-2,Own,Upper-Middle,Married,Love,0,10.5
37,167007,Software Engineer,Bachelors,Rural,Rented,Lower,Married,Arranged,0,13.0
24,118989,CA,PhD,Tier-2,Own,Upper-Middle,Married,Love,0,15.5
24,122258,Business Owner,PhD,Tier-3,Own,Middle,Married,Love,0,14.0
38,73815,Doctor,Masters,Rural,Own,Upper,Divorced,Arranged,0,18.0
23,135576,Private Job,Bachelors,Tier-2,Rented,Upper,Divorced,Arranged,0,16.5
40,88367,Private Job,Bachelors,Rural,Rented,Upper-Middle,Married,Love,0,5.0
29,168969,Software Engineer,PhD,Rural,Own,Upper,Divorced,Love,0,21.0
39,93260,Software Engineer,Diploma,Tier-1,Rented,Middle,Married,Arranged,0,11.5
38,130094,Government Officer,PhD,Tier-1,Rented,Upper-Middle,Married,Arranged,1,22.5
28,153503,Business Owner,Diploma,Tier-3,Rented,Middle,Divorced,Arranged,0,16.5
32,50559,CA,Masters,Rural,Own,Upper,Divorced,Love,0,14.5
36,133305,Freelancer,Masters,Tier-1,Rented,Middle,Married,Love,0,10.5
35,184351,Private Job,Diploma,Tier-1,Own,Upper,Married,Love,0,15.0
27,112402,Doctor,Masters,Tier-1,Rented,Upper-Middle,Divorced,Love,0,18.0
36,108575,Government Officer,Masters,Tier-1,Rented,Middle,Divorced,Love,1,23.0
26,134459,Freelancer,PhD,Tier-1,Rented,Lower,Single,Arranged,0,23.5
40,98968,Government Officer,PhD,Tier-3,Rented,Upper-Middle,Married,Arranged,1,18.5
39,53190,Business Owner,Diploma,Tier-1,Rented,Upper-Middle,Married,Arranged,0,8.5
31,147898,CA,PhD,Tier-1,Own,Lower,Married,Arranged,0,20.0
34,49609,Doctor,Diploma,Rural,Rented,Upper-Middle,Divorced,Love,0,9.5
32,135474,CA,Masters,Tier-1,Rented,Middle,Divorced,Love,0,18.5
28,160887,Business Owner,Masters,Rural,Own,Upper-Middle,Married,Arranged,0,16.0
32,62743,Government Officer,PhD,Rural,Own,Upper-Middle,Divorced,Arranged,1,24.0
24,123214,Government Officer,Bachelors,Rural,Rented,Lower,Single,Arranged,1,27.0
26,84781,Freelancer,Bachelors,Tier-1,Rented,Middle,Married,Love,0,7.0
40,102985,CA,Masters,Tier-3,Own,Middle,Married,Love,0,13.0
37,181633,Government Officer,Masters,Tier-1,Own,Upper-Middle,Married,Arranged,1,27.0
22,135194,Software Engineer,Masters,Tier-3,Own,Lower,Divorced,Love,0,19.5
22,155322,Freelancer,Diploma,Rural,Own,Upper-Middle,Single,Love,0,19.5
34,52652,CA,Masters,Tier-1,Rented,Upper,Single,Arranged,0,21.5
27,152464,Business Owner,Masters,Tier-1,Own,Upper-Middle,Divorced,Love,0,21.5
22,199881,Freelancer,Masters,Rural,Own,Lower,Divorced,Arranged,0,20.5
39,110250,Software Engineer,Bachelors,Tier-1,Own,Middle,Married,Arranged,0,16.5
29,57902,Software Engineer,Bachelors,Tier-3,Rented,Lower,Married,Love,0,6.5
31,92807,Government Officer,Diploma,Tier-3,Own,Middle,Married,Love,1,16.5
38,159936,Business Owner,Diploma,Tier-1,Rented,Middle,Single,Love,0,21.5
28,48931,Doctor,Bachelors,Tier-1,Rented,Upper-Middle,Married,Love,0,8.5
28,28757,Freelancer,Bachelors,Tier-3,Own,Upper-Middle,Married,Love,0,5.0
25,54308,CA,Diploma,Rural,Rented,Upper-Middle,Divorced,Arranged,0,11.5
31,77550,Freelancer,Bachelors,Rural,Own,Lower,Single,Love,0,16.5
28,79135,CA,Diploma,Tier-3,Own,Upper-Middle,Married,Love,0,9.5
36,49608,Freelancer,PhD,Rural,Own,Lower,Married,Love,0,7.0
30,123363,Government Officer,Masters,Rural,Own,Upper,Single,Arranged,1,31.0
31,140245,Business Owner,Masters,Tier-3,Own,Upper-Middle,Single,Love,0,24.0
35,111838,Government Officer,Diploma,Tier-1,Own,Lower,Single,Love,1,29.5
28,86900,Private Job,Diploma,Tier-3,Rented,Middle,Single,Arranged,0,17.0
39,113320,Doctor,Bachelors,Tier-2,Own,Middle,Married,Arranged,0,16.0
37,96285,Doctor,PhD,Tier-2,Own,Upper,Divorced,Love,0,20.0
24,110854,Private Job,Diploma,Tier-3,Own,Middle,Married,Arranged,0,11.5
35,77540,Freelancer,Bachelors,Tier-3,Rented,Upper-Middle,Divorced,Love,0,9.5
33,123785,Doctor,Bachelors,Tier-1,Rented,Upper,Single,Arranged,0,24.5
30,48948,CA,Diploma,Tier-1,Own,Upper,Divorced,Love,0,15.0
24,165477,CA,Bachelors,Rural,Own,Middle,Single,Love,0,24.0
27,106016,Freelancer,Masters,Tier-1,Rented,Upper-Middle,Married,Arranged,0,11.0
28,146619,Government Officer,Diploma,Tier-2,Rented,Middle,Married,Arranged,1,19.0
28,54909,CA,Diploma,Rural,Own,Middle,Single,Arranged,0,19.5
22,80168,Private Job,PhD,Tier-2,Own,Middle,Single,Arranged,0,24.0
31,34135,Freelancer,Diploma,Tier-3,Own,Middle,Divorced,Love,0,9.5
23,185141,Business Owner,PhD,Rural,Own,Upper-Middle,Married,Love,0,16.0
26,105519,Software Engineer,Masters,Rural,Own,Middle,Divorced,Arranged,0,19.0
34,23994,Private Job,PhD,Tier-3,Rented,Lower,Married,Arranged,0,7.0
29,122219,Private Job,PhD,Rural,Own,Upper-Middle,Single,Love,0,22.0
22,101422,Business Owner,Diploma,Tier-1,Rented,Middle,Single,Love,0,19.0
39,144015,Doctor,PhD,Tier-3,Own,Upper-Middle,Divorced,Love,0,21.5
31,178705,Doctor,Bachelors,Rural,Rented,Upper,Divorced,Love,0,17.0
22,95296,Government Officer,Masters,Rural,Rented,Upper,Single,Arranged,1,26.5
38,125072,Doctor,Diploma,Tier-2,Rented,Lower,Married,Love,0,10.5
22,123028,Private Job,PhD,Rural,Own,Upper,Single,Love,0,22.0
25,53609,Freelancer,Bachelors,Tier-2,Own,Upper-Middle,Divorced,Arranged,0,14.5
37,56409,Freelancer,Diploma,Tier-3,Own,Upper-Middle,Divorced,Arranged,0,12.5
32,54544,Doctor,Diploma,Tier-1,Own,Upper,Married,Arranged,0,13.0
30,182695,Doctor,PhD,Rural,Rented,Lower,Married,Love,0,14.5
40,56464,Private Job,Bachelors,Tier-1,Own,Upper,Divorced,Love,0,14.5
25,96304,Software Engineer,Bachelors,Tier-2,Rented,Middle,Married,Arranged,0,11.5
28,68113,CA,Diploma,Tier-3,Own,Upper-Middle,Married,Love,0,9.0
26,105000,Private Job,PhD,Tier-3,Own,Upper-Middle,Divorced,Love,0,17.0
25,188780,CA,Bachelors,Tier-3,Rented,Upper,Divorced,Love,0,18.0
27,180790,Business Owner,Bachelors,Tier-3,Rented,Lower,Married,Love,0,12.0
31,46853,Business Owner,PhD,Tier-2,Rented,Upper,Single,Love,0,18.0
36,54514,Business Owner,Bachelors,Tier-2,Rented,Upper-Middle,Divorced,Love,0,11.5
34,187591,Private Job,Diploma,Tier-3,Rented,Middle,Single,Love,0,20.0
39,192170,Government Officer,Bachelors,Tier-2,Rented,Upper,Divorced,Arranged,1,27.5
33,136974,Freelancer,Masters,Tier-2,Own,Upper,Divorced,Arranged,0,19.5
28,106743,Doctor,Bachelors,Tier-3,Own,Upper-Middle,Married,Love,0,12.5
26,96157,Business Owner,Masters,Rural,Own,Middle,Divorced,Love,0,15.5
31,86709,Government Officer,Diploma,Rural,Rented,Upper,Divorced,Love,1,17.0
32,96425,CA,Masters,Tier-1,Rented,Lower,Divorced,Love,0,16.5
39,98335,Software Engineer,Masters,Tier-3,Rented,Middle,Married,Arranged,0,11.5
34,30872,CA,Diploma,Tier-2,Rented,Upper-Middle,Single,Arranged,0,17.5
33,92407,Freelancer,PhD,Tier-3,Rented,Lower,Divorced,Arranged,0,14.5
27,147704,Freelancer,Bachelors,Tier-1,Own,Upper-Middle,Single,Arranged,0,25.0
39,167296,Software Engineer,Masters,Tier-2,Rented,Upper,Married,Arranged,0,16.0
36,124433,Software Engineer,Diploma,Tier-2,Rented,Upper-Middle,Divorced,Arranged,0,17.0
35,73136,Freelancer,PhD,Rural,Rented,Middle,Married,Arranged,0,7.5
28,141362,Doctor,Masters,Tier-1,Own,Lower,Married,Arranged,0,19.5
31,131824,Doctor,Diploma,Tier-3,Own,Middle,Single,Arranged,0,25.0
29,91588,Software Engineer,Bachelors,Rural,Own,Middle,Single,Love,0,20.5
39,65783,Government Officer,Diploma,Tier-1,Own,Upper-Middle,Single,Arranged,1,29.0
29,173794,Government Officer,PhD,Tier-2,Own,Upper-Middle,Divorced,Love,1,29.5
36,78085,Doctor,PhD,Rural,Rented,Upper,Divorced,Love,0,14.0
37,126478,Business Owner,PhD,Tier-2,Rented,Upper-Middle,Divorced,Love,0,17.0
39,131742,Doctor,PhD,Tier-3,Rented,Upper-Middle,Divorced,Love,0,18.0
31,103784,CA,PhD,Tier-2,Own,Upper,Married,Arranged,0,17.0
23,175022,Private Job,PhD,Tier-3,Own,Lower,Divorced,Love,0,20.5
30,130194,Government Officer,PhD,Rural,Rented,Lower,Married,Love,1,17.5
23,143248,Doctor,Masters,Tier-2,Rented,Upper-Middle,Married,Love,0,13.5
38,181808,Private Job,PhD,Tier-1,Own,Upper,Divorced,Love,0,23.0
22,154255,CA,PhD,Rural,Rented,Middle,Married,Love,0,12.5
31,45424,Private Job,Bachelors,Tier-2,Own,Lower,Single,Arranged,0,20.0
36,113142,Freelancer,Masters,Rural,Own,Middle,Married,Love,0,9.5
39,138059,CA,PhD,Tier-2,Rented,Middle,Divorced,Arranged,0,20.5
29,152654,CA,Diploma,Tier-1,Own,Lower,Divorced,Arranged,0,22.5
32,66300,Software Engineer,Masters,Tier-2,Rented,Lower,Married,Love,0,9.0
40,100707,Doctor,Masters,Tier-1,Own,Middle,Divorced,Love,0,20.5
31,142606,Software Engineer,Diploma,Tier-1,Own,Upper,Single,Love,0,25.0
22,142213,Freelancer,Bachelors,Rural,Rented,Middle,Single,Arranged,0,19.0
30,171165,CA,Masters,Rural,Own,Upper,Married,Arranged,0,17.5
31,74345,CA,Masters,Tier-1,Rented,Upper,Single,Arranged,0,22.5
27,140003,Doctor,PhD,Tier-3,Rented,Upper-Middle,Single,Love,0,23.5
36,179355,Private Job,Masters,Tier-1,Rented,Upper,Single,Love,0,23.5
38,141307,Freelancer,Masters,Tier-1,Own,Lower,Divorced,Love,0,19.0
38,54385,Business Owner,PhD,Tier-1,Own,Middle,Single,Arranged,0,24.5
36,157048,Business Owner,Masters,Tier-3,Rented,Lower,Divorced,Love,0,16.5
39,62747,Private Job,Diploma,Rural,Rented,Middle,Single,Love,0,13.0
28,65528,Private Job,PhD,Tier-1,Own,Middle,Divorced,Love,0,17.0
23,81091,Doctor,Masters,Rural,Rented,Middle,Divorced,Love,0,13.5
25,154698,Software Engineer,PhD,Tier-1,Rented,Middle,Divorced,Arranged,0,22.5
32,143262,Doctor,Diploma,Rural,Own,Lower,Divorced,Arranged,0,19.5
27,107966,Private Job,Masters,Tier-1,Rented,Upper-Middle,Married,Love,0,10.0
40,114233,Software Engineer,Masters,Tier-2,Own,Upper,Single,Love,0,24.5
22,66101,Freelancer,Bachelors,Tier-3,Own,Middle,Single,Arranged,0,19.0
32,135470,Business Owner,Masters,Tier-2,Rented,Upper-Middle,Divorced,Arranged,0,18.5
27,126005,Doctor,PhD,Rural,Rented,Upper-Middle,Married,Arranged,0,13.5
38,68635,Business Owner,PhD,Tier-2,Own,Middle,Divorced,Arranged,0,19.0
31,20706,Business Owner,PhD,Tier-3,Rented,Lower,Divorced,Arranged,0,13.0
37,126049,Software Engineer,Diploma,Tier-3,Rented,Lower,Single,Love,0,19.0
23,177353,CA,Diploma,Tier-3,Own,Middle,Single,Arranged,0,26.5
29,163198,CA,Masters,Tier-2,Own,Upper,Married,Arranged,0,19.0
28,67111,Business Owner,Masters,Rural,Rented,Lower,Single,Love,0,16.0
26,198016,Software Engineer,Masters,Tier-1,Own,Upper,Single,Arranged,0,31.5
31,86871,Doctor,Bachelors,Rural,Rented,Upper-Middle,Divorced,Love,0,12.5
28,192782,Private Job,Masters,Tier-3,Own,Middle,Married,Arranged,0,17.5
23,60800,Doctor,Diploma,Rural,Own,Upper,Married,Love,0,8.5
34,36729,Software Engineer,Diploma,Tier-2,Rented,Middle,Divorced,Arranged,0,12.5
38,100628,CA,PhD,Rural,Own,Upper-Middle,Divorced,Arranged,0,20.0
25,61632,Government Officer,Bachelors,Tier-3,Own,Upper-Middle,Divorced,Love,1,21.0
22,117150,Freelancer,PhD,Tier-1,Rented,Middle,Married,Love,0,10.5
31,20432,Government Officer,PhD,Tier-2,Rented,Middle,Married,Arranged,1,16.0
33,20258,Freelancer,Diploma,Rural,Own,Upper-Middle,Divorced,Love,0,8.0
28,50559,Doctor,PhD,Rural,Own,Upper-Middle,Single,Love,0,21.0
22,114266,Business Owner,Diploma,Tier-1,Rented,Middle,Single,Love,0,19.5
31,135587,Government Officer,Masters,Rural,Rented,Middle,Single,Love,1,26.5
32,84844,Freelancer,Masters,Tier-3,Own,Upper,Single,Arranged,0,21.0
22,173063,Private Job,Bachelors,Tier-2,Rented,Middle,Single,Arranged,0,23.5
29,135028,Government Officer,Masters,Tier-3,Own,Upper,Married,Arranged,1,22.5
22,112362,Freelancer,Masters,Tier-2,Own,Lower,Married,Love,0,11.5
25,104153,Government Officer,Diploma,Tier-3,Own,Upper,Single,Love,1,27.0
39,153027,CA,Bachelors,Tier-1,Own,Middle,Single,Love,0,26.5
30,59071,CA,Bachelors,Tier-3,Own,Lower,Divorced,Love,0,14.5
34,62387,CA,PhD,Rural,Rented,Upper,Divorced,Arranged,0,15.0
33,31933,Private Job,Masters,Rural,Own,Upper-Middle,Married,Arranged,0,8.5
27,172193,Doctor,Diploma,Tier-3,Own,Middle,Single,Arranged,0,27.0
26,59047,Doctor,Masters,Tier-2,Rented,Upper,Divorced,Arranged,0,16.0
34,111666,Doctor,Masters,Tier-2,Own,Lower,Divorced,Love,0,20.0
35,28456,Private Job,Bachelors,Tier-2,Own,Middle,Married,Arranged,0,9.0
23,144763,Doctor,Masters,Tier-3,Rented,Lower,Single,Love,0,22.5
40,193250,Doctor,Bachelors,Tier-1,Own,Upper-Middle,Divorced,Arranged,0,26.0
28,105829,Private Job,PhD,Tier-3,Rented,Upper,Single,Love,0,19.0
30,161432,Freelancer,Bachelors,Tier-3,Own,Upper,Married,Love,0,12.0
38,91497,Private Job,Diploma,Rural,Rented,Upper,Single,Arranged,0,16.5
36,116791,Freelancer,PhD,Tier-1,Rented,Upper,Married,Arranged,0,12.5
27,198114,CA,Masters,Tier-3,Rented,Upper,Single,Love,0,24.5
28,64855,CA,Masters,Rural,Own,Lower,Married,Arranged,0,12.0
32,46237,Private Job,Masters,Rural,Own,Upper,Married,Arranged,0,9.0
30,180685,Government Officer,Masters,Rural,Own,Lower,Divorced,Arranged,1,29.0
35,95931,Doctor,Diploma,Tier-3,Own,Upper,Single,Arranged,0,23.0
34,177284,CA,PhD,Rural,Own,Middle,Single,Love,0,26.5
33,148971,Private Job,Diploma,Rural,Own,Lower,Single,Arranged,0,22.0
26,115728,CA,Diploma,Tier-1,Own,Lower,Married,Love,0,13.5
34,76441,Government Officer,Masters,Tier-2,Rented,Upper,Divorced,Love,1,20.5
28,116844,Government Officer,Bachelors,Tier-1,Own,Lower,Divorced,Love,1,25.5
40,91429,Software Engineer,Diploma,Tier-3,Rented,Upper-Middle,Divorced,Love,0,12.5
39,69618,Freelancer,Bachelors,Tier-3,Own,Middle,Divorced,Arranged,0,14.0
24,86723,Business Owner,Masters,Tier-1,Rented,Upper-Middle,Married,Love,0,10.0
35,170902,Software Engineer,Bachelors,Tier-3,Own,Lower,Single,Arranged,0,27.5
28,62448,Business Owner,PhD,Tier-1,Rented,Upper,Married,Arranged,0,12.0
35,90056,Software Engineer,Diploma,Tier-2,Own,Middle,Married,Arranged,0,13.5
24,52010,CA,PhD,Rural,Rented,Middle,Single,Arranged,0,19.5
25,88683,Freelancer,Diploma,Rural,Rented,Upper-Middle,Divorced,Love,0,8.0
24,84333,Doctor,Masters,Tier-2,Rented,Upper,Single,Love,0,20.5
34,123209,CA,Bachelors,Tier-3,Own,Lower,Married,Love,0,13.0
39,94113,Private Job,Bachelors,Tier-1,Rented,Upper-Middle,Married,Love,0,8.5
35,60896,CA,Diploma,Rural,Own,Lower,Married,Love,0,8.0
23,45058,Business Owner,Masters,Rural,Own,Lower,Married,Love,0,8.0
35,46045,Business Owner,Diploma,Rural,Rented,Upper,Single,Love,0,13.0
23,36819,Doctor,Masters,Tier-3,Own,Lower,Single,Love,0,20.0
22,191817,Private Job,Bachelors,Tier-2,Rented,Upper,Single,Love,0,22.5
34,60123,Software Engineer,Diploma,Tier-2,Rented,Upper,Married,Love,0,7.0
23,66092,Private Job,Bachelors,Tier-2,Rented,Upper,Married,Arranged,0,8.0
31,73188,Software Engineer,Bachelors,Tier-1,Own,Upper-Middle,Married,Love,0,12.5
27,56902,Doctor,Bachelors,Rural,Rented,Lower,Single,Arranged,0,18.0
38,142499,Private Job,PhD,Tier-2,Rented,Upper-Middle,Divorced,Love,0,17.0
37,169673,Government Officer,PhD,Tier-2,Own,Upper,Divorced,Love,1,29.0
30,36727,Private Job,Diploma,Rural,Own,Upper-Middle,Single,Love,0,14.5
37,112409,Business Owner,Bachelors,Tier-1,Own,Upper,Divorced,Arranged,0,20.5
28,138926,CA,Masters,Rural,Own,Upper-Middle,Single,Love,0,23.5
24,37767,CA,Bachelors,Tier-2,Rented,Lower,Divorced,Love,0,11.5
32,81798,Freelancer,Masters,Rural,Rented,Middle,Single,Arranged,0,17.0
38,117479,Doctor,Bachelors,Tier-2,Rented,Upper,Married,Arranged,0,13.0
28,181330,Private Job,Diploma,Rural,Rented,Upper-Middle,Divorced,Arranged,0,16.0
23,70527,Private Job,Masters,Tier-1,Own,Upper-Middle,Married,Love,0,11.5
23,162415,Doctor,Bachelors,Tier-1,Rented,Lower,Single,Arranged,0,26.5
36,22774,Business Owner,Masters,Tier-2,Own,Middle,Divorced,Arranged,0,16.0
39,59023,CA,Bachelors,Tier-1,Own,Lower,Divorced,Arranged,0,18.5
36,124728,Software Engineer,Bachelors,Tier-3,Own,Upper-Middle,Divorced,Love,0,18.0
31,133763,Private Job,Masters,Rural,Rented,Upper-Middle,Single,Arranged,0,20.5
39,25342,CA,Bachelors,Rural,Rented,Upper-Middle,Single,Arranged,0,16.0
26,68746,Private Job,PhD,Tier-1,Own,Upper-Middle,Divorced,Love,0,17.0
23,111822,Software Engineer,Diploma,Tier-3,Own,Middle,Divorced,Love,0,16.5
37,31177,Freelancer,Bachelors,Tier-1,Own,Upper,Married,Love,0,7.5
23,163844,Business Owner,Masters,Tier-2,Rented,Lower,Single,Arranged,0,25.0
40,173856,CA,Bachelors,Rural,Rented,Lower,Married,Love,0,11.5
25,35725,Doctor,PhD,Tier-3,Rented,Middle,Divorced,Love,0,13.0
38,107648,Private Job,Masters,Tier-3,Own,Lower,Divorced,Love,0,16.0
35,69957,Doctor,PhD,Tier-1,Own,Middle,Married,Love,0,14.5
27,106057,Software Engineer,Masters,Tier-1,Own,Upper,Single,Love,0,25.0
22,126762,Government Officer,PhD,Tier-2,Own,Upper-Middle,Married,Love,1,22.0
33,148072,Freelancer,Bachelors,Tier-2,Own,Upper,Married,Arranged,0,14.0
25,57329,Doctor,Diploma,Tier-2,Own,Upper-Middle,Single,Arranged,0,22.0
35,135082,Software Engineer,Diploma,Tier-1,Own,Middle,Married,Love,0,14.5
32,105733,Business Owner,Diploma,Tier-1,Rented,Upper-Middle,Single,Love,0,19.0
40,89573,CA,Masters,Rural,Rented,Upper-Middle,Married,Love,0,8.0
23,151743,CA,PhD,Tier-1,Rented,Upper-Middle,Married,Arranged,0,17.5
33,173202,Private Job,Diploma,Tier-2,Rented,Lower,Divorced,Love,0,15.5
40,196246,CA,Masters,Tier-1,Own,Middle,Married,Love,0,19.5
28,134347,Freelancer,Bachelors,Tier-1,Rented,Upper-Middle,Divorced,Love,0,14.5
25,75816,Doctor,Bachelors,Rural,Rented,Upper,Single,Love,0,17.0
36,30042,Private Job,PhD,Tier-3,Own,Upper-Middle,Single,Love,0,18.5
31,48066,Business Owner,Diploma,Rural,Rented,Upper-Middle,Divorced,Arranged,0,10.0
40,55423,Software Engineer,PhD,Tier-3,Own,Upper,Single,Love,0,21.5
28,57614,Business Owner,Masters,Tier-1,Rented,Lower,Divorced,Arranged,0,15.5
29,105763,Government Officer,Bachelors,Rural,Own,Middle,Married,Love,1,17.0
29,168348,CA,Masters,Tier-2,Rented,Lower,Single,Love,0,24.0
37,98823,Government Officer,Diploma,Tier-3,Rented,Lower,Divorced,Arranged,1,20.5
26,165686,Business Owner,Masters,Tier-3,Own,Upper-Middle,Married,Love,0,15.0
34,188318,Freelancer,Bachelors,Tier-2,Own,Lower,Married,Love,0,14.0
34,117785,Private Job,Diploma,Rural,Own,Upper-Middle,Single,Love,0,18.5
35,199884,Private Job,Diploma,Rural,Own,Lower,Married,Arranged,0,14.5
28,84747,CA,PhD,Tier-2,Own,Lower,Married,Arranged,0,16.0
39,190667,Private Job,PhD,Tier-3,Own,Upper-Middle,Single,Arranged,0,28.5
29,143118,Business Owner,Diploma,Tier-3,Own,Upper,Single,Arranged,0,24.0
23,131767,Private Job,Bachelors,Tier-1,Own,Middle,Married,Love,0,13.5
38,163512,Doctor,Diploma,Tier-3,Own,Upper-Middle,Married,Love,0,14.5
36,115187,Doctor,Masters,Tier-2,Rented,Middle,Single,Love,0,22.0
33,108213,Government Officer,Diploma,Tier-2,Rented,Lower,Single,Arranged,1,27.0
34,21289,Private Job,Bachelors,Tier-2,Rented,Lower,Married,Arranged,0,6.0
39,182706,Doctor,Diploma,Tier-1,Own,Lower,Single,Love,0,27.5
32,39754,Private Job,Masters,Tier-2,Own,Upper,Divorced,Arranged,0,15.5
26,171713,Private Job,Bachelors,Rural,Own,Middle,Single,Love,0,22.5
28,138265,Freelancer,Diploma,Rural,Own,Middle,Divorced,Love,0,13.5
29,53598,Doctor,Diploma,Tier-2,Own,Middle,Single,Arranged,0,22.0
22,128172,Government Officer,Masters,Rural,Rented,Middle,Single,Love,1,26.0
29,98990,Freelancer,PhD,Tier-2,Own,Middle,Divorced,Love,0,16.5
27,34401,Business Owner,PhD,Tier-2,Own,Middle,Single,Arranged,0,22.5
27,131068,Doctor,PhD,Tier-3,Rented,Upper-Middle,Single,Arranged,0,25.0
34,151095,Private Job,Diploma,Tier-1,Rented,Upper-Middle,Divorced,Arranged,0,17.5
23,117874,Doctor,PhD,Tier-1,Own,Lower,Divorced,Love,0,22.0
34,25393,Doctor,PhD,Tier-3,Own,Middle,Single,Arranged,0,22.5
37,109728,Freelancer,PhD,Rural,Own,Middle,Divorced,Love,0,15.0
35,163648,Doctor,Diploma,Tier-2,Own,Upper,Divorced,Love,0,20.5
37,65421,Private Job,PhD,Tier-3,Own,Upper,Single,Love,0,20.0
23,169908,Private Job,Masters,Tier-3,Own,Middle,Married,Love,0,14.0
24,149186,Doctor,Diploma,Tier-3,Rented,Upper,Divorced,Arranged,0,17.5
28,125743,Freelancer,Bachelors,Rural,Rented,Lower,Divorced,Love,0,11.0
34,134943,Private Job,Bachelors,Tier-3,Own,Upper-Middle,Single,Love,0,21.5
26,176956,Government Officer,Masters,Tier-1,Rented,Upper-Middle,Divorced,Arranged,1,28.5
38,107051,Private Job,Masters,Tier-1,Own,Upper-Middle,Married,Arranged,0,15.0
23,125085,Government Officer,PhD,Tier-2,Own,Middle,Single,Love,1,32.0
22,67880,Private Job,Bachelors,Tier-1,Own,Lower,Divorced,Arranged,0,17.0
35,179616,Freelancer,Bachelors,Tier-1,Rented,Lower,Divorced,Love,0,16.5
35,45128,Freelancer,PhD,Rural,Rented,Upper,Married,Love,0,4.0
37,75501,CA,PhD,Tier-2,Own,Upper-Middle,Divorced,Arranged,0,20.5
38,124433,CA,PhD,Tier-2,Rented,Upper-Middle,Divorced,Love,0,18.0
34,92047,Business Owner,Diploma,Tier-2,Own,Middle,Single,Arranged,0,22.5
40,95520,Software Engineer,Bachelors,Tier-3,Own,Middle,Single,Love,0,21.5
33,135019,Freelancer,Bachelors,Tier-1,Rented,Upper-Middle,Single,Arranged,0,21.5
25,42298,Software Engineer,PhD,Rural,Rented,Upper-Middle,Married,Love,0,7.0
29,63944,CA,PhD,Tier-1,Rented,Upper-Middle,Divorced,Love,0,16.0
27,27042,Freelancer,Bachelors,Tier-3,Rented,Upper,Single,Arranged,0,14.0
33,64898,Doctor,PhD,Tier-1,Own,Upper,Divorced,Arranged,0,21.5
28,188509,Government Officer,Bachelors,Tier-1,Own,Upper,Single,Love,1,34.0
40,134398,Business Owner,Bachelors,Rural,Rented,Upper-Middle,Single,Love,0,18.5
34,42496,Private Job,PhD,Tier-2,Own,Middle,Married,Love,0,10.0
37,147511,Government Officer,PhD,Rural,Rented,Lower,Married,Arranged,1,20.0
22,133206,Private Job,Masters,Rural,Own,Middle,Single,Love,0,21.5
24,79803,Doctor,Diploma,Tier-1,Own,Lower,Divorced,Love,0,17.0
22,160453,Business Owner,Bachelors,Tier-2,Rented,Upper,Married,Love,0,12.0
25,106838,Private Job,PhD,Tier-3,Rented,Lower,Single,Arranged,0,21.0
25,60009,Doctor,Bachelors,Tier-2,Own,Upper-Middle,Married,Arranged,0,13.5
30,101352,Government Officer,PhD,Tier-2,Rented,Lower,Married,Love,1,18.0
37,96023,Software Engineer,PhD,Rural,Rented,Middle,Single,Love,0,19.5
28,65481,Private Job,PhD,Tier-1,Rented,Middle,Married,Arranged,0,11.0
32,25640,Private Job,PhD,Tier-1,Own,Middle,Single,Love,0,20.0
37,120556,Doctor,Bachelors,Tier-2,Rented,Middle,Divorced,Love,0,16.5
26,116176,Freelancer,Masters,Rural,Own,Upper-Middle,Divorced,Arranged,0,16.5
29,170731,Business Owner,Diploma,Rural,Own,Upper,Married,Arranged,0,14.5
22,146710,Business Owner,Diploma,Tier-3,Own,Upper-Middle,Married,Love,0,12.0
34,38265,Software Engineer,Masters,Tier-3,Rented,Middle,Divorced,Arranged,0,13.5
22,100850,Doctor,Masters,Tier-3,Rented,Middle,Married,Love,0,10.5
35,95198,Government Officer,Diploma,Rural,Own,Middle,Married,Arranged,1,17.5
31,40429,Freelancer,Masters,Tier-3,Own,Lower,Divorced,Arranged,0,14.0
36,115908,Government Officer,Diploma,Tier-3,Rented,Upper-Middle,Divorced,Love,1,19.5
23,42588,Freelancer,Bachelors,Rural,Rented,Upper,Divorced,Arranged,0,9.0
29,32497,Freelancer,Masters,Rural,Own,Lower,Married,Arranged,0,7.5
39,161779,Private Job,Bachelors,Tier-1,Own,Middle,Single,Love,0,25.0
24,96227,Doctor,Masters,Tier-3,Own,Middle,Married,Love,0,13.0
34,169362,CA,PhD,Tier-2,Rented,Upper,Single,Arranged,0,27.0
28,114425,Private Job,Bachelors,Tier-3,Rented,Middle,Married,Arranged,0,9.5
35,45977,Private Job,Diploma,Rural,Rented,Lower,Married,Arranged,0,4.0
25,58719,Private Job,Diploma,Tier-2,Rented,Upper-Middle,Divorced,Love,0,9.5
34,194887,Business Owner,Masters,Rural,Rented,Upper-Middle,Married,Arranged,0,14.5
24,124482,Private Job,Diploma,Tier-1,Rented,Lower,Divorced,Arranged,0,16.0
30,151208,Software Engineer,Diploma,Tier-2,Rented,Lower,Divorced,Arranged,0,18.5
40,164506,Business Owner,PhD,Tier-2,Own,Upper-Middle,Divorced,Love,0,22.0
24,60504,Doctor,Diploma,Tier-3,Own,Lower,Married,Arranged,0,11.5
40,36745,Freelancer,PhD,Tier-1,Own,Middle,Married,Arranged,0,11.5
39,162894,Software Engineer,Bachelors,Rural,Rented,Upper-Middle,Divorced,Arranged,0,18.0
39,117972,Doctor,Diploma,Tier-1,Rented,Middle,Divorced,Love,0,16.0
37,94151,Private Job,Masters,Tier-2,Rented,Upper-Middle,Married,Arranged,0,10.5
37,138532,Private Job,Diploma,Tier-3,Own,Upper,Divorced,Love,0,15.5
35,193855,Software Engineer,Masters,Tier-3,Own,Lower,Single,Arranged,0,29.5
39,144424,Software Engineer,PhD,Tier-3,Rented,Upper,Divorced,Love,0,18.0
38,26369,CA,Masters,Tier-3,Own,Lower,Single,Love,0,19.0
34,147613,Doctor,Masters,Rural,Own,Lower,Divorced,Arranged,0,21.5
31,73237,Software Engineer,Masters,Tier-2,Rented,Lower,Divorced,Arranged,0,16.5
35,171866,CA,Masters,Tier-3,Rented,Upper,Married,Love,0,13.5
32,53650,Private Job,Bachelors,Tier-1,Rented,Lower,Married,Arranged,0,8.5
36,95464,CA,Diploma,Tier-2,Rented,Lower,Married,Arranged,0,10.5
36,47007,Software Engineer,Diploma,Tier-3,Own,Lower,Divorced,Arranged,0,15.0
22,110479,Government Officer,PhD,Tier-3,Rented,Upper-Middle,Divorced,Love,1,22.5
29,25915,Government Officer,Masters,Tier-1,Own,Middle,Married,Arranged,1,19.0
38,162628,Business Owner,Masters,Rural,Own,Upper-Middle,Single,Love,0,24.0
35,165937,Freelancer,Masters,Tier-1,Own,Upper-Middle,Married,Love,0,15.0
26,159144,Freelancer,PhD,Tier-1,Rented,Middle,Single,Love,0,22.5
39,142079,Freelancer,Masters,Tier-1,Rented,Upper,Married,Arranged,0,13.0
28,50121,Software Engineer,PhD,Tier-2,Own,Lower,Married,Love,0,12.5
25,172071,Government Officer,Masters,Rural,Rented,Lower,Married,Arranged,1,20.5
30,188369,Freelancer,Bachelors,Tier-3,Rented,Lower,Single,Arranged,0,22.0
33,106461,Software Engineer,Masters,Rural,Rented,Middle,Divorced,Arranged,0,16.0
40,49240,Business Owner,PhD,Rural,Rented,Upper,Divorced,Arranged,0,13.0
28,173806,CA,PhD,Rural,Own,Middle,Divorced,Arranged,0,23.5
34,140472,Software Engineer,Bachelors,Tier-3,Own,Upper,Single,Arranged,0,26.0
26,89155,Software Engineer,Masters,Tier-1,Rented,Lower,Married,Love,0,11.0
36,101383,Private Job,Diploma,Tier-2,Own,Upper-Middle,Single,Arranged,0,22.0
22,138005,Business Owner,PhD,Tier-1,Own,Upper,Divorced,Arranged,0,23.5
38,126301,Software Engineer,Bachelors,Tier-1,Rented,Upper-Middle,Single,Love,0,22.0
38,119577,CA,PhD,Rural,Own,Upper-Middle,Married,Love,0,13.5
36,47088,Business Owner,Bachelors,Tier-2,Own,Lower,Single,Love,0,19.0
37,131369,Business Owner,Masters,Rural,Rented,Upper,Married,Love,0,9.5
28,99013,Business Owner,Bachelors,Rural,Own,Upper-Middle,Single,Arranged,0,21.5
38,175548,CA,Masters,Rural,Own,Middle,Single,Arranged,0,27.5
31,138767,Doctor,PhD,Tier-1,Own,Lower,Married,Arranged,0,20.0
36,182598,CA,PhD,Rural,Own,Middle,Divorced,Love,0,22.0
25,167880,Software Engineer,Bachelors,Rural,Own,Lower,Single,Love,0,24.0
27,166835,Business Owner,Masters,Tier-1,Own,Upper-Middle,Divorced,Arranged,0,24.0
31,119705,CA,Diploma,Tier-1,Rented,Lower,Divorced,Arranged,0,17.5
34,142665,Doctor,PhD,Tier-1,Own,Lower,Divorced,Arranged,0,25.5
28,60757,Software Engineer,Masters,Rural,Own,Middle,Single,Arranged,0,22.0
27,141017,Freelancer,Bachelors,Tier-3,Rented,Upper-Middle,Married,Arranged,0,10.0
39,47448,Software Engineer,PhD,Rural,Rented,Upper-Middle,Single,Arranged,0,19.0
36,178552,Freelancer,Bachelors,Tier-2,Rented,Upper-Middle,Single,Arranged,0,22.5
23,27709,Doctor,Bachelors,Rural,Own,Upper,Divorced,Arranged,0,14.5
34,105924,Government Officer,Masters,Rural,Rented,Lower,Single,Arranged,1,27.0
24,113187,Business Owner,Bachelors,Tier-2,Own,Upper-Middle,Divorced,Arranged,0,19.5
22,152053,Private Job,Diploma,Rural,Own,Middle,Divorced,Arranged,0,17.5
23,88617,Software Engineer,PhD,Tier-2,Rented,Upper,Married,Love,0,11.0
35,26931,Doctor,Diploma,Tier-1,Rented,Upper-Middle,Single,Arranged,0,18.5
24,180968,CA,Bachelors,Tier-3,Own,Middle,Single,Love,0,26.0
38,77611,Private Job,Diploma,Rural,Rented,Lower,Single,Love,0,13.5
33,88600,Software Engineer,Masters,Tier-2,Own,Upper-Middle,Single,Love,0,23.0
33,163004,Software Engineer,Bachelors,Tier-2,Own,Upper-Middle,Single,Arranged,0,28.0
34,195180,Doctor,PhD,Tier-3,Own,Lower,Single,Arranged,0,31.0
24,102563,Software Engineer,Bachelors,Tier-3,Rented,Upper,Single,Arranged,0,21.0
27,158597,Freelancer,Diploma,Tier-2,Own,Upper-Middle,Married,Arranged,0,13.5
39,39739,Freelancer,Bachelors,Tier-2,Own,Lower,Married,Arranged,0,8.5
30,60958,Business Owner,PhD,Tier-1,Own,Upper,Married,Arranged,0,15.0
37,197535,Government Officer,Diploma,Rural,Rented,Upper-Middle,Divorced,Love,1,22.5
32,62113,Private Job,PhD,Tier-2,Rented,Upper-Middle,Divorced,Love,0,13.0
27,197111,CA,PhD,Tier-1,Rented,Lower,Single,Love,0,27.5
24,162633,Doctor,Diploma,Tier-1,Rented,Upper,Married,Love,0,13.5
30,117404,Government Officer,Bachelors,Tier-2,Own,Middle,Single,Love,1,29.5
28,199072,Business Owner,Masters,Tier-1,Own,Middle,Single,Love,0,28.5
27,169960,Freelancer,PhD,Tier-3,Rented,Upper,Married,Arranged,0,13.0
23,193975,Freelancer,Masters,Tier-3,Rented,Middle,Married,Love,0,11.5
28,137310,Business Owner,PhD,Tier-3,Own,Middle,Divorced,Arranged,0,21.5
37,129641,Software Engineer,Masters,Tier-2,Own,Middle,Single,Arranged,0,27.0
29,139615,CA,PhD,Tier-2,Rented,Lower,Divorced,Arranged,0,20.5
33,83234,CA,PhD,Rural,Rented,Lower,Single,Love,0,19.0
33,54382,Doctor,PhD,Tier-1,Own,Lower,Divorced,Love,0,19.0
31,129022,CA,Diploma,Tier-1,Own,Middle,Single,Love,0,24.0
38,186566,Government Officer,Diploma,Rural,Own,Middle,Divorced,Arranged,1,27.0
38,103405,Private Job,Diploma,Tier-1,Own,Middle,Married,Love,0,11.0
32,118576,CA,Bachelors,Rural,Rented,Lower,Single,Arranged,0,20.5
29,77171,Software Engineer,Bachelors,Tier-3,Rented,Upper-Middle,Single,Love,0,17.5
28,40097,Freelancer,PhD,Tier-1,Rented,Lower,Single,Love,0,17.0
31,121410,Government Officer,Bachelors,Rural,Own,Middle,Single,Love,1,28.0
31,79589,CA,Bachelors,Tier-2,Own,Upper-Middle,Married,Love,0,11.5
26,54494,Private Job,PhD,Rural,Own,Upper-Middle,Divorced,Love,0,13.5
34,71594,Doctor,Bachelors,Tier-2,Rented,Middle,Divorced,Arranged,0,16.0
35,74129,CA,PhD,Rural,Own,Lower,Married,Love,0,11.5
33,92302,Private Job,Diploma,Tier-3,Rented,Lower,Married,Love,0,5.5
35,128923,Doctor,Bachelors,Tier-3,Own,Upper,Divorced,Arranged,0,20.5
25,190984,Doctor,PhD,Tier-2,Own,Middle,Divorced,Love,0,25.0
33,41859,Doctor,Bachelors,Tier-3,Rented,Middle,Divorced,Love,0,11.5
29,46890,Business Owner,Masters,Rural,Own,Upper,Single,Arranged,0,20.0
29,103292,Software Engineer,Bachelors,Rural,Rented,Lower,Divorced,Love,0,13.0
37,127987,Software Engineer,Masters,Tier-3,Rented,Lower,Divorced,Love,0,16.0
30,138295,CA,Bachelors,Tier-2,Rented,Middle,Married,Arranged,0,13.5
30,64949,Business Owner,Diploma,Tier-2,Own,Middle,Divorced,Love,0,14.0
24,102522,CA,Masters,Tier-2,Own,Upper-Middle,Single,Arranged,0,26.0
34,74608,Software Engineer,PhD,Tier-1,Own,Upper-Middle,Single,Arranged,0,26.5
27,67211,CA,Diploma,Rural,Rented,Upper,Single,Love,0,15.0
34,90800,Government Officer,Bachelors,Tier-2,Own,Lower,Divorced,Love,1,23.5
26,104708,Private Job,Bachelors,Tier-2,Own,Upper-Middle,Divorced,Arranged,0,18.0
32,186602,Doctor,Masters,Tier-2,Rented,Upper-Middle,Single,Arranged,0,27.5
35,103949,Government Officer,Bachelors,Tier-2,Rented,Upper,Divorced,Arranged,1,23.0
24,192789,Private Job,Bachelors,Rural,Rented,Upper-Middle,Divorced,Arranged,0,17.5
23,95437,CA,PhD,Tier-2,Rented,Lower,Single,Love,0,21.5
39,143904,Freelancer,Diploma,Tier-1,Rented,Upper-Middle,Divorced,Love,0,14.0
25,123982,CA,Diploma,Tier-1,Rented,Upper,Single,Love,0,21.0
40,198558,CA,Masters,Tier-2,Own,Lower,Single,Love,0,28.5
38,190218,Freelancer,Diploma,Tier-1,Rented,Upper,Divorced,Love,0,16.5
29,158306,CA,Diploma,Tier-2,Own,Upper-Middle,Single,Love,0,24.5
22,31168,Freelancer,Masters,Rural,Own,Upper-Middle,Single,Arranged,0,17.5
34,70371,Doctor,Diploma,Tier-3,Own,Upper,Single,Arranged,0,22.0
36,78127,Software Engineer,Masters,Rural,Own,Upper,Married,Love,0,10.5
30,149760,Government Officer,Bachelors,Tier-1,Own,Upper-Middle,Married,Arranged,1,24.0
28,105662,Doctor,Bachelors,Tier-2,Own,Lower,Single,Love,0,23.5
27,24160,Doctor,Bachelors,Rural,Rented,Lower,Divorced,Arranged,0,11.5
32,22118,Private Job,PhD,Rural,Own,Middle,Divorced,Arranged,0,14.0
28,91596,CA,Diploma,Tier-1,Rented,Lower,Divorced,Love,0,14.5
40,109417,Government Officer,PhD,Tier-3,Rented,Lower,Divorced,Love,1,22.0
23,34697,Business Owner,Diploma,Tier-3,Rented,Middle,Married,Arranged,0,5.5
30,164027,Business Owner,PhD,Tier-3,Rented,Upper-Middle,Single,Arranged,0,25.0
30,82906,CA,PhD,Tier-2,Rented,Middle,Divorced,Arranged,0,18.0
30,184687,Business Owner,PhD,Tier-1,Rented,Upper,Married,Love,0,16.0
35,51749,Government Officer,Masters,Tier-1,Own,Upper,Married,Love,1,18.5
36,90743,Doctor,Masters,Tier-3,Own,Middle,Married,Love,0,13.0
39,111157,Business Owner,Diploma,Tier-2,Rented,Upper,Divorced,Love,0,13.5
31,198012,CA,Diploma,Rural,Rented,Lower,Single,Arranged,0,23.5
29,89429,CA,Bachelors,Rural,Rented,Upper,Divorced,Arranged,0,14.0
39,41498,Doctor,PhD,Tier-1,Own,Lower,Single,Love,0,23.5
34,33787,Private Job,PhD,Tier-1,Own,Middle,Divorced,Love,0,15.5
24,185310,Doctor,PhD,Tier-3,Own,Lower,Married,Arranged,0,20.5
30,185251,Doctor,Masters,Tier-1,Own,Upper-Middle,Divorced,Love,0,24.5
30,34211,Software Engineer,PhD,Tier-2,Own,Lower,Divorced,Love,0,16.5
25,88553,Software Engineer,PhD,Tier-2,Own,Lower,Single,Love,0,24.0
36,65131,Government Officer,PhD,Tier-1,Rented,Upper,Divorced,Arranged,1,24.0
23,76107,Government Officer,Diploma,Rural,Rented,Upper-Middle,Married,Arranged,1,13.5
29,118485,Business Owner,Diploma,Rural,Own,Lower,Divorced,Arranged,0,16.5
22,122513,Private Job,Bachelors,Tier-2,Own,Lower,Single,Love,0,22.0
40,146337,Freelancer,Masters,Tier-3,Own,Upper-Middle,Divorced,Love,0,17.0
38,143203,Government Officer,PhD,Tier-2,Own,Upper-Middle,Divorced,Love,1,28.0
24,150264,Software Engineer,Masters,Tier-3,Rented,Upper,Divorced,Love,0,17.5
38,94516,Software Engineer,Bachelors,Rural,Rented,Middle,Divorced,Arranged,0,14.5
27,155640,Doctor,PhD,Tier-1,Rented,Upper-Middle,Divorced,Arranged,0,23.0
37,73086,Government Officer,PhD,Tier-2,Rented,Upper-Middle,Divorced,Arranged,1,23.5
22,94328,Software Engineer,PhD,Tier-1,Own,Middle,Married,Arranged,0,17.5
38,183557,Software Engineer,Masters,Tier-2,Rented,Middle,Divorced,Love,0,20.0
31,144942,Business Owner,Diploma,Tier-3,Rented,Upper,Divorced,Arranged,0,16.0
34,162487,Business Owner,Masters,Tier-2,Rented,Upper-Middle,Divorced,Love,0,18.0
37,114219,Freelancer,PhD,Tier-2,Rented,Upper,Married,Love,0,9.5
38,173617,Doctor,Bachelors,Rural,Own,Lower,Married,Love,0,15.0
36,161506,Private Job,Diploma,Tier-1,Rented,Lower,Single,Love,0,21.0
22,185377,Software Engineer,Masters,Tier-3,Own,Middle,Married,Arranged,0,19.0
25,151863,Private Job,Masters,Tier-1,Own,Upper-Middle,Single,Arranged,0,27.5
35,52183,Business Owner,Masters,Tier-2,Rented,Lower,Divorced,Love,0,12.5
24,121114,Doctor,Masters,Rural,Own,Upper-Middle,Single,Love,0,23.5
32,138502,Software Engineer,Diploma,Tier-2,Own,Lower,Single,Arranged,0,25.5
31,97006,Business Owner,Masters,Tier-3,Own,Upper,Married,Love,0,11.5
38,43978,Government Officer,Diploma,Rural,Rented,Upper-Middle,Divorced,Love,1,15.0
39,156311,Software Engineer,Bachelors,Tier-1,Own,Middle,Divorced,Love,0,21.5
23,24076,Private Job,Bachelors,Rural,Own,Upper-Middle,Divorced,Love,0,10.0
27,195718,Government Officer,Masters,Tier-1,Rented,Lower,Single,Love,1,32.5
34,117892,Business Owner,Bachelors,Tier-3,Own,Middle,Single,Love,0,21.5
29,166410,Private Job,Diploma,Tier-3,Own,Upper-Middle,Divorced,Love,0,17.0
25,142715,Government Officer,Masters,Tier-2,Rented,Middle,Married,Love,1,19.0
29,176890,Business Owner,Bachelors,Rural,Own,Lower,Married,Arranged,0,15.5
28,192446,Private Job,Bachelors,Tier-3,Own,Lower,Married,Love,0,14.5
22,164612,Government Officer,Bachelors,Tier-1,Own,Lower,Single,Arranged,1,35.0
38,143343,CA,Diploma,Tier-3,Own,Upper-Middle,Married,Arranged,0,15.0
24,145842,CA,Masters,Tier-1,Rented,Upper,Single,Love,0,24.0
29,179071,Government Officer,Masters,Tier-3,Own,Lower,Divorced,Love,1,27.5
29,166993,Private Job,Masters,Tier-3,Own,Lower,Divorced,Arranged,0,21.0
22,184123,Business Owner,PhD,Tier-2,Own,Upper-Middle,Married,Arranged,0,20.0
23,20507,Government Officer,PhD,Tier-3,Own,Upper-Middle,Single,Arranged,1,28.0
29,69147,Doctor,Masters,Rural,Rented,Middle,Divorced,Arranged,0,14.5
34,187921,Freelancer,PhD,Tier-1,Own,Middle,Married,Arranged,0,19.0
40,52320,Business Owner,Bachelors,Tier-2,Own,Upper-Middle,Single,Love,0,19.5
22,122300,Freelancer,Diploma,Tier-2,Rented,Upper,Divorced,Love,0,12.0
40,75836,Doctor,PhD,Tier-1,Own,Upper,Married,Arranged,0,17.0
33,52923,Business Owner,Bachelors,Tier-3,Own,Lower,Divorced,Love,0,13.5
39,111124,Government Officer,Bachelors,Tier-3,Rented,Upper,Divorced,Love,1,20.5
37,100029,Freelancer,PhD,Tier-2,Rented,Upper,Married,Arranged,0,11.0
25,26648,Freelancer,Diploma,Tier-2,Own,Lower,Single,Arranged,0,17.0
26,105244,Doctor,PhD,Rural,Own,Upper-Middle,Married,Love,0,13.5
38,60705,Software Engineer,Bachelors,Tier-1,Rented,Upper-Middle,Divorced,Love,0,14.0
38,199943,Private Job,PhD,Rural,Own,Middle,Married,Love,0,15.5
36,58054,Software Engineer,PhD,Tier-3,Rented,Upper,Single,Love,0,18.5
33,163556,Private Job,Diploma,Tier-2,Rented,Lower,Married,Arranged,0,12.0
39,124161,Software Engineer,Diploma,Tier-1,Own,Middle,Single,Arranged,0,26.0
28,184676,Doctor,PhD,Tier-3,Own,Upper,Divorced,Love,0,23.5
23,151808,Software Engineer,Diploma,Tier-2,Own,Upper-Middle,Married,Arranged,0,16.5
24,167743,CA,Diploma,Tier-2,Own,Middle,Single,Arranged,0,27.0
39,62487,Doctor,PhD,Rural,Own,Middle,Married,Arranged,0,13.5
33,134865,Business Owner,Diploma,Tier-2,Rented,Upper,Single,Love,0,19.5
28,152140,Private Job,Diploma,Tier-2,Own,Upper-Middle,Single,Love,0,22.5
24,92872,CA,Diploma,Tier-2,Own,Middle,Divorced,Arranged,0,18.5
40,94770,Software Engineer,Diploma,Rural,Rented,Middle,Divorced,Arranged,0,13.5
33,54275,Doctor,PhD,Rural,Own,Middle,Single,Love,0,21.0
22,79280,Software Engineer,Diploma,Tier-1,Own,Middle,Single,Love,0,21.5
32,78098,Software Engineer,Bachelors,Tier-1,Own,Middle,Married,Love,0,12.5
26,45637,Doctor,Masters,Tier-2,Rented,Middle,Married,Arranged,0,10.5
27,119545,Business Owner,Masters,Tier-2,Own,Upper-Middle,Married,Love,0,13.5
40,174652,Business Owner,Bachelors,Rural,Own,Upper-Middle,Single,Arranged,0,25.5
31,29657,Doctor,Diploma,Tier-1,Rented,Upper-Middle,Married,Love,0,6.5
36,171340,Business Owner,Diploma,Tier-3,Own,Upper-Middle,Single,Arranged,0,25.5
24,103363,CA,PhD,Tier-2,Own,Lower,Married,Arranged,0,17.0
35,65997,Software Engineer,Masters,Tier-3,Rented,Lower,Divorced,Arranged,0,15.0
30,92858,CA,Bachelors,Tier-2,Rented,Middle,Single,Love,0,19.5
29,163885,Freelancer,PhD,Rural,Rented,Lower,Married,Love,0,10.0
26,150720,Freelancer,Diploma,Tier-2,Own,Middle,Divorced,Love,0,16.5
32,103970,Private Job,Diploma,Tier-3,Rented,Upper-Middle,Single,Love,0,16.0
35,83846,Private Job,PhD,Tier-2,Own,Middle,Divorced,Love,0,17.0
38,145533,Freelancer,Bachelors,Rural,Rented,Lower,Divorced,Love,0,12.0
28,66566,Business Owner,Diploma,Tier-3,Rented,Middle,Married,Love,0,5.0
26,112790,Government Officer,Masters,Rural,Rented,Middle,Divorced,Arranged,1,22.5
37,38391,Freelancer,Masters,Tier-2,Rented,Upper-Middle,Single,Love,0,14.5
28,123689,Business Owner,Bachelors,Tier-3,Own,Middle,Married,Arranged,0,14.0
40,182825,Freelancer,Bachelors,Tier-3,Own,Upper-Middle,Single,Love,0,23.0
36,122150,Software Engineer,Bachelors,Rural,Rented,Middle,Single,Arranged,0,21.0
38,155030,Private Job,Diploma,Tier-2,Rented,Middle,Divorced,Arranged,0,16.5
36,147676,Freelancer,PhD,Tier-2,Rented,Upper,Single,Love,0,21.0
36,174981,Private Job,Diploma,Rural,Rented,Upper,Single,Love,0,18.5
36,65583,Private Job,PhD,Rural,Own,Upper-Middle,Divorced,Arranged,0,16.0
22,128803,CA,Diploma,Tier-3,Rented,Middle,Divorced,Love,0,14.0
40,130020,Private Job,Bachelors,Tier-1,Rented,Upper-Middle,Divorced,Love,0,15.5
28,40753,Business Owner,Bachelors,Tier-1,Rented,Upper,Divorced,Arranged,0,14.0
28,67724,Government Officer,Bachelors,Tier-3,Rented,Middle,Married,Love,1,13.0
29,60277,Software Engineer,Masters,Tier-1,Rented,Lower,Single,Love,0,20.0
24,99182,Software Engineer,PhD,Tier-1,Own,Lower,Divorced,Arranged,0,22.5
32,40815,Business Owner,Diploma,Tier-2,Rented,Upper-Middle,Divorced,Love,0,10.0
36,124240,Business Owner,Masters,Rural,Own,Upper,Divorced,Arranged,0,19.0
29,170198,Doctor,Masters,Rural,Rented,Middle,Divorced,Arranged,0,20.0
40,126763,Government Officer,Bachelors,Tier-1,Rented,Middle,Divorced,Arranged,1,25.0
29,148908,Business Owner,Bachelors,Tier-1,Own,Upper,Married,Arranged,0,17.0
32,36162,Freelancer,Masters,Tier-2,Own,Upper-Middle,Divorced,Love,0,12.5
38,122448,Freelancer,Masters,Tier-3,Rented,Upper-Middle,Divorced,Love,0,13.0
32,147433,Business Owner,Bachelors,Tier-2,Rented,Upper-Middle,Married,Arranged,0,13.0
24,21615,Business Owner,Diploma,Tier-2,Own,Upper-Middle,Divorced,Arranged,0,14.0
27,88944,Government Officer,PhD,Tier-3,Rented,Upper,Single,Arranged,1,28.0
34,83449,CA,PhD,Rural,Rented,Upper,Married,Love,0,9.0
31,28692,CA,Masters,Rural,Own,Upper,Single,Love,0,18.0
35,85624,Doctor,Masters,Rural,Own,Middle,Single,Love,0,21.5
31,37056,Software Engineer,Bachelors,Rural,Rented,Upper-Middle,Single,Love,0,14.5
37,57095,Software Engineer,PhD,Tier-1,Rented,Upper-Middle,Married,Arranged,0,12.5
33,89984,Business Owner,PhD,Tier-2,Rented,Upper,Married,Arranged,0,12.0
37,45906,Private Job,Masters,Rural,Own,Lower,Single,Love,0,17.0
28,100585,Business Owner,Masters,Tier-3,Own,Upper-Middle,Married,Arranged,0,14.0
22,24962,Business Owner,Diploma,Tier-2,Own,Upper-Middle,Single,Love,0,17.0
28,110357,Private Job,Diploma,Rural,Own,Middle,Single,Arranged,0,20.5
34,162820,Private Job,Masters,Rural,Rented,Upper-Middle,Married,Arranged,0,12.0
28,89110,Freelancer,Bachelors,Tier-3,Own,Upper-Middle,Single,Arranged,0,20.0
27,153658,Business Owner,PhD,Tier-2,Rented,Upper-Middle,Single,Love,0,23.5
35,91717,Government Officer,Masters,Tier-2,Own,Lower,Single,Arranged,1,31.5
37,126380,Freelancer,Masters,Tier-1,Own,Upper-Middle,Married,Love,0,13.0
40,140233,Government Officer,Bachelors,Tier-1,Rented,Upper,Single,Love,1,29.0
35,49687,Private Job,Bachelors,Rural,Rented,Lower,Single,Love,0,13.0
32,41710,Private Job,Bachelors,Tier-2,Own,Upper-Middle,Married,Love,0,8.0
28,27062,Freelancer,Diploma,Tier-2,Own,Upper-Middle,Divorced,Love,0,10.0
35,169078,Business Owner,PhD,Tier-1,Rented,Lower,Divorced,Arranged,0,22.0
36,32011,Business Owner,Bachelors,Tier-1,Rented,Lower,Married,Arranged,0,8.5
38,42111,Software Engineer,PhD,Tier-2,Rented,Lower,Single,Love,0,19.0
31,191496,Government Officer,PhD,Rural,Own,Upper,Married,Love,1,23.5
32,118075,Doctor,Diploma,Tier-2,Rented,Upper-Middle,Single,Arranged,0,22.0
38,54303,Business Owner,Diploma,Tier-2,Rented,Lower,Divorced,Arranged,0,12.5
23,64580,Doctor,Bachelors,Rural,Own,Lower,Single,Love,0,19.5
30,102957,Business Owner,Diploma,Rural,Rented,Middle,Divorced,Arranged,0,13.0
22,66270,Software Engineer,PhD,Tier-3,Rented,Middle,Divorced,Arranged,0,16.0
27,123460,Private Job,Masters,Tier-3,Rented,Lower,Married,Arranged,0,11.0
34,167860,Software Engineer,Diploma,Tier-3,Rented,Upper,Single,Arranged,0,23.0
22,148325,Private Job,Diploma,Tier-1,Own,Upper,Married,Arranged,0,15.0
34,126096,Private Job,Masters,Tier-2,Own,Upper-Middle,Married,Love,0,13.0
24,74217,Government Officer,Diploma,Tier-3,Rented,Upper-Middle,Divorced,Love,1,17.5
24,103842,Private Job,PhD,Tier-1,Own,Upper-Middle,Married,Arranged,0,16.0
25,192951,Doctor,Masters,Tier-1,Own,Middle,Married,Love,0,20.0
36,109881,Business Owner,Masters,Tier-1,Own,Upper,Married,Love,0,14.0
25,107012,Doctor,Diploma,Tier-3,Rented,Upper,Married,Love,0,8.5
34,71500,Software Engineer,Diploma,Tier-1,Rented,Upper-Middle,Married,Arranged,0,10.5
34,173823,CA,PhD,Tier-3,Rented,Middle,Married,Arranged,0,16.5
30,178636,Software Engineer,Masters,Tier-2,Rented,Upper-Middle,Divorced,Arranged,0,21.5
35,68619,Software Engineer,Bachelors,Tier-3,Own,Upper,Married,Arranged,0,12.0
27,180782,Business Owner,Diploma,Rural,Own,Upper-Middle,Divorced,Arranged,0,20.0
39,37690,Government Officer,PhD,Tier-3,Own,Upper,Married,Arranged,1,18.5
32,98454,Private Job,PhD,Tier-2,Rented,Middle,Single,Love,0,19.5
22,120327,Business Owner,PhD,Tier-1,Own,Upper,Single,Love,0,26.0
22,98713,Private Job,Masters,Rural,Rented,Middle,Married,Love,0,6.5
37,195945,CA,Bachelors,Tier-1,Rented,Lower,Married,Arranged,0,17.5
34,86201,Private Job,Masters,Tier-3,Own,Lower,Divorced,Arranged,0,17.0
37,85952,Doctor,Masters,Rural,Rented,Middle,Divorced,Arranged,0,15.5
29,139914,CA,PhD,Tier-2,Own,Lower,Single,Arranged,0,28.5
25,122202,CA,Bachelors,Rural,Rented,Middle,Single,Love,0,19.0
26,91393,CA,Diploma,Tier-2,Own,Upper,Married,Arranged,0,13.5
26,151604,CA,Bachelors,Tier-2,Rented,Upper,Single,Arranged,0,24.5
35,45028,CA,Masters,Tier-3,Rented,Upper-Middle,Divorced,Arranged,0,14.0
34,151564,Government Officer,Diploma,Rural,Own,Upper,Divorced,Love,1,23.5
31,36923,Freelancer,Diploma,Tier-1,Rented,Lower,Married,Arranged,0,5.5
40,158448,Software Engineer,Bachelors,Tier-2,Own,Upper-Middle,Single,Love,0,25.5
25,134769,Private Job,Bachelors,Rural,Rented,Lower,Single,Love,0,17.5
40,42386,Private Job,Bachelors,Tier-2,Own,Middle,Married,Love,0,8.0
39,106946,Software Engineer,Masters,Tier-2,Own,Upper-Middle,Single,Love,0,24.0
25,49612,Software Engineer,PhD,Tier-2,Rented,Upper,Divorced,Arranged,0,16.0
34,101734,Government Officer,Diploma,Rural,Own,Lower,Single,Love,1,26.0
22,178497,Private Job,PhD,Tier-3,Rented,Lower,Divorced,Love,0,17.5
28,43741,Doctor,PhD,Rural,Rented,Upper,Divorced,Arranged,0,14.5
35,36889,Private Job,Diploma,Tier-2,Rented,Upper-Middle,Single,Arranged,0,15.5
35,128205,Government Officer,Bachelors,Tier-1,Rented,Lower,Married,Love,1,18.0
28,161140,CA,Bachelors,Tier-2,Rented,Lower,Married,Love,0,13.0
34,68835,CA,Masters,Tier-3,Rented,Upper-Middle,Married,Arranged,0,10.0
37,167749,Doctor,Bachelors,Tier-3,Own,Upper-Middle,Single,Arranged,0,27.5
32,155171,CA,Diploma,Tier-2,Own,Upper-Middle,Single,Arranged,0,26.5
38,94790,Software Engineer,Bachelors,Rural,Rented,Lower,Married,Love,0,7.5
24,150757,Software Engineer,Bachelors,Tier-2,Rented,Upper-Middle,Divorced,Arranged,0,19.5
39,120297,Freelancer,Diploma,Tier-2,Own,Lower,Single,Arranged,0,22.0
33,114188,Government Officer,Diploma,Rural,Own,Upper,Single,Arranged,1,28.5
30,45612,Government Officer,PhD,Tier-2,Rented,Upper-Middle,Married,Love,1,15.0
25,29546,Freelancer,Masters,Tier-1,Own,Middle,Single,Arranged,0,20.0
36,75856,Government Officer,Bachelors,Rural,Own,Middle,Married,Arranged,1,17.5
29,46923,Private Job,PhD,Tier-3,Own,Upper,Married,Arranged,0,11.0
36,124750,Business Owner,Bachelors,Rural,Rented,Lower,Married,Arranged,0,10.0
34,81577,Government Officer,Bachelors,Tier-3,Own,Upper-Middle,Divorced,Arranged,1,24.0
24,74909,Government Officer,PhD,Rural,Own,Middle,Married,Arranged,1,19.5
34,130208,Freelancer,PhD,Tier-3,Rented,Lower,Single,Arranged,0,21.5
31,33909,Doctor,Masters,Tier-1,Rented,Upper-Middle,Divorced,Love,0,14.0
31,192682,CA,Masters,Tier-3,Rented,Upper,Married,Arranged,0,16.5
37,150686,Software Engineer,Bachelors,Tier-1,Rented,Upper-Middle,Single,Arranged,0,25.5
32,55172,Doctor,Diploma,Tier-1,Own,Upper-Middle,Single,Arranged,0,23.0
31,100217,Business Owner,PhD,Tier-2,Own,Middle,Divorced,Arranged,0,21.0
35,133742,Freelancer,PhD,Tier-2,Rented,Upper,Married,Love,0,10.5
29,172066,CA,PhD,Rural,Own,Lower,Married,Love,0,16.5
25,84820,Business Owner,Diploma,Tier-2,Rented,Upper-Middle,Married,Arranged,0,9.0
34,93999,CA,Diploma,Tier-1,Own,Lower,Single,Love,0,22.5
34,57952,CA,PhD,Tier-3,Own,Lower,Married,Arranged,0,13.5
38,195665,Doctor,Diploma,Tier-2,Own,Upper,Single,Love,0,27.0
24,196991,Software Engineer,Diploma,Tier-3,Own,Middle,Married,Love,0,15.5
28,80418,Doctor,Diploma,Tier-2,Own,Lower,Divorced,Arranged,0,18.5
39,139856,Private Job,Masters,Tier-1,Own,Upper,Divorced,Love,0,19.5
39,170980,Government Officer,Diploma,Tier-2,Own,Middle,Single,Love,1,31.5
34,170805,Business Owner,Masters,Tier-2,Own,Upper,Divorced,Arranged,0,23.5
30,33542,Doctor,Bachelors,Tier-3,Rented,Upper,Married,Arranged,0,8.0
39,39099,Doctor,Diploma,Tier-1,Own,Upper-Middle,Single,Arranged,0,22.0
35,178391,Software Engineer,Bachelors,Tier-3,Own,Lower,Divorced,Love,0,20.5
29,133176,Private Job,PhD,Rural,Rented,Upper-Middle,Married,Arranged,0,11.5
22,113766,Software Engineer,Bachelors,Tier-3,Own,Middle,Married,Love,0,12.5
39,29463,Private Job,Bachelors,Tier-3,Rented,Upper-Middle,Divorced,Love,0,8.0
39,51559,Government Officer,PhD,Rural,Rented,Middle,Divorced,Arranged,1,20.5
30,51833,Doctor,Diploma,Tier-1,Own,Lower,Divorced,Love,0,16.0
24,184245,Freelancer,Bachelors,Tier-1,Rented,Middle,Married,Love,0,12.0
28,77284,Freelancer,Masters,Tier-1,Rented,Lower,Single,Arranged,0,19.5
26,120348,Software Engineer,PhD,Tier-2,Own,Upper-Middle,Single,Arranged,0,28.0
23,42269,CA,Diploma,Tier-2,Rented,Middle,Divorced,Arranged,0,13.0
36,190067,Software Engineer,Bachelors,Tier-1,Own,Upper,Single,Arranged,0,30.5
39,198288,Doctor,Masters,Tier-2,Rented,Upper,Single,Arranged,0,28.0
39,93355,Software Engineer,Bachelors,Rural,Rented,Middle,Married,Love,0,7.5
23,135365,Government Officer,PhD,Tier-3,Own,Upper,Single,Arranged,1,33.5
31,131670,CA,PhD,Tier-1,Rented,Upper,Divorced,Love,0,19.5
27,150333,Doctor,PhD,Tier-1,Rented,Upper-Middle,Single,Love,0,26.0
31,149554,CA,Masters,Tier-1,Own,Lower,Single,Love,0,27.0
25,195984,Private Job,PhD,Tier-3,Own,Upper,Single,Love,0,26.5
35,169020,CA,Bachelors,Tier-2,Own,Upper-Middle,Married,Arranged,0,18.0
29,104725,CA,Diploma,Tier-1,Own,Middle,Single,Arranged,0,25.0
26,33400,Private Job,Diploma,Tier-1,Rented,Middle,Single,Love,0,14.5
23,82635,Private Job,Diploma,Tier-2,Rented,Upper-Middle,Married,Love,0,6.0
37,91405,Freelancer,Bachelors,Tier-1,Rented,Upper,Single,Arranged,0,19.5
35,186645,CA,Masters,Tier-1,Own,Upper-Middle,Single,Arranged,0,31.0
33,35369,CA,Masters,Tier-3,Rented,Lower,Married,Love,0,6.5
30,140568,Business Owner,Diploma,Tier-1,Rented,Upper-Middle,Single,Arranged,0,23.0
36,60947,Private Job,Diploma,Tier-1,Own,Upper,Single,Love,0,19.0
40,35966,Business Owner,Diploma,Tier-1,Own,Upper-Middle,Single,Arranged,0,20.5
31,20802,Freelancer,Bachelors,Tier-3,Own,Upper,Divorced,Love,0,10.0
31,118340,Government Officer,PhD,Tier-2,Rented,Upper-Middle,Single,Love,1,28.5
22,146158,CA,Diploma,Tier-1,Own,Upper-Middle,Married,Love,0,15.0
28,136756,CA,Masters,Rural,Own,Lower,Divorced,Arranged,0,20.5
30,37947,CA,PhD,Tier-1,Own,Upper,Divorced,Love,0,17.5
37,51150,Software Engineer,Bachelors,Tier-1,Own,Upper,Divorced,Love,0,16.5
26,102486,Business Owner,Diploma,Rural,Rented,Upper,Single,Love,0,16.0
38,127831,Government Officer,Diploma,Rural,Own,Upper-Middle,Single,Arranged,1,29.0
23,81890,Private Job,Masters,Tier-1,Own,Upper,Single,Arranged,0,24.0
23,77910,Freelancer,PhD,Tier-3,Own,Lower,Divorced,Love,0,14.5
27,90475,Doctor,Bachelors,Tier-3,Rented,Upper,Single,Love,0,19.0
31,93887,Private Job,PhD,Tier-3,Own,Middle,Married,Arranged,0,13.5
34,50862,Software Engineer,Masters,Tier-2,Rented,Upper,Married,Love,0,8.5
26,67355,Freelancer,Masters,Rural,Rented,Upper,Single,Arranged,0,16.0
24,78752,Doctor,Masters,Rural,Own,Middle,Divorced,Love,0,16.0
23,189545,Government Officer,Masters,Rural,Rented,Middle,Single,Arranged,1,31.0
33,148352,Business Owner,Bachelors,Tier-3,Own,Lower,Divorced,Arranged,0,20.0
33,48542,Business Owner,Bachelors,Tier-1,Own,Upper-Middle,Married,Arranged,0,12.0
40,198713,Business Owner,PhD,Tier-2,Rented,Upper,Single,Love,0,25.5
36,175989,Private Job,Masters,Tier-2,Own,Upper,Divorced,Love,0,20.5
31,174053,Doctor,PhD,Tier-1,Own,Lower,Single,Love,0,30.0
22,62992,Software Engineer,Diploma,Tier-2,Rented,Middle,Married,Love,0,7.0
22,97227,Doctor,PhD,Tier-3,Own,Lower,Married,Love,0,14.0
32,23696,Business Owner,Bachelors,Rural,Rented,Lower,Single,Arranged,0,15.0
29,20410,Private Job,PhD,Rural,Rented,Middle,Divorced,Arranged,0,11.0
35,89324,Software Engineer,PhD,Tier-3,Rented,Upper-Middle,Single,Arranged,0,22.0
40,81818,Doctor,Bachelors,Tier-2,Own,Lower,Divorced,Arranged,0,19.5
31,192738,Freelancer,Masters,Tier-1,Rented,Middle,Single,Love,0,23.5
26,132764,Software Engineer,PhD,Rural,Rented,Upper,Single,Love,0,21.5
27,59796,Government Officer,Diploma,Tier-2,Own,Middle,Divorced,Love,1,20.5
37,145480,CA,Masters,Tier-3,Rented,Middle,Married,Arranged,0,14.0
35,59887,CA,Masters,Tier-3,Rented,Upper,Single,Love,0,17.5
33,69853,Government Officer,Bachelors,Tier-1,Own,Upper-Middle,Single,Love,1,28.0
27,88087,Doctor,PhD,Tier-3,Own,Middle,Single,Arranged,0,25.5
24,162134,Private Job,Diploma,Rural,Rented,Lower,Divorced,Love,0,13.0
33,164702,Business Owner,Diploma,Tier-3,Rented,Middle,Married,Arranged,0,12.0
29,42767,Doctor,Bachelors,Tier-2,Own,Middle,Divorced,Love,0,15.5
30,76540,Business Owner,Bachelors,Rural,Own,Middle,Married,Arranged,0,10.5
30,173361,Freelancer,Masters,Tier-1,Own,Middle,Single,Arranged,0,27.5
32,187025,Government Officer,Masters,Tier-3,Own,Upper-Middle,Single,Love,1,33.0
30,177152,Private Job,Bachelors,Tier-3,Rented,Middle,Single,Love,0,20.5
28,28523,Private Job,Masters,Tier-2,Rented,Lower,Married,Love,0,5.0
27,26692,Freelancer,Diploma,Tier-1,Rented,Upper,Divorced,Arranged,0,10.0
35,78813,Business Owner,Masters,Rural,Rented,Upper,Single,Arranged,0,18.5
39,109648,Freelancer,Diploma,Rural,Own,Upper,Divorced,Love,0,12.0
38,120202,Doctor,PhD,Tier-3,Rented,Middle,Divorced,Love,0,17.5
26,173536,Government Officer,PhD,Rural,Own,Lower,Single,Love,1,32.5
34,45082,Doctor,Masters,Tier-2,Own,Upper,Divorced,Arranged,0,18.5
39,38896,Government Officer,Masters,Tier-2,Rented,Upper,Divorced,Arranged,1,20.5
34,139442,Private Job,Bachelors,Tier-2,Rented,Middle,Single,Arranged,0,21.5
34,39324,Doctor,Diploma,Tier-1,Rented,Middle,Married,Arranged,0,9.0
24,148429,CA,Diploma,Tier-3,Rented,Middle,Single,Arranged,0,22.0
38,72747,Freelancer,Diploma,Tier-1,Rented,Upper-Middle,Single,Arranged,0,17.5
37,29584,Business Owner,Bachelors,Tier-2,Rented,Upper,Married,Love,0,5.0
30,65984,Doctor,Diploma,Tier-3,Own,Middle,Single,Love,0,19.5
36,27569,Freelancer,Bachelors,Rural,Rented,Lower,Divorced,Arranged,0,8.0
33,21178,Government Officer,Masters,Tier-1,Rented,Upper,Married,Love,1,14.0
31,42499,Freelancer,PhD,Tier-2,Own,Middle,Divorced,Arranged,0,16.0
40,81634,CA,PhD,Tier-2,Own,Upper-Middle,Married,Love,0,14.0
29,127688,Software Engineer,Masters,Rural,Own,Upper,Married,Arranged,0,15.0
29,165215,Freelancer,Masters,Tier-2,Own,Middle,Married,Arranged,0,16.0
39,41698,Software Engineer,Bachelors,Rural,Own,Upper-Middle,Divorced,Arranged,0,15.0
23,161355,Freelancer,PhD,Tier-2,Own,Middle,Divorced,Love,0,20.0
31,57798,Doctor,PhD,Rural,Own,Upper,Married,Arranged,0,13.0
23,147337,Freelancer,Diploma,Tier-1,Rented,Middle,Single,Love,0,19.0
39,127963,Government Officer,Bachelors,Tier-1,Rented,Middle,Divorced,Arranged,1,25.0
29,131758,Freelancer,Diploma,Tier-2,Own,Middle,Married,Arranged,0,12.5
30,162462,Software Engineer,Bachelors,Tier-3,Rented,Middle,Married,Love,0,12.0
39,37842,Private Job,Bachelors,Tier-1,Own,Lower,Divorced,Love,0,13.5
37,20571,Doctor,Diploma,Tier-1,Rented,Middle,Single,Arranged,0,18.5
29,59755,Doctor,Masters,Rural,Rented,Middle,Single,Love,0,17.0
40,36762,CA,Diploma,Tier-2,Rented,Middle,Single,Love,0,15.5
35,143969,CA,PhD,Rural,Own,Middle,Single,Love,0,25.0
24,72297,Business Owner,PhD,Tier-1,Rented,Upper-Middle,Divorced,Arranged,0,17.5
37,23590,Private Job,PhD,Tier-1,Rented,Upper-Middle,Divorced,Love,0,12.0
32,27653,Business Owner,Masters,Rural,Own,Middle,Divorced,Arranged,0,14.0
22,52019,Business Owner,Bachelors,Tier-1,Own,Upper-Middle,Divorced,Arranged,0,17.5
26,123506,Government Officer,Diploma,Tier-2,Own,Lower,Single,Arranged,1,31.0
35,174183,Doctor,PhD,Rural,Rented,Upper,Married,Love,0,14.0
38,64315,Government Officer,Diploma,Tier-1,Rented,Lower,Single,Love,1,24.0
24,176254,Software Engineer,PhD,Tier-1,Rented,Lower,Married,Arranged,0,18.5
22,186590,Doctor,Diploma,Tier-2,Own,Upper,Married,Love,0,16.5
32,190087,CA,Masters,Tier-1,Rented,Upper-Middle,Single,Arranged,0,28.5
36,45869,Government Officer,Masters,Tier-3,Own,Lower,Single,Love,1,26.0
31,81568,Private Job,Bachelors,Rural,Own,Upper-Middle,Married,Love,0,8.0
37,53753,CA,Bachelors,Tier-3,Rented,Upper,Divorced,Love,0,11.5
38,50429,Private Job,Bachelors,Tier-1,Rented,Upper-Middle,Divorced,Love,0,11.5
32,124654,CA,Masters,Tier-2,Rented,Middle,Married,Arranged,0,14.0
39,122001,Private Job,PhD,Tier-3,Rented,Upper,Divorced,Love,0,15.0
28,93929,Government Officer,Diploma,Tier-3,Rented,Lower,Divorced,Arranged,1,20.5
25,175638,Government Officer,Bachelors,Tier-3,Own,Upper-Middle,Single,Love,1,31.5
33,148020,CA,PhD,Tier-2,Own,Lower,Married,Arranged,0,19.0
33,151819,Doctor,Bachelors,Tier-2,Own,Middle,Married,Love,0,16.0
37,106994,Private Job,PhD,Tier-3,Own,Upper-Middle,Married,Love,0,12.0
39,177915,CA,Bachelors,Tier-1,Own,Middle,Divorced,Arranged,0,24.5
35,57141,Doctor,Bachelors,Tier-3,Rented,Middle,Married,Love,0,7.0
32,153316,Business Owner,Diploma,Tier-3,Own,Middle,Divorced,Love,0,17.5
38,185586,Government Officer,PhD,Tier-2,Rented,Upper-Middle,Married,Love,1,22.0
31,184785,Doctor,Bachelors,Tier-2,Own,Middle,Married,Love,0,17.5
27,51878,Freelancer,PhD,Tier-3,Own,Upper-Middle,Married,Love,0,8.5
40,70449,CA,Diploma,Tier-3,Own,Middle,Divorced,Love,0,14.5
30,174977,Private Job,Diploma,Tier-2,Own,Upper-Middle,Single,Love,0,23.5
26,76595,CA,Bachelors,Tier-1,Own,Middle,Married,Love,0,12.5
37,25235,Doctor,PhD,Tier-1,Rented,Middle,Divorced,Love,0,14.5
28,112066,CA,Diploma,Tier-2,Own,Upper,Single,Arranged,0,24.5
23,197932,Freelancer,Bachelors,Tier-3,Own,Lower,Married,Arranged,0,15.5
25,175188,Government Officer,PhD,Rural,Rented,Upper,Married,Arranged,1,21.5
30,56567,Private Job,Diploma,Tier-1,Own,Upper-Middle,Divorced,Love,0,13.5
28,31041,Business Owner,PhD,Tier-3,Rented,Upper-Middle,Single,Arranged,0,18.5
35,38353,Business Owner,Diploma,Tier-2,Rented,Lower,Single,Love,0,14.5
38,156370,Government Officer,PhD,Rural,Rented,Middle,Married,Love,1,18.5
33,94710,Business Owner,Diploma,Tier-3,Own,Upper-Middle,Single,Arranged,0,21.5
23,147127,Government Officer,Diploma,Tier-1,Rented,Upper-Middle,Single,Love,1,28.0
33,33922,CA,Bachelors,Tier-3,Rented,Upper-Middle,Married,Arranged,0,7.5
38,181176,Freelancer,Bachelors,Tier-3,Own,Middle,Divorced,Arranged,0,20.0
38,147399,CA,Masters,Rural,Own,Lower,Married,Love,0,14.0
38,81962,Freelancer,Masters,Rural,Own,Middle,Divorced,Love,0,13.0
40,180707,Private Job,Masters,Tier-3,Rented,Middle,Divorced,Arranged,0,19.0
36,147349,Business Owner,Bachelors,Tier-2,Rented,Middle,Divorced,Love,0,16.0
38,106011,Doctor,Diploma,Tier-1,Rented,Upper,Single,Love,0,20.5
30,121029,CA,PhD,Rural,Rented,Lower,Divorced,Arranged,0,18.0
40,141594,Software Engineer,Bachelors,Rural,Rented,Upper-Middle,Married,Arranged,0,12.0
28,37850,Government Officer,Masters,Rural,Own,Middle,Single,Love,1,24.5
25,113287,Business Owner,Diploma,Tier-3,Rented,Upper,Divorced,Love,0,12.5
26,61588,Doctor,Diploma,Tier-2,Rented,Upper,Divorced,Love,0,12.5
40,86210,Private Job,Bachelors,Rural,Own,Upper-Middle,Married,Arranged,0,10.0
26,86386,Business Owner,Bachelors,Tier-2,Rented,Lower,Single,Love,0,18.0
33,36368,Software Engineer,Diploma,Tier-2,Own,Lower,Married,Arranged,0,10.5
23,48946,Private Job,PhD,Tier-2,Rented,Middle,Divorced,Love,0,12.0
27,51146,Government Officer,Masters,Tier-3,Rented,Middle,Divorced,Arranged,1,20.5
40,71852,Private Job,Bachelors,Tier-3,Rented,Middle,Single,Arranged,0,17.5
36,103243,Doctor,Bachelors,Tier-2,Rented,Middle,Single,Love,0,20.5
39,67078,Software Engineer,Bachelors,Tier-1,Own,Middle,Married,Love,0,12.0
25,71597,Doctor,Bachelors,Rural,Own,Middle,Married,Arranged,0,12.0
34,149275,Software Engineer,PhD,Tier-1,Rented,Upper,Single,Arranged,0,27.0
22,39848,Private Job,Masters,Rural,Rented,Lower,Married,Love,0,3.5
33,120451,Doctor,Diploma,Tier-2,Own,Lower,Married,Arranged,0,15.5
30,166812,CA,PhD,Rural,Own,Middle,Married,Arranged,0,18.0
35,107081,Doctor,Bachelors,Tier-3,Own,Lower,Single,Love,0,22.5
40,175051,Government Officer,Masters,Tier-2,Rented,Upper-Middle,Divorced,Arranged,1,27.5
24,33331,Private Job,Bachelors,Tier-1,Rented,Upper,Married,Love,0,5.5
28,112382,CA,Masters,Tier-1,Own,Middle,Single,Love,0,25.5
23,124591,Freelancer,Masters,Tier-2,Rented,Middle,Single,Love,0,19.0
36,61422,Doctor,Bachelors,Tier-2,Own,Lower,Married,Love,0,11.5
36,22278,Government Officer,Bachelors,Tier-2,Own,Middle,Married,Love,1,15.0
36,156009,Business Owner,Bachelors,Tier-2,Own,Middle,Divorced,Arranged,0,21.5
22,40349,Private Job,Masters,Tier-1,Own,Middle,Single,Love,0,20.0
24,41812,Doctor,Masters,Rural,Rented,Upper,Married,Love,0,6.5
23,98181,Business Owner,Diploma,Tier-2,Own,Upper-Middle,Married,Arranged,0,12.5
34,188791,Doctor,PhD,Tier-2,Rented,Lower,Divorced,Love,0,21.5
27,73376,Software Engineer,Masters,Tier-1,Rented,Upper-Middle,Married,Love,0,10.5
38,70332,CA,Bachelors,Rural,Own,Upper,Married,Arranged,0,11.5
26,167948,Software Engineer,Bachelors,Rural,Rented,Upper-Middle,Single,Arranged,0,23.0
40,115782,Business Owner,Masters,Tier-3,Rented,Middle,Single,Love,0,19.5
35,109122,Business Owner,PhD,Tier-3,Own,Upper,Divorced,Arranged,0,20.0
32,161943,Software Engineer,Diploma,Tier-3,Own,Lower,Single,Arranged,0,26.0
22,152101,Private Job,Bachelors,Tier-3,Rented,Upper,Married,Arranged,0,11.5
27,89828,CA,Diploma,Tier-3,Own,Upper,Divorced,Arranged,0,17.0
34,49125,Freelancer,PhD,Rural,Own,Upper-Middle,Single,Love,0,17.0
27,36129,Freelancer,PhD,Tier-1,Own,Lower,Married,Love,0,9.5
23,122175,Freelancer,PhD,Tier-1,Rented,Upper,Divorced,Love,0,16.0
37,158212,CA,PhD,Tier-3,Rented,Lower,Divorced,Love,0,18.5
25,168259,Private Job,PhD,Rural,Rented,Upper,Divorced,Love,0,16.0
23,21642,Private Job,Diploma,Tier-3,Own,Upper,Married,Love,0,5.0
26,55685,CA,Bachelors,Rural,Own,Lower,Married,Love,0,8.5
35,181770,Private Job,Masters,Rural,Own,Middle,Married,Love,0,14.0
31,123158,Government Officer,Bachelors,Rural,Rented,Lower,Divorced,Arranged,1,22.0
23,71636,Doctor,Masters,Tier-1,Own,Middle,Single,Love,0,24.0
39,117027,Software Engineer,PhD,Tier-3,Own,Lower,Single,Arranged,0,26.5
29,64684,Freelancer,Diploma,Tier-1,Rented,Middle,Married,Love,0,5.0
29,126458,CA,PhD,Tier-2,Rented,Upper,Married,Love,0,13.0
25,157492,Private Job,Masters,Tier-2,Own,Upper-Middle,Married,Love,0,14.5
23,62372,CA,Bachelors,Tier-3,Rented,Upper,Divorced,Arranged,0,14.0
35,185748,Business Owner,Masters,Rural,Own,Middle,Married,Love,0,15.0
29,40785,Private Job,Bachelors,Tier-3,Rented,Middle,Single,Love,0,14.0
30,142941,Doctor,Diploma,Tier-3,Rented,Lower,Divorced,Love,0,15.5
40,120612,Government Officer,PhD,Rural,Rented,Middle,Married,Love,1,17.0
23,62795,Private Job,Bachelors,Tier-1,Rented,Lower,Married,Love,0,7.0
38,93981,Business Owner,PhD,Rural,Own,Upper,Married,Arranged,0,13.5
33,82504,Government Officer,Masters,Rural,Own,Lower,Divorced,Arranged,1,24.0
25,146516,Software Engineer,Masters,Tier-3,Rented,Lower,Divorced,Arranged,0,19.0
37,34380,Private Job,Diploma,Tier-2,Rented,Upper-Middle,Single,Love,0,13.5
32,177769,CA,Bachelors,Tier-3,Rented,Middle,Married,Love,0,12.5
30,161150,Doctor,PhD,Rural,Own,Upper-Middle,Married,Arranged,0,18.5
23,167793,Private Job,Masters,Tier-2,Rented,Middle,Married,Love,0,12.0
26,128564,CA,Masters,Tier-1,Own,Lower,Divorced,Arranged,0,23.0
40,75094,Software Engineer,Diploma,Tier-3,Own,Upper-Middle,Married,Love,0,9.5
26,150049,Government Officer,PhD,Tier-3,Own,Upper-Middle,Married,Love,1,22.5
36,107195,Business Owner,Masters,Tier-1,Rented,Lower,Single,Love,0,21.0
30,138315,Freelancer,PhD,Tier-3,Rented,Lower,Single,Love,0,19.5
23,107693,CA,PhD,Tier-1,Own,Upper,Divorced,Love,0,21.0
38,69106,Doctor,PhD,Tier-2,Own,Upper-Middle,Divorced,Arranged,0,20.5
24,28539,CA,Diploma,Tier-1,Own,Upper-Middle,Divorced,Arranged,0,16.0
26,45830,CA,Bachelors,Tier-3,Rented,Upper,Married,Love,0,6.0
40,57867,Software Engineer,PhD,Tier-3,Own,Upper,Divorced,Love,0,16.5
30,87150,Doctor,Bachelors,Tier-3,Own,Upper,Married,Love,0,11.5
23,65873,Doctor,PhD,Rural,Rented,Upper-Middle,Divorced,Arranged,0,15.5
33,24431,CA,Bachelors,Rural,Own,Lower,Married,Arranged,0,9.0
33,33570,CA,Bachelors,Tier-3,Own,Middle,Divorced,Arranged,0,15.5
34,117669,CA,Bachelors,Rural,Own,Lower,Single,Arranged,0,23.5
33,77362,Doctor,Bachelors,Tier-1,Rented,Upper-Middle,Married,Love,0,10.0
22,74431,CA,Masters,Tier-1,Rented,Upper-Middle,Married,Arranged,0,12.5
28,38210,Freelancer,Diploma,Tier-2,Own,Middle,Single,Love,0,15.5
40,57419,Private Job,Diploma,Tier-1,Own,Middle,Single,Love,0,18.5
29,129652,Private Job,PhD,Tier-3,Rented,Upper-Middle,Divorced,Arranged,0,17.0
26,115889,CA,PhD,Tier-1,Own,Middle,Married,Arranged,0,18.5
23,34171,Software Engineer,PhD,Tier-1,Own,Lower,Single,Love,0,22.5
32,94121,Software Engineer,Bachelors,Rural,Own,Middle,Married,Arranged,0,12.5
27,177946,Freelancer,Diploma,Tier-1,Rented,Upper,Single,Love,0,20.5
24,69766,Business Owner,Masters,Tier-3,Own,Upper,Married,Arranged,0,12.0
23,94659,Software Engineer,Diploma,Tier-3,Own,Upper,Single,Love,0,20.5
35,125839,Government Officer,Bachelors,Rural,Rented,Upper-Middle,Married,Love,1,15.0
31,58909,Freelancer,Diploma,Tier-3,Rented,Upper,Divorced,Love,0,7.5
29,106810,CA,Masters,Tier-3,Own,Lower,Married,Arranged,0,15.0
40,185777,Software Engineer,Masters,Tier-3,Rented,Upper-Middle,Married,Love,0,14.0
35,81324,Software Engineer,Bachelors,Tier-2,Own,Middle,Divorced,Love,0,17.0
24,196940,Doctor,Masters,Tier-1,Rented,Upper,Single,Love,0,27.0
31,84644,Private Job,PhD,Tier-1,Own,Middle,Divorced,Arranged,0,20.0
38,125205,CA,Masters,Tier-3,Rented,Upper,Married,Love,0,11.0
27,171044,Doctor,Bachelors,Tier-1,Own,Middle,Divorced,Love,0,23.0
31,97209,Freelancer,Diploma,Tier-2,Own,Middle,Single,Love,0,18.5
36,104108,Private Job,PhD,Tier-1,Own,Upper-Middle,Divorced,Arranged,0,21.0
24,96339,Private Job,PhD,Tier-2,Own,Lower,Married,Love,0,12.5
28,105515,Business Owner,Bachelors,Tier-3,Rented,Middle,Single,Love,0,18.0
37,186355,Private Job,PhD,Rural,Own,Middle,Married,Arranged,0,17.0
22,87862,Doctor,Bachelors,Tier-1,Rented,Upper-Middle,Divorced,Love,0,15.5
39,127073,CA,Bachelors,Tier-2,Own,Upper-Middle,Single,Arranged,0,26.0
36,46343,Freelancer,Masters,Tier-3,Rented,Upper-Middle,Divorced,Arranged,0,11.0
28,198476,Government Officer,PhD,Tier-2,Own,Lower,Divorced,Arranged,1,32.5
34,135425,Doctor,PhD,Rural,Rented,Upper,Married,Arranged,0,14.0
35,131346,Software Engineer,PhD,Tier-3,Rented,Lower,Married,Arranged,0,14.5
29,177486,Doctor,PhD,Tier-2,Own,Upper,Married,Love,0,19.0
31,179457,Government Officer,Diploma,Tier-2,Rented,Lower,Married,Arranged,1,20.5
30,36016,Business Owner,PhD,Tier-2,Own,Middle,Married,Love,0,10.5
39,158164,Freelancer,Diploma,Tier-2,Own,Upper-Middle,Married,Arranged,0,13.5
32,148684,Doctor,PhD,Tier-1,Own,Upper,Divorced,Arranged,0,25.5
30,86437,Doctor,Bachelors,Tier-1,Own,Upper,Divorced,Arranged,0,20.5
37,169229,Business Owner,Diploma,Tier-2,Rented,Middle,Divorced,Love,0,16.0
40,134626,Government Officer,Bachelors,Rural,Own,Lower,Married,Arranged,1,20.5
32,23632,Private Job,Bachelors,Tier-1,Rented,Middle,Divorced,Love,0,10.0
23,119585,Private Job,Diploma,Tier-3,Rented,Lower,Single,Love,0,16.5
33,183705,Software Engineer,Bachelors,Tier-1,Rented,Upper-Middle,Single,Arranged,0,27.0
32,94166,Freelancer,Diploma,Tier-3,Own,Upper-Middle,Divorced,Love,0,12.5
32,86895,Private Job,Bachelors,Tier-2,Own,Upper-Middle,Married,Arranged,0,12.0
34,180297,Government Officer,Masters,Tier-3,Rented,Middle,Single,Arranged,1,32.0
30,61553,Private Job,Masters,Tier-1,Own,Middle,Single,Arranged,0,23.0
35,135302,Software Engineer,PhD,Tier-3,Rented,Upper,Single,Love,0,22.5
37,50466,Private Job,Masters,Tier-2,Rented,Lower,Married,Love,0,6.5
30,198421,Freelancer,Masters,Rural,Own,Upper,Single,Love,0,23.5
36,54158,CA,Bachelors,Tier-2,Rented,Upper,Married,Love,0,7.5
33,157472,Freelancer,Bachelors,Tier-2,Rented,Middle,Married,Arranged,0,11.5
23,176829,Government Officer,Diploma,Tier-3,Rented,Upper,Married,Arranged,1,19.5
39,87236,Software Engineer,Bachelors,Rural,Rented,Lower,Single,Love,0,17.0
24,195680,Government Officer,Bachelors,Tier-2,Rented,Middle,Single,Arranged,1,32.5
38,97684,Private Job,Diploma,Tier-2,Rented,Middle,Married,Arranged,0,8.5
34,169000,Doctor,Masters,Tier-3,Rented,Lower,Married,Arranged,0,15.5
31,144959,Government Officer,PhD,Tier-2,Own,Lower,Divorced,Love,1,28.0
23,60587,CA,Bachelors,Rural,Rented,Lower,Single,Love,0,16.0
39,62982,Doctor,Diploma,Tier-2,Rented,Upper-Middle,Single,Arranged,0,19.5
38,103200,Freelancer,PhD,Tier-1,Own,Lower,Divorced,Love,0,18.0
22,22668,Government Officer,Diploma,Rural,Rented,Upper,Divorced,Arranged,1,16.0
25,198920,Software Engineer,Masters,Tier-3,Own,Middle,Divorced,Arranged,0,24.5
36,161273,Government Officer,PhD,Tier-3,Own,Upper-Middle,Divorced,Arranged,1,30.0
34,82843,Government Officer,Bachelors,Tier-1,Rented,Middle,Divorced,Love,1,21.0
37,141669,Private Job,Bachelors,Rural,Rented,Middle,Divorced,Arranged,0,15.0
25,159772,CA,Bachelors,Tier-2,Own,Upper-Middle,Divorced,Love,0,20.5
24,197481,Government Officer,Masters,Tier-2,Rented,Upper-Middle,Single,Arranged,1,33.5
34,123447,Private Job,PhD,Rural,Rented,Lower,Divorced,Love,0,14.0
38,161283,Business Owner,Diploma,Tier-3,Rented,Middle,Married,Arranged,0,12.0
30,185271,Software Engineer,PhD,Tier-2,Own,Middle,Divorced,Love,0,24.0
35,176906,Freelancer,Diploma,Tier-1,Rented,Upper-Middle,Married,Love,0,10.5
38,108626,Government Officer,Bachelors,Rural,Rented,Middle,Single,Love,1,24.0
40,136324,Government Officer,Bachelors,Tier-3,Own,Middle,Married,Love,1,19.5
23,61243,Software Engineer,PhD,Rural,Own,Upper-Middle,Single,Arranged,0,23.0
30,125450,Private Job,Masters,Rural,Rented,Middle,Divorced,Arranged,0,15.0
23,71791,Business Owner,Diploma,Tier-1,Rented,Upper,Single,Arranged,0,19.5
36,166157,Software Engineer,Diploma,Tier-2,Own,Lower,Divorced,Love,0,20.0
35,39005,Software Engineer,PhD,Rural,Rented,Upper,Single,Love,0,16.5
24,40795,Freelancer,Bachelors,Rural,Own,Lower,Divorced,Love,0,10.0
39,136476,CA,Diploma,Rural,Own,Middle,Single,Arranged,0,23.5
31,143550,Freelancer,Masters,Tier-3,Own,Lower,Single,Arranged,0,24.0
23,153285,Government Officer,Diploma,Tier-1,Rented,Middle,Married,Love,1,18.5
35,116398,Government Officer,Bachelors,Tier-3,Rented,Upper-Middle,Married,Love,1,15.5
38,54233,Doctor,Masters,Rural,Own,Lower,Single,Love,0,20.0
32,172381,CA,Diploma,Tier-1,Own,Middle,Married,Love,0,16.5
27,103959,Doctor,Diploma,Rural,Rented,Upper,Married,Love,0,7.5
38,160455,Software Engineer,Masters,Tier-1,Rented,Lower,Married,Arranged,0,17.0
28,111050,Software Engineer,PhD,Rural,Rented,Lower,Single,Love,0,20.5
38,109634,Business Owner,Masters,Rural,Own,Middle,Married,Love,0,11.0
38,193820,Private Job,Bachelors,Tier-2,Rented,Middle,Divorced,Arranged,0,19.5
27,112436,Government Officer,Bachelors,Tier-2,Own,Upper,Single,Arranged,1,31.5
35,146511,Doctor,Diploma,Rural,Own,Upper,Divorced,Love,0,17.5
30,55235,Software Engineer,Diploma,Tier-3,Own,Upper-Middle,Married,Love,0,8.5
27,175205,Private Job,Diploma,Tier-2,Rented,Middle,Married,Arranged,0,12.5
40,148401,Freelancer,Diploma,Rural,Own,Lower,Married,Arranged,0,11.0
35,143996,Freelancer,Diploma,Rural,Rented,Upper-Middle,Married,Love,0,6.0
27,136859,Software Engineer,Masters,Tier-3,Own,Upper-Middle,Single,Arranged,0,26.5
32,84106,Doctor,Bachelors,Tier-2,Own,Upper-Middle,Divorced,Love,0,17.5
24,191439,Business Owner,Diploma,Tier-1,Rented,Upper,Married,Love,0,13.5
22,84975,Government Officer,Diploma,Tier-3,Rented,Lower,Married,Love,1,13.0
24,140165,Doctor,PhD,Rural,Rented,Lower,Divorced,Arranged,0,19.5
25,120007,Business Owner,Bachelors,Tier-3,Rented,Upper-Middle,Single,Arranged,0,21.0
26,136632,CA,Masters,Tier-1,Own,Upper-Middle,Married,Love,0,16.5
27,24209,Doctor,Bachelors,Tier-3,Own,Lower,Single,Love,0,18.5
24,149618,Software Engineer,Masters,Tier-3,Rented,Upper-Middle,Divorced,Arranged,0,19.0
23,109564,Private Job,PhD,Tier-1,Own,Lower,Single,Arranged,0,26.0
35,40984,CA,Diploma,Rural,Own,Upper,Divorced,Arranged,0,14.0
23,61606,CA,Bachelors,Rural,Own,Middle,Married,Love,0,9.0
32,82979,Software Engineer,Bachelors,Tier-3,Own,Lower,Divorced,Love,0,16.0
36,59116,Private Job,PhD,Tier-2,Own,Middle,Single,Love,0,20.5
26,178298,CA,PhD,Tier-2,Rented,Upper,Single,Love,0,25.5
37,177051,Freelancer,Diploma,Tier-2,Rented,Lower,Divorced,Love,0,14.5
35,71973,Business Owner,Bachelors,Tier-3,Own,Upper,Single,Arranged,0,21.5
29,167057,Doctor,PhD,Tier-1,Own,Upper-Middle,Divorced,Love,0,24.5
27,47937,CA,Diploma,Tier-1,Rented,Upper,Married,Arranged,0,9.0
34,96178,Freelancer,Diploma,Tier-3,Own,Middle,Single,Love,0,17.5
23,139482,Doctor,PhD,Rural,Rented,Upper-Middle,Single,Love,0,22.0
32,163291,Doctor,Bachelors,Tier-2,Rented,Upper-Middle,Divorced,Love,0,18.5
34,117461,Government Officer,Masters,Tier-3,Rented,Lower,Married,Arranged,1,18.5
27,186324,Private Job,PhD,Tier-3,Rented,Lower,Divorced,Love,0,18.0
32,48841,CA,PhD,Rural,Own,Upper-Middle,Divorced,Love,0,15.0
28,151241,Doctor,Bachelors,Tier-1,Own,Middle,Divorced,Love,0,22.0
34,71590,Business Owner,Masters,Rural,Own,Middle,Divorced,Arranged,0,16.5
35,94991,Government Officer,Masters,Tier-3,Own,Upper,Married,Love,1,18.5
38,38346,Freelancer,Bachelors,Tier-1,Rented,Upper-Middle,Single,Arranged,0,16.5
22,116318,CA,PhD,Tier-3,Own,Lower,Married,Arranged,0,16.5
33,167759,Software Engineer,PhD,Rural,Rented,Lower,Divorced,Arranged,0,20.0
27,127906,Business Owner,PhD,Tier-3,Rented,Upper-Middle,Divorced,Love,0,16.0
27,106784,Private Job,Diploma,Tier-1,Rented,Upper-Middle,Single,Arranged,0,20.0
32,181713,Freelancer,Masters,Tier-1,Own,Lower,Divorced,Arranged,0,23.0
39,54911,Doctor,Diploma,Tier-3,Own,Upper-Middle,Married,Arranged,0,11.0
33,84838,Government Officer,Bachelors,Tier-2,Rented,Upper,Single,Love,1,25.0
26,76883,CA,Diploma,Rural,Own,Middle,Divorced,Arranged,0,15.5
27,97714,Software Engineer,Masters,Tier-3,Rented,Upper-Middle,Married,Arranged,0,11.5
34,158227,Private Job,PhD,Rural,Rented,Middle,Married,Love,0,10.5
23,76747,CA,Diploma,Rural,Rented,Upper,Divorced,Love,0,10.5
28,140156,Business Owner,Diploma,Tier-3,Own,Middle,Divorced,Arranged,0,19.0
36,88458,Government Officer,PhD,Tier-1,Rented,Middle,Divorced,Arranged,1,25.0
39,57041,Private Job,Diploma,Tier-1,Rented,Middle,Divorced,Love,0,10.5
28,95742,Software Engineer,PhD,Rural,Rented,Lower,Single,Arranged,0,21.5
30,46284,Business Owner,Diploma,Tier-3,Own,Upper-Middle,Divorced,Love,0,12.0
29,181700,Business Owner,PhD,Tier-2,Rented,Lower,Single,Arranged,0,27.0
25,31743,Government Officer,Bachelors,Tier-2,Own,Upper-Middle,Married,Love,1,15.5
23,24698,Freelancer,Masters,Tier-2,Own,Upper,Married,Love,0,7.0
36,191374,CA,Bachelors,Tier-2,Own,Lower,Single,Love,0,27.5
26,34879,Doctor,Bachelors,Tier-3,Own,Lower,Single,Love,0,19.0
36,65492,Private Job,Bachelors,Tier-1,Rented,Lower,Single,Love,0,17.0
29,115313,Business Owner,PhD,Tier-2,Rented,Lower,Divorced,Arranged,0,18.5
25,76486,Government Officer,Diploma,Tier-1,Rented,Upper,Divorced,Arranged,1,21.5
24,157131,Software Engineer,Diploma,Tier-3,Rented,Upper-Middle,Married,Arranged,0,12.5
25,150287,Business Owner,Diploma,Tier-1,Rented,Upper,Single,Love,0,21.5
38,189055,Freelancer,Diploma,Tier-1,Own,Middle,Single,Arranged,0,26.0
31,42726,Software Engineer,Diploma,Rural,Own,Upper-Middle,Married,Love,0,7.0
38,35756,Private Job,PhD,Rural,Rented,Middle,Married,Arranged,0,6.5
24,139290,Freelancer,Bachelors,Tier-2,Own,Middle,Single,Arranged,0,23.5
29,120643,Doctor,Diploma,Tier-3,Rented,Upper-Middle,Divorced,Love,0,14.5
32,103309,CA,PhD,Rural,Own,Upper,Divorced,Love,0,18.0
23,92720,Private Job,Bachelors,Tier-2,Rented,Upper-Middle,Divorced,Arranged,0,14.5
22,150000,Software Engineer,Masters,Tier-3,Own,Middle,Married,Love,0,15.5
24,180843,Government Officer,PhD,Tier-2,Rented,Lower,Divorced,Love,1,27.0
27,117422,Business Owner,Bachelors,Tier-2,Rented,Upper-Middle,Single,Arranged,0,21.5
23,142056,Private Job,Bachelors,Tier-2,Own,Upper-Middle,Single,Love,0,23.0
22,180180,Government Officer,Diploma,Tier-2,Rented,Upper,Divorced,Love,1,24.0
27,135809,Business Owner,Bachelors,Tier-1,Rented,Upper-Middle,Divorced,Arranged,0,18.5
36,33421,Doctor,Masters,Tier-1,Own,Upper,Divorced,Arranged,0,19.0
37,76387,CA,Masters,Rural,Rented,Lower,Divorced,Love,0,12.5
34,102454,Software Engineer,PhD,Rural,Own,Middle,Married,Arranged,0,15.0
32,121304,Software Engineer,PhD,Tier-3,Rented,Upper,Married,Love,0,12.0
32,169771,Private Job,Bachelors,Tier-1,Own,Upper,Single,Arranged,0,27.0
39,45890,CA,Diploma,Tier-1,Rented,Upper-Middle,Single,Arranged,0,19.0
34,66186,Private Job,PhD,Tier-3,Own,Upper-Middle,Married,Arranged,0,12.0
36,32608,Freelancer,PhD,Tier-1,Rented,Lower,Single,Arranged,0,18.5
29,183928,Doctor,Masters,Tier-3,Rented,Upper,Single,Arranged,0,26.5
38,91222,CA,PhD,Tier-3,Rented,Middle,Divorced,Arranged,0,17.5
23,83200,CA,Diploma,Rural,Own,Upper,Married,Arranged,0,11.0
37,184296,Private Job,Masters,Rural,Rented,Upper-Middle,Single,Arranged,0,23.0
34,107367,Freelancer,Bachelors,Rural,Own,Upper,Married,Love,0,8.0
28,107794,Doctor,Masters,Rural,Own,Middle,Divorced,Love,0,17.5
26,190941,Government Officer,PhD,Tier-1,Rented,Lower,Married,Arranged,1,25.5
23,21195,Doctor,Diploma,Rural,Own,Middle,Married,Love,0,6.5
35,77949,Business Owner,Diploma,Tier-1,Own,Upper,Divorced,Love,0,15.5
38,36879,Doctor,Bachelors,Rural,Own,Upper,Married,Love,0,8.0
40,103193,Private Job,Diploma,Tier-2,Rented,Upper,Married,Love,0,7.0
22,91084,Software Engineer,PhD,Tier-3,Rented,Upper,Married,Love,0,10.5
23,76048,Government Officer,Bachelors,Tier-2,Rented,Upper-Middle,Divorced,Arranged,1,21.5
38,21399,Business Owner,Diploma,Tier-1,Own,Upper-Middle,Married,Arranged,0,10.0
22,78881,CA,Masters,Tier-1,Own,Lower,Single,Arranged,0,25.5
30,33368,Freelancer,Masters,Tier-2,Rented,Middle,Single,Love,0,14.5
33,187666,Private Job,Bachelors,Tier-3,Rented,Upper-Middle,Single,Love,0,21.0
36,85444,Freelancer,PhD,Tier-2,Own,Middle,Divorced,Arranged,0,18.0
24,119104,Freelancer,Bachelors,Tier-1,Own,Lower,Married,Arranged,0,13.5
33,168828,Government Officer,PhD,Rural,Own,Upper-Middle,Divorced,Arranged,1,29.0
24,29228,Private Job,Bachelors,Tier-2,Own,Upper-Middle,Single,Arranged,0,19.0
26,75611,Doctor,Bachelors,Tier-1,Own,Upper,Divorced,Love,0,18.0
23,186158,Doctor,Masters,Tier-1,Own,Middle,Divorced,Love,0,24.5
36,86903,Doctor,Diploma,Rural,Own,Lower,Married,Love,0,9.5
40,47500,Government Officer,Masters,Tier-1,Rented,Middle,Single,Arranged,1,27.0
29,170097,CA,Masters,Tier-2,Rented,Upper,Divorced,Love,0,19.5
25,37500,CA,Masters,Tier-3,Rented,Upper-Middle,Single,Arranged,0,18.5
36,124224,Business Owner,PhD,Tier-2,Rented,Upper-Middle,Single,Arranged,0,24.0
35,158636,Business Owner,Diploma,Rural,Rented,Middle,Single,Arranged,0,20.5
38,55256,Private Job,Bachelors,Rural,Own,Lower,Married,Love,0,6.5
38,37302,Doctor,PhD,Tier-2,Own,Upper-Middle,Divorced,Arranged,0,19.0
25,108081,Business Owner,PhD,Tier-3,Own,Upper-Middle,Married,Arranged,0,15.0
32,136097,CA,Bachelors,Rural,Rented,Lower,Married,Arranged,0,11.5
32,55943,CA,Diploma,Tier-3,Rented,Lower,Single,Arranged,0,17.5
28,108062,Freelancer,Diploma,Tier-2,Rented,Upper-Middle,Married,Love,0,6.0
29,133846,Doctor,Diploma,Tier-3,Rented,Middle,Married,Love,0,10.0
39,157384,Freelancer,Diploma,Tier-1,Own,Upper-Middle,Married,Love,0,12.5
32,48594,Doctor,Bachelors,Tier-3,Own,Upper,Single,Arranged,0,21.5
34,149094,Software Engineer,PhD,Rural,Rented,Upper-Middle,Single,Arranged,0,24.0
35,158647,Government Officer,Bachelors,Tier-1,Rented,Middle,Divorced,Love,1,24.5
34,78137,Doctor,PhD,Tier-2,Rented,Upper-Middle,Single,Love,0,21.0
37,182399,Private Job,Diploma,Tier-3,Rented,Lower,Divorced,Love,0,15.0
34,176742,CA,Bachelors,Tier-2,Rented,Upper,Married,Arranged,0,15.5
36,163866,CA,Diploma,Tier-3,Own,Lower,Single,Love,0,24.0
26,28143,Doctor,Bachelors,Rural,Rented,Upper-Middle,Single,Love,0,14.5
28,79790,Doctor,Bachelors,Tier-1,Rented,Upper,Single,Arranged,0,22.0
32,152454,CA,Diploma,Tier-3,Rented,Middle,Single,Arranged,0,22.5
31,153922,Doctor,Bachelors,Rural,Own,Upper,Divorced,Love,0,19.0
26,56049,CA,Bachelors,Tier-1,Own,Middle,Married,Love,0,11.5
29,43752,Freelancer,Masters,Rural,Own,Middle,Married,Love,0,6.0
33,48097,Freelancer,PhD,Tier-1,Rented,Lower,Divorced,Love,0,12.0
29,127665,Freelancer,Diploma,Tier-2,Own,Upper,Single,Arranged,0,22.0
23,54427,Government Officer,Bachelors,Rural,Own,Middle,Divorced,Love,1,19.5
31,50176,Government Officer,Bachelors,Rural,Rented,Lower,Married,Arranged,1,13.5
38,81151,Government Officer,PhD,Tier-2,Rented,Middle,Divorced,Arranged,1,24.0
26,105187,Government Officer,PhD,Tier-3,Own,Middle,Divorced,Love,1,25.0
37,193782,Private Job,Masters,Rural,Rented,Upper-Middle,Married,Arranged,0,13.5
23,115368,Software Engineer,Diploma,Rural,Own,Middle,Divorced,Arranged,0,17.5
35,166525,Business Owner,Masters,Tier-3,Own,Upper-Middle,Divorced,Arranged,0,22.0
29,57894,Doctor,Masters,Tier-2,Rented,Lower,Single,Arranged,0,21.0
32,141235,Private Job,Bachelors,Tier-1,Own,Middle,Single,Love,0,24.0
29,137030,CA,PhD,Tier-3,Own,Lower,Married,Arranged,0,17.5
33,23194,Freelancer,Diploma,Tier-1,Own,Middle,Divorced,Love,0,11.0
39,171877,Freelancer,Masters,Tier-2,Own,Upper,Divorced,Love,0,19.5
38,77127,CA,Masters,Tier-2,Own,Upper-Middle,Single,Arranged,0,24.5
22,91354,Software Engineer,PhD,Tier-2,Own,Upper,Married,Arranged,0,16.5
27,99322,Doctor,Masters,Rural,Own,Middle,Married,Arranged,0,14.0
37,152134,Freelancer,Masters,Rural,Own,Middle,Single,Arranged,0,23.5
30,78731,Software Engineer,PhD,Rural,Rented,Upper,Single,Arranged,0,20.5
36,27885,Doctor,PhD,Tier-2,Own,Middle,Single,Arranged,0,23.5
39,150026,Private Job,Masters,Rural,Rented,Middle,Divorced,Love,0,14.5
33,24338,Business Owner,PhD,Tier-2,Rented,Lower,Single,Love,0,17.0
39,156846,Private Job,Diploma,Rural,Rented,Middle,Married,Love,0,7.5
38,163399,CA,Masters,Tier-2,Rented,Middle,Single,Love,0,24.0
23,92978,CA,Bachelors,Tier-3,Own,Middle,Single,Arranged,0,23.5
37,22356,Government Officer,PhD,Rural,Rented,Lower,Divorced,Arranged,1,19.0
32,22605,Doctor,Diploma,Tier-3,Rented,Lower,Single,Love,0,14.5
22,90751,Doctor,Masters,Rural,Rented,Lower,Divorced,Love,0,14.0
40,135891,CA,PhD,Rural,Own,Upper,Single,Love,0,24.5
25,189807,Government Officer,Bachelors,Rural,Rented,Upper-Middle,Divorced,Arranged,1,25.0
31,82874,Private Job,Masters,Rural,Rented,Lower,Married,Love,0,6.0
39,75509,Doctor,Diploma,Tier-1,Own,Middle,Single,Arranged,0,24.0
37,165006,Government Officer,Diploma,Tier-2,Rented,Upper-Middle,Single,Love,1,28.0
33,103676,Business Owner,Bachelors,Tier-2,Rented,Upper,Married,Love,0,9.0
34,63413,Government Officer,Masters,Tier-2,Rented,Upper,Married,Love,1,15.0
39,27675,Freelancer,Bachelors,Rural,Own,Middle,Married,Love,0,4.0
38,23001,Business Owner,Masters,Tier-1,Own,Upper-Middle,Single,Arranged,0,22.0
22,86414,Software Engineer,Masters,Tier-1,Own,Upper,Divorced,Arranged,0,21.0
39,55318,CA,Bachelors,Tier-2,Own,Lower,Single,Arranged,0,22.5
22,142685,CA,Masters,Rural,Own,Lower,Divorced,Love,0,19.0
28,174439,Doctor,PhD,Tier-3,Own,Upper,Divorced,Arranged,0,25.0
29,63441,Government Officer,Bachelors,Tier-3,Own,Lower,Divorced,Love,1,21.0
29,140284,Business Owner,Bachelors,Tier-1,Own,Upper-Middle,Married,Love,0,15.0
35,67602,Government Officer,Bachelors,Tier-2,Own,Middle,Divorced,Love,1,22.0
40,66321,CA,Diploma,Tier-2,Own,Middle,Divorced,Love,0,15.0
24,180007,Government Officer,Masters,Tier-1,Rented,Upper-Middle,Married,Arranged,1,24.0
29,23751,Doctor,Masters,Tier-3,Rented,Upper,Married,Love,0,6.5
37,183412,Freelancer,PhD,Tier-2,Own,Lower,Married,Arranged,0,18.0
27,143243,Private Job,Bachelors,Tier-2,Own,Middle,Married,Love,0,13.0
35,37796,Private Job,Diploma,Tier-1,Rented,Middle,Married,Love,0,4.5
31,158074,Private Job,PhD,Tier-2,Own,Upper,Divorced,Arranged,0,22.5
27,107269,Government Officer,Diploma,Rural,Own,Lower,Single,Love,1,26.0
33,106522,Freelancer,PhD,Tier-3,Own,Lower,Married,Arranged,0,13.0
24,72180,Doctor,Bachelors,Tier-3,Own,Upper-Middle,Married,Love,0,11.0
28,141198,Government Officer,Masters,Tier-2,Rented,Upper,Married,Love,1,19.0
34,93607,Private Job,Masters,Rural,Rented,Upper,Married,Arranged,0,8.5
23,100690,Business Owner,Bachelors,Tier-2,Own,Upper-Middle,Single,Love,0,22.0
33,57849,Business Owner,Masters,Tier-3,Own,Lower,Single,Arranged,0,21.5
36,73884,Software Engineer,Diploma,Tier-2,Rented,Middle,Married,Love,0,7.5
31,62374,Business Owner,Diploma,Rural,Own,Middle,Married,Arranged,0,9.0
36,199968,Government Officer,PhD,Tier-3,Own,Upper-Middle,Single,Arranged,1,36.5
27,95664,Business Owner,Masters,Tier-1,Own,Lower,Divorced,Arranged,0,20.5
31,86943,Doctor,Bachelors,Tier-2,Rented,Middle,Divorced,Love,0,14.5
34,155737,Business Owner,Bachelors,Rural,Own,Upper-Middle,Divorced,Arranged,0,19.5
30,115970,Private Job,Bachelors,Tier-3,Rented,Upper,Married,Love,0,7.5
40,84285,Government Officer,PhD,Tier-2,Own,Lower,Married,Arranged,1,22.0
26,193511,Doctor,Bachelors,Tier-1,Rented,Lower,Married,Arranged,0,18.0
27,66049,CA,Masters,Tier-1,Own,Upper,Married,Love,0,13.0
25,170466,CA,Bachelors,Rural,Rented,Upper-Middle,Married,Love,0,11.5
40,37850,Business Owner,Diploma,Tier-1,Rented,Lower,Single,Love,0,15.5
34,189496,CA,Bachelors,Tier-2,Own,Middle,Married,Love,0,17.0
22,128488,Software Engineer,Masters,Tier-3,Own,Lower,Single,Love,0,24.0
28,166154,Freelancer,Bachelors,Tier-2,Rented,Middle,Divorced,Arranged,0,17.0
36,59657,Freelancer,Diploma,Tier-3,Rented,Lower,Single,Love,0,12.5
34,134310,CA,Diploma,Rural,Own,Upper,Married,Love,0,11.5
27,31326,Business Owner,PhD,Tier-2,Own,Lower,Single,Arranged,0,22.5
33,171359,Private Job,Bachelors,Tier-2,Own,Lower,Single,Love,0,24.5
30,81812,Freelancer,Diploma,Tier-1,Own,Upper,Married,Love,0,9.0
33,146376,Private Job,PhD,Tier-2,Rented,Upper-Middle,Single,Love,0,22.0
33,65060,Private Job,Diploma,Tier-3,Rented,Lower,Divorced,Arranged,0,11.0
24,83390,Doctor,PhD,Rural,Rented,Middle,Divorced,Arranged,0,16.5
40,22737,Business Owner,Masters,Tier-1,Own,Middle,Single,Love,0,20.0
25,40772,Freelancer,Diploma,Tier-3,Own,Lower,Married,Love,0,5.0
25,100623,Business Owner,Masters,Tier-3,Own,Lower,Divorced,Love,0,17.0
36,199636,Government Officer,Diploma,Tier-1,Own,Lower,Single,Love,1,33.5
23,30781,Government Officer,Bachelors,Tier-3,Rented,Upper-Middle,Divorced,Love,1,16.5
40,76470,Software Engineer,PhD,Tier-3,Own,Middle,Single,Arranged,0,24.5
40,99087,Business Owner,PhD,Tier-3,Rented,Upper,Single,Arranged,0,21.5
30,105621,Doctor,PhD,Tier-3,Rented,Upper,Married,Love,0,11.5
37,95640,Government Officer,Bachelors,Tier-3,Own,Upper,Single,Love,1,27.5
31,149300,Freelancer,Bachelors,Tier-3,Own,Upper,Single,Love,0,21.0
27,181660,Doctor,PhD,Tier-1,Own,Upper-Middle,Married,Arranged,0,22.5
33,70947,Private Job,Masters,Tier-2,Own,Lower,Divorced,Arranged,0,17.5
29,90912,Freelancer,Bachelors,Tier-2,Own,Lower,Divorced,Arranged,0,16.5
36,101661,Private Job,Masters,Tier-2,Own,Middle,Divorced,Love,0,17.0
40,105821,CA,Diploma,Tier-2,Rented,Upper-Middle,Divorced,Arranged,0,16.0
39,48411,Freelancer,Bachelors,Tier-1,Rented,Middle,Divorced,Love,0,10.0
39,54841,Private Job,PhD,Tier-1,Own,Upper,Single,Arranged,0,23.5
36,153743,Government Officer,Bachelors,Tier-2,Own,Upper,Divorced,Arranged,1,28.5
27,139764,CA,Diploma,Tier-1,Own,Lower,Divorced,Love,0,19.5
27,195330,Government Officer,Diploma,Tier-1,Own,Lower,Single,Love,1,33.5
26,81784,Software Engineer,PhD,Rural,Own,Lower,Married,Arranged,0,14.0
34,169459,Private Job,Diploma,Tier-3,Rented,Lower,Divorced,Love,0,14.0
24,122545,CA,Diploma,Rural,Own,Upper-Middle,Single,Arranged,0,23.0
22,32605,Private Job,Bachelors,Tier-2,Rented,Lower,Married,Love,0,4.5
39,149986,Government Officer,Bachelors,Tier-3,Rented,Middle,Single,Love,1,27.0
34,133022,Private Job,Bachelors,Rural,Rented,Upper-Middle,Married,Love,0,7.5
39,113858,Private Job,Masters,Tier-1,Rented,Lower,Divorced,Love,0,15.5
39,132540,Software Engineer,PhD,Tier-1,Rented,Upper,Divorced,Love,0,19.5
39,119934,Software Engineer,PhD,Tier-1,Own,Upper,Married,Arranged,0,18.5
40,169240,Business Owner,Diploma,Tier-1,Rented,Upper-Middle,Married,Love,0,12.0
27,96107,Doctor,Diploma,Tier-1,Rented,Upper,Divorced,Love,0,15.0
24,53836,Freelancer,Masters,Rural,Rented,Middle,Single,Arranged,0,15.5
33,140142,Freelancer,PhD,Tier-3,Own,Upper-Middle,Single,Arranged,0,25.0
24,68873,Business Owner,Bachelors,Tier-3,Rented,Middle,Divorced,Love,0,11.0
29,61946,Software Engineer,PhD,Rural,Own,Middle,Divorced,Arranged,0,18.0
28,136985,Government Officer,Masters,Tier-2,Own,Upper-Middle,Single,Love,1,31.5
26,62416,Freelancer,Diploma,Tier-1,Rented,Middle,Divorced,Arranged,0,12.0
30,194290,Freelancer,PhD,Tier-1,Own,Upper-Middle,Married,Love,0,17.5
40,153383,Doctor,Masters,Tier-2,Own,Lower,Married,Love,0,17.0
40,121034,CA,Diploma,Tier-3,Own,Middle,Divorced,Arranged,0,19.0
36,159358,Software Engineer,Bachelors,Tier-1,Rented,Middle,Divorced,Arranged,0,20.5
39,117291,Business Owner,Diploma,Tier-1,Own,Lower,Divorced,Arranged,0,19.5
22,182375,Business Owner,PhD,Tier-3,Own,Lower,Married,Love,0,17.0
37,142989,Business Owner,Diploma,Tier-2,Own,Middle,Married,Love,0,13.0
25,89741,Private Job,Bachelors,Tier-1,Rented,Upper,Married,Love,0,8.0
23,21103,Doctor,PhD,Tier-2,Rented,Upper-Middle,Married,Arranged,0,10.5
28,28776,Government Officer,Diploma,Tier-1,Own,Upper,Divorced,Arranged,1,22.0
28,199251,Software Engineer,Bachelors,Tier-3,Own,Upper-Middle,Single,Love,0,26.5
22,115292,Business Owner,Masters,Tier-2,Rented,Middle,Divorced,Love,0,15.5
39,125304,Doctor,PhD,Tier-1,Rented,Lower,Divorced,Love,0,19.5
30,191101,Private Job,Masters,Tier-2,Own,Upper,Divorced,Love,0,21.5
35,180643,Doctor,PhD,Tier-3,Own,Lower,Divorced,Arranged,0,25.5
26,136262,Freelancer,Diploma,Tier-1,Rented,Upper-Middle,Single,Love,0,18.5
35,141263,Software Engineer,Diploma,Rural,Own,Upper,Married,Love,0,12.0
28,67947,Business Owner,Diploma,Rural,Rented,Middle,Married,Arranged,0,6.0
33,182278,Government Officer,Diploma,Tier-1,Own,Upper,Divorced,Arranged,1,30.0
40,46845,Government Officer,Bachelors,Rural,Own,Upper-Middle,Divorced,Love,1,19.0
26,45070,Freelancer,Masters,Tier-3,Own,Upper-Middle,Divorced,Arranged,0,14.0
35,95476,Business Owner,Diploma,Tier-3,Own,Lower,Married,Arranged,0,11.5
36,51739,Business Owner,PhD,Tier-1,Own,Upper,Married,Love,0,12.5
25,58980,Private Job,Diploma,Tier-1,Rented,Middle,Divorced,Arranged,0,12.5
28,70247,Software Engineer,PhD,Tier-1,Rented,Lower,Single,Arranged,0,23.5
22,173737,CA,Diploma,Tier-2,Rented,Upper-Middle,Divorced,Love,0,17.5
35,166828,CA,Masters,Rural,Own,Upper-Middle,Single,Love,0,25.0
28,182844,Freelancer,Masters,Tier-1,Own,Upper,Divorced,Love,0,21.0
29,107769,Doctor,Diploma,Tier-1,Rented,Middle,Married,Arranged,0,12.5
24,74475,Freelancer,Bachelors,Rural,Own,Middle,Married,Arranged,0,8.5
38,196724,Doctor,PhD,Tier-2,Own,Lower,Divorced,Arranged,0,27.0
27,158558,Freelancer,PhD,Rural,Own,Upper-Middle,Divorced,Love,0,17.5
29,84332,Software Engineer,Bachelors,Rural,Own,Upper,Divorced,Arranged,0,17.0
33,103476,Doctor,Diploma,Tier-2,Own,Upper-Middle,Married,Love,0,12.5
28,152313,Business Owner,Masters,Rural,Rented,Lower,Divorced,Love,0,15.5
26,135713,Government Officer,PhD,Rural,Rented,Lower,Married,Love,1,17.5
27,98914,Doctor,Bachelors,Tier-3,Rented,Middle,Married,Love,0,9.0
33,95267,Freelancer,Diploma,Tier-3,Own,Upper,Married,Arranged,0,9.5
22,28586,Government Officer,Diploma,Tier-1,Own,Upper-Middle,Single,Arranged,1,27.0
40,149399,Government Officer,PhD,Tier-1,Rented,Middle,Divorced,Love,1,26.0
31,149865,Doctor,Masters,Tier-2,Rented,Upper-Middle,Married,Love,0,13.5
25,144982,Business Owner,Masters,Tier-3,Rented,Middle,Divorced,Love,0,16.0
27,138820,Business Owner,PhD,Tier-2,Rented,Middle,Divorced,Love,0,17.5
30,135037,Private Job,Masters,Tier-1,Rented,Middle,Divorced,Love,0,16.5
28,151472,Doctor,PhD,Tier-1,Rented,Upper,Single,Arranged,0,28.0
29,115368,Freelancer,Bachelors,Tier-3,Rented,Upper,Married,Love,0,6.5
33,97851,Business Owner,Bachelors,Tier-3,Rented,Middle,Divorced,Arranged,0,14.5
34,53399,CA,Diploma,Tier-2,Rented,Upper-Middle,Married,Love,0,6.5
32,24281,CA,Bachelors,Tier-3,Own,Upper,Divorced,Arranged,0,15.0
35,31161,CA,Diploma,Rural,Rented,Lower,Married,Arranged,0,5.5
23,88880,Government Officer,Bachelors,Rural,Rented,Upper-Middle,Single,Love,1,23.0
36,102179,Doctor,Bachelors,Tier-1,Own,Lower,Divorced,Arranged,0,21.5
25,29722,Doctor,PhD,Tier-1,Own,Lower,Divorced,Love,0,17.5
26,97111,Business Owner,Diploma,Rural,Own,Upper,Single,Arranged,0,20.5
36,95328,Government Officer,Masters,Tier-1,Rented,Middle,Single,Love,1,27.5
38,65361,Government Officer,Bachelors,Tier-1,Own,Upper-Middle,Single,Arranged,1,30.0
32,171991,Freelancer,Diploma,Tier-3,Rented,Upper,Single,Arranged,0,20.5
28,89943,Doctor,Diploma,Tier-1,Rented,Middle,Single,Love,0,19.5
37,183229,Private Job,Masters,Rural,Own,Upper,Single,Love,0,24.0
24,97797,Software Engineer,Diploma,Rural,Rented,Lower,Single,Arranged,0,18.5
23,69033,Government Officer,Diploma,Tier-1,Rented,Lower,Divorced,Love,1,19.0
28,180440,CA,PhD,Tier-3,Own,Upper,Single,Arranged,0,30.0
39,110354,Doctor,Masters,Rural,Rented,Upper,Single,Arranged,0,22.0
38,38727,CA,Diploma,Rural,Rented,Upper,Divorced,Arranged,0,10.5
32,45610,CA,Masters,Tier-2,Own,Middle,Divorced,Love,0,16.0
33,156285,Private Job,Diploma,Rural,Rented,Lower,Married,Love,0,7.5
34,104227,Freelancer,Diploma,Tier-3,Rented,Middle,Married,Arranged,0,7.0
31,160244,Freelancer,Masters,Tier-2,Rented,Lower,Divorced,Love,0,16.0
37,127095,Software Engineer,Masters,Tier-3,Own,Middle,Single,Arranged,0,26.0
32,95353,Government Officer,Diploma,Tier-1,Own,Lower,Single,Arranged,1,30.5
30,81446,Software Engineer,PhD,Tier-1,Own,Middle,Single,Arranged,0,27.0
33,153054,Software Engineer,PhD,Rural,Own,Middle,Divorced,Love,0,20.5
26,77157,Government Officer,Masters,Tier-1,Rented,Upper,Divorced,Love,1,21.5
23,20242,Government Officer,Diploma,Tier-2,Own,Lower,Single,Arranged,1,26.0
27,66199,Business Owner,Masters,Tier-2,Own,Middle,Single,Love,0,21.0
27,25023,Private Job,PhD,Rural,Own,Upper-Middle,Single,Arranged,0,19.0
26,70318,Business Owner,Bachelors,Rural,Rented,Upper,Married,Arranged,0,7.5
32,169514,Freelancer,Masters,Tier-1,Own,Middle,Single,Arranged,0,27.0
30,157633,Business Owner,Bachelors,Rural,Rented,Middle,Married,Arranged,0,11.5
36,63543,Government Officer,Diploma,Tier-1,Rented,Middle,Single,Arranged,1,26.0
31,177467,Freelancer,Diploma,Tier-1,Own,Lower,Divorced,Love,0,18.5
26,99194,Freelancer,Bachelors,Tier-1,Own,Lower,Single,Arranged,0,22.5
35,105031,Business Owner,Masters,Rural,Rented,Lower,Divorced,Love,0,13.0
35,149222,Government Officer,Diploma,Tier-3,Rented,Upper-Middle,Married,Love,1,16.0
28,126401,Freelancer,Diploma,Rural,Rented,Lower,Single,Love,0,15.0
38,60182,Freelancer,Diploma,Tier-2,Rented,Middle,Married,Love,0,4.0
31,171520,Software Engineer,Bachelors,Rural,Own,Upper-Middle,Single,Love,0,24.5
34,151628,CA,PhD,Tier-1,Own,Lower,Married,Arranged,0,20.5
37,139490,Doctor,Diploma,Tier-2,Own,Upper,Divorced,Arranged,0,21.0
23,130297,CA,Bachelors,Rural,Own,Middle,Divorced,Arranged,0,19.5
31,51406,Software Engineer,Masters,Tier-3,Rented,Upper,Married,Love,0,7.5
27,127045,Freelancer,Bachelors,Tier-1,Own,Upper,Divorced,Arranged,0,19.0
40,48430,Business Owner,Diploma,Tier-1,Rented,Upper,Divorced,Love,0,11.0
38,100372,Freelancer,Diploma,Tier-2,Own,Lower,Divorced,Love,0,14.0
23,113299,Private Job,PhD,Tier-2,Rented,Upper,Single,Arranged,0,22.5
33,79897,Government Officer,PhD,Tier-1,Rented,Upper-Middle,Married,Love,1,17.5
35,181609,CA,Bachelors,Tier-1,Own,Upper-Middle,Married,Arranged,0,20.0
31,146173,Software Engineer,PhD,Tier-2,Rented,Middle,Divorced,Love,0,19.0
35,96679,CA,Diploma,Tier-1,Rented,Upper-Middle,Divorced,Arranged,0,16.5
29,120612,Freelancer,Bachelors,Rural,Rented,Lower,Single,Arranged,0,18.0
28,103282,Software Engineer,Masters,Rural,Own,Upper,Married,Love,0,12.0
34,112964,Freelancer,Diploma,Tier-2,Own,Middle,Single,Arranged,0,21.5
37,103467,Software Engineer,PhD,Tier-3,Rented,Upper-Middle,Divorced,Arranged,0,18.0
26,115249,Private Job,Diploma,Rural,Rented,Middle,Married,Arranged,0,7.5
25,56518,Freelancer,Diploma,Rural,Rented,Lower,Divorced,Arranged,0,8.5
27,166019,Private Job,Diploma,Tier-2,Rented,Upper,Married,Love,0,10.0
23,55193,Software Engineer,Masters,Rural,Rented,Upper,Divorced,Arranged,0,13.5
22,81524,Government Officer,Diploma,Tier-3,Rented,Middle,Divorced,Love,1,18.0
22,59403,Government Officer,Masters,Rural,Rented,Upper-Middle,Married,Love,1,12.5
25,141387,Freelancer,Bachelors,Tier-2,Rented,Lower,Married,Love,0,9.0
26,69919,Private Job,Diploma,Tier-2,Rented,Upper-Middle,Married,Love,0,5.0
27,23973,Government Officer,Masters,Tier-1,Rented,Lower,Married,Love,1,14.0
32,85115,Government Officer,Diploma,Rural,Rented,Upper,Divorced,Love,1,17.0
36,174281,Doctor,Masters,Tier-2,Rented,Middle,Divorced,Arranged,0,22.0
33,163213,Government Officer,PhD,Tier-3,Own,Middle,Divorced,Love,1,28.0
39,182801,Doctor,Masters,Tier-2,Rented,Middle,Single,Love,0,25.5
29,103125,Private Job,Bachelors,Rural,Own,Upper,Single,Love,0,19.0
28,49420,CA,Bachelors,Tier-3,Own,Lower,Married,Love,0,9.0
38,150409,Government Officer,Diploma,Tier-3,Rented,Lower,Divorced,Love,1,21.5
24,62824,CA,Bachelors,Tier-3,Own,Lower,Divorced,Arranged,0,17.0
24,63559,Private Job,Masters,Tier-2,Own,Middle,Married,Love,0,10.0
39,196561,Private Job,Masters,Tier-2,Rented,Middle,Married,Love,0,13.5
35,65117,Business Owner,Diploma,Rural,Rented,Upper-Middle,Single,Love,0,14.0
28,34373,Business Owner,Masters,Tier-3,Rented,Lower,Married,Love,0,5.5
23,158865,CA,Bachelors,Tier-3,Rented,Lower,Married,Arranged,0,13.5
39,178137,CA,Masters,Tier-2,Own,Middle,Divorced,Arranged,0,24.5
30,31342,Doctor,Diploma,Tier-3,Own,Upper-Middle,Divorced,Arranged,0,15.0
37,101013,Software Engineer,Bachelors,Tier-1,Own,Middle,Divorced,Love,0,19.0
36,177674,Private Job,Bachelors,Tier-1,Own,Upper-Middle,Married,Love,0,15.5
22,53533,Government Officer,Diploma,Tier-1,Own,Upper-Middle,Divorced,Love,1,21.5
38,138842,Freelancer,Diploma,Tier-2,Own,Upper-Middle,Divorced,Love,0,15.5
22,74138,Business Owner,PhD,Tier-3,Rented,Middle,Divorced,Love,0,13.5
33,86232,Private Job,Diploma,Rural,Rented,Upper-Middle,Divorced,Love,0,9.0
27,100374,Software Engineer,Diploma,Tier-3,Own,Upper,Married,Arranged,0,13.0
40,20181,Private Job,Bachelors,Rural,Rented,Upper-Middle,Married,Arranged,0,4.0
37,167409,Freelancer,Bachelors,Tier-1,Own,Lower,Divorced,Arranged,0,21.0
24,50375,Government Officer,Bachelors,Tier-3,Own,Upper-Middle,Single,Love,1,25.5
29,48012,Government Officer,Bachelors,Tier-2,Rented,Lower,Single,Love,1,23.0
27,138809,CA,Masters,Rural,Rented,Middle,Married,Arranged,0,12.5
36,156665,Freelancer,PhD,Tier-1,Rented,Upper,Single,Arranged,0,24.5
37,135837,Private Job,Diploma,Tier-2,Rented,Lower,Single,Love,0,18.5
35,147971,Business Owner,PhD,Tier-1,Rented,Upper,Single,Love,0,24.0
37,129471,Private Job,Masters,Tier-1,Rented,Middle,Married,Love,0,11.0
26,158612,Software Engineer,Masters,Tier-2,Rented,Lower,Married,Love,0,13.5
28,34155,Doctor,PhD,Tier-2,Own,Upper-Middle,Married,Love,0,12.0
34,42056,Private Job,Masters,Tier-2,Own,Upper,Divorced,Arranged,0,16.0
31,198545,Business Owner,Masters,Rural,Rented,Upper,Single,Arranged,0,24.5
40,81288,Doctor,Bachelors,Rural,Rented,Upper,Married,Love,0,7.5
37,128001,Business Owner,Bachelors,Tier-3,Rented,Upper,Married,Arranged,0,11.0
34,135557,Freelancer,Diploma,Tier-2,Own,Upper,Married,Arranged,0,12.5
30,125400,Government Officer,Masters,Tier-1,Rented,Lower,Married,Arranged,1,21.0
23,89725,Freelancer,Diploma,Tier-1,Own,Upper-Middle,Single,Arranged,0,21.0
27,40691,Business Owner,PhD,Tier-3,Own,Lower,Married,Love,0,10.0
32,173061,Doctor,PhD,Tier-3,Rented,Middle,Married,Love,0,15.0
33,83541,Software Engineer,Diploma,Tier-3,Rented,Upper-Middle,Married,Arranged,0,9.0
27,104675,Business Owner,Diploma,Tier-3,Rented,Lower,Married,Arranged,0,9.0
29,36326,Business Owner,Masters,Rural,Rented,Upper-Middle,Married,Love,0,4.5
31,65987,Private Job,PhD,Rural,Rented,Middle,Divorced,Arranged,0,13.0
35,123621,Doctor,Bachelors,Tier-3,Rented,Upper-Middle,Single,Arranged,0,22.5
39,105520,Government Officer,Masters,Rural,Rented,Middle,Single,Arranged,1,27.0
34,25245,Software Engineer,PhD,Tier-3,Own,Middle,Married,Arranged,0,12.0
29,159125,Private Job,Masters,Tier-3,Own,Lower,Single,Love,0,23.5
29,118220,Business Owner,Masters,Tier-2,Own,Middle,Single,Arranged,0,25.5
34,53932,Freelancer,PhD,Tier-3,Rented,Lower,Single,Love,0,15.5
29,71362,Business Owner,Masters,Tier-2,Own,Upper,Married,Arranged,0,13.5
33,144470,Business Owner,Bachelors,Tier-2,Rented,Lower,Single,Arranged,0,23.0
38,48497,Business Owner,Diploma,Tier-2,Own,Upper-Middle,Single,Love,0,18.0
33,196490,CA,Bachelors,Rural,Own,Upper-Middle,Divorced,Arranged,0,22.5
22,67810,Software Engineer,Bachelors,Tier-2,Own,Lower,Single,Arranged,0,23.0
32,125187,Freelancer,Diploma,Tier-2,Rented,Upper,Single,Arranged,0,19.0
25,66848,Software Engineer,PhD,Tier-1,Own,Lower,Married,Arranged,0,16.0
24,108445,Business Owner,PhD,Tier-3,Own,Lower,Single,Love,0,23.0
23,174339,Doctor,Diploma,Tier-2,Rented,Upper-Middle,Married,Arranged,0,15.0
31,103052,Software Engineer,Masters,Rural,Rented,Upper-Middle,Divorced,Arranged,0,16.0
34,41444,Software Engineer,Diploma,Tier-2,Rented,Lower,Married,Arranged,0,8.0
22,22608,Government Officer,Bachelors,Tier-2,Rented,Upper-Middle,Divorced,Love,1,17.0
40,105118,Freelancer,Diploma,Tier-1,Rented,Middle,Married,Arranged,0,9.0
23,45108,Doctor,Masters,Tier-1,Own,Upper-Middle,Divorced,Arranged,0,19.5
37,23315,Business Owner,Diploma,Tier-1,Rented,Upper-Middle,Single,Love,0,15.0
22,24428,Business Owner,PhD,Tier-3,Rented,Middle,Single,Arranged,0,18.0
32,42566,Government Officer,Diploma,Tier-3,Rented,Middle,Single,Love,1,21.0
26,167984,Private Job,Diploma,Rural,Own,Lower,Single,Love,0,21.0
29,163515,CA,Bachelors,Tier-2,Rented,Lower,Divorced,Arranged,0,20.0
22,37770,Software Engineer,PhD,Tier-3,Rented,Upper,Divorced,Arranged,0,14.5
33,152242,Freelancer,PhD,Tier-3,Own,Upper-Middle,Divorced,Love,0,18.5
26,71429,CA,PhD,Tier-1,Own,Upper-Middle,Single,Arranged,0,26.5
32,196509,Software Engineer,Bachelors,Rural,Rented,Upper-Middle,Single,Love,0,22.5
33,94608,Business Owner,PhD,Tier-1,Own,Upper,Divorced,Arranged,0,21.5
33,97667,CA,Masters,Tier-1,Rented,Lower,Married,Love,0,11.5
39,27785,Government Officer,Bachelors,Tier-3,Own,Upper-Middle,Married,Arranged,1,16.0
33,58652,Private Job,Masters,Rural,Own,Middle,Single,Love,0,17.5
40,139269,Doctor,PhD,Tier-1,Own,Upper-Middle,Divorced,Love,0,23.0
25,156137,Software Engineer,Diploma,Tier-1,Rented,Middle,Married,Arranged,0,14.5
29,42177,Private Job,Bachelors,Tier-2,Own,Lower,Married,Arranged,0,10.0
38,36862,CA,Diploma,Tier-2,Rented,Upper-Middle,Married,Arranged,0,7.5
25,78374,CA,Bachelors,Tier-1,Rented,Lower,Divorced,Love,0,14.5
36,176455,Doctor,Masters,Tier-2,Rented,Lower,Single,Arranged,0,27.0
30,110177,Business Owner,Diploma,Tier-1,Own,Upper,Single,Love,0,22.5
26,139288,Private Job,PhD,Rural,Rented,Middle,Married,Arranged,0,11.5
29,184043,CA,Diploma,Tier-3,Rented,Middle,Divorced,Arranged,0,19.0
23,173962,Freelancer,Diploma,Tier-2,Own,Middle,Single,Arranged,0,24.5
34,20504,Government Officer,Masters,Tier-3,Rented,Middle,Divorced,Arranged,1,19.0
27,35985,Doctor,PhD,Tier-3,Rented,Lower,Divorced,Love,0,13.0
31,144687,Business Owner,Masters,Rural,Rented,Upper,Single,Love,0,20.0
40,144066,Private Job,Masters,Tier-3,Own,Upper-Middle,Single,Love,0,23.0
24,134246,Private Job,PhD,Tier-3,Rented,Upper,Divorced,Love,0,15.5
26,166879,Business Owner,Masters,Tier-3,Rented,Upper,Married,Arranged,0,14.0
22,46827,Government Officer,Masters,Tier-2,Own,Middle,Married,Love,1,17.0
30,101994,Doctor,PhD,Tier-1,Rented,Upper,Married,Arranged,0,15.5
32,183564,CA,PhD,Tier-3,Own,Upper,Divorced,Arranged,0,25.0
29,25696,Business Owner,PhD,Rural,Rented,Lower,Married,Arranged,0,7.0
33,73059,Government Officer,Diploma,Tier-2,Rented,Middle,Married,Arranged,1,15.5
40,70390,CA,Diploma,Tier-1,Rented,Upper-Middle,Married,Arranged,0,10.5
30,123039,Doctor,PhD,Tier-2,Own,Upper-Middle,Single,Love,0,26.5
27,57955,Freelancer,Bachelors,Tier-1,Own,Upper-Middle,Single,Arranged,0,20.5
35,31573,Government Officer,PhD,Tier-1,Rented,Middle,Single,Love,1,25.5
31,148119,Government Officer,Bachelors,Tier-2,Rented,Upper-Middle,Divorced,Love,1,23.0
34,24930,Doctor,Bachelors,Tier-3,Rented,Upper,Divorced,Love,0,10.5
31,116045,CA,PhD,Tier-3,Own,Middle,Married,Arranged,0,16.5
24,30176,Private Job,Diploma,Tier-1,Own,Upper,Married,Arranged,0,9.5
32,57639,Business Owner,PhD,Tier-1,Rented,Upper-Middle,Divorced,Arranged,0,16.5
29,197187,CA,PhD,Rural,Rented,Upper-Middle,Divorced,Arranged,0,21.5
28,182841,Freelancer,Diploma,Rural,Own,Middle,Married,Arranged,0,13.0
37,199877,CA,Masters,Tier-2,Rented,Upper,Married,Arranged,0,17.5
38,73996,Freelancer,Masters,Tier-1,Own,Lower,Single,Arranged,0,22.5
32,157793,Doctor,Masters,Tier-1,Rented,Upper,Single,Arranged,0,27.0
36,100944,Freelancer,PhD,Tier-1,Rented,Middle,Divorced,Love,0,15.0
37,120585,Private Job,Masters,Tier-1,Own,Upper-Middle,Divorced,Love,0,19.0
36,92968,Government Officer,PhD,Tier-3,Rented,Middle,Single,Arranged,1,28.5
24,101278,Software Engineer,PhD,Tier-3,Own,Middle,Single,Love,0,24.0
27,138661,Government Officer,PhD,Tier-1,Rented,Lower,Divorced,Love,1,25.5
29,86762,CA,Masters,Tier-3,Own,Lower,Married,Arranged,0,14.0
34,177180,Doctor,Bachelors,Rural,Rented,Upper,Single,Love,0,22.0
32,87405,Government Officer,Bachelors,Tier-3,Own,Middle,Married,Love,1,17.0
24,82945,Business Owner,Diploma,Rural,Own,Upper-Middle,Married,Arranged,0,10.0
34,185638,Doctor,Masters,Rural,Rented,Upper-Middle,Single,Love,0,23.5
40,142490,Doctor,PhD,Tier-1,Own,Upper-Middle,Single,Arranged,0,30.5
22,84247,Doctor,Diploma,Tier-3,Rented,Upper,Married,Arranged,0,9.5
32,146321,Freelancer,Diploma,Tier-1,Own,Upper-Middle,Divorced,Love,0,17.0
23,167247,Business Owner,Bachelors,Tier-1,Own,Middle,Single,Love,0,26.0
27,137689,Business Owner,PhD,Rural,Own,Middle,Married,Arranged,0,15.5
29,140376,Government Officer,Masters,Tier-2,Own,Upper-Middle,Single,Love,1,32.0
31,110274,Business Owner,PhD,Tier-1,Rented,Upper,Divorced,Love,0,17.5
32,149981,Government Officer,Masters,Tier-1,Rented,Lower,Single,Love,1,30.0
23,157624,Freelancer,Bachelors,Tier-2,Rented,Middle,Married,Love,0,9.5
33,40062,Government Officer,Masters,Tier-3,Rented,Lower,Divorced,Love,1,18.0
31,70167,Business Owner,PhD,Tier-1,Rented,Upper,Divorced,Arranged,0,17.5
22,182399,Government Officer,PhD,Rural,Rented,Middle,Married,Arranged,1,22.0
27,142606,Business Owner,PhD,Tier-2,Rented,Upper-Middle,Divorced,Arranged,0,20.0
29,185812,Government Officer,Masters,Tier-2,Rented,Upper-Middle,Married,Love,1,21.0
36,154888,Private Job,PhD,Tier-2,Rented,Middle,Divorced,Love,0,17.5
22,141249,Government Officer,Bachelors,Rural,Own,Upper-Middle,Divorced,Arranged,1,26.0
35,172796,Business Owner,Bachelors,Tier-3,Own,Upper-Middle,Married,Love,0,14.5
32,123000,CA,Diploma,Rural,Own,Upper-Middle,Divorced,Love,0,16.0
23,65193,Business Owner,Masters,Tier-1,Own,Upper-Middle,Married,Love,0,12.0
35,174402,Doctor,Diploma,Tier-3,Own,Middle,Divorced,Arranged,0,22.0
22,50868,Software Engineer,Diploma,Tier-1,Own,Upper-Middle,Married,Love,0,10.5
33,113433,Government Officer,Masters,Tier-2,Own,Upper-Middle,Married,Arranged,1,22.5
32,87095,Private Job,Diploma,Tier-3,Own,Middle,Divorced,Arranged,0,15.0
31,29606,Business Owner,PhD,Tier-2,Rented,Upper,Single,Love,0,17.0
29,75857,Doctor,Bachelors,Tier-2,Own,Upper-Middle,Divorced,Love,0,17.0
24,117645,Government Officer,PhD,Tier-2,Rented,Middle,Divorced,Arranged,1,25.5
37,49664,Software Engineer,Bachelors,Tier-1,Own,Middle,Single,Arranged,0,23.0
40,119828,Doctor,Masters,Tier-3,Own,Middle,Single,Arranged,0,26.0
22,150668,Software Engineer,Diploma,Tier-2,Rented,Upper-Middle,Divorced,Love,0,16.5
22,55759,Doctor,PhD,Tier-3,Own,Upper-Middle,Divorced,Arranged,0,19.0
38,144181,Private Job,Masters,Rural,Rented,Upper,Divorced,Love,0,14.0
34,192671,Private Job,Bachelors,Tier-2,Rented,Lower,Married,Love,0,12.5
28,76915,Doctor,Diploma,Tier-2,Rented,Upper-Middle,Single,Love,0,18.0
34,191365,Private Job,PhD,Tier-1,Own,Middle,Single,Arranged,0,30.5
25,177458,Doctor,Masters,Tier-3,Rented,Middle,Married,Arranged,0,16.0
29,194910,Software Engineer,Bachelors,Tier-3,Own,Upper,Single,Love,0,26.5
23,137836,Private Job,PhD,Tier-2,Rented,Lower,Married,Arranged,0,13.5
39,116708,Private Job,PhD,Tier-3,Own,Middle,Married,Arranged,0,14.5
37,32897,Government Officer,Bachelors,Tier-2,Own,Lower,Single,Love,1,25.5
36,188475,Private Job,Masters,Rural,Own,Upper-Middle,Divorced,Arranged,0,21.0
37,150122,Government Officer,Diploma,Tier-3,Own,Upper,Divorced,Love,1,24.5
39,178204,Software Engineer,PhD,Tier-1,Own,Lower,Divorced,Arranged,0,26.5
25,33782,CA,PhD,Tier-2,Own,Upper,Divorced,Love,0,16.5
27,37379,Freelancer,Bachelors,Tier-2,Rented,Upper,Married,Love,0,3.5
40,198252,Doctor,Bachelors,Rural,Rented,Middle,Divorced,Love,0,18.0
31,62568,Government Officer,Diploma,Tier-3,Own,Upper,Single,Arranged,1,27.0
30,23121,Business Owner,Diploma,Tier-1,Rented,Middle,Single,Arranged,0,17.0
24,30622,Doctor,Diploma,Tier-3,Own,Upper,Married,Love,0,8.0
36,66778,Business Owner,PhD,Tier-1,Rented,Upper-Middle,Single,Arranged,0,22.0
36,194043,CA,Bachelors,Tier-2,Own,Middle,Divorced,Love,0,22.5
30,103949,Business Owner,Masters,Tier-1,Own,Upper-Middle,Divorced,Love,0,19.0
36,128578,Doctor,Diploma,Tier-3,Rented,Upper,Divorced,Love,0,14.5
29,21595,Business Owner,Diploma,Tier-2,Own,Middle,Divorced,Love,0,12.0
32,105981,Business Owner,Bachelors,Rural,Own,Lower,Married,Love,0,10.0
38,120005,Government Officer,Masters,Tier-2,Rented,Upper,Divorced,Arranged,1,25.0
39,68757,Business Owner,Bachelors,Tier-1,Own,Middle,Married,Arranged,0,13.0
27,34605,Private Job,PhD,Tier-1,Rented,Middle,Divorced,Love,0,12.5
36,196219,Doctor,Bachelors,Rural,Own,Lower,Single,Love,0,26.0
24,182064,Private Job,Bachelors,Tier-3,Own,Upper-Middle,Single,Arranged,0,26.0
28,162451,CA,Bachelors,Tier-3,Rented,Middle,Divorced,Love,0,17.0
30,161958,Doctor,Diploma,Tier-2,Rented,Lower,Single,Love,0,22.5
34,185765,Software Engineer,PhD,Rural,Own,Upper-Middle,Single,Arranged,0,29.0
32,180524,Government Officer,Bachelors,Tier-1,Own,Upper,Single,Love,1,34.0
31,49721,CA,Bachelors,Tier-2,Own,Middle,Single,Love,0,20.0
29,145858,Government Officer,PhD,Tier-1,Rented,Middle,Married,Love,1,21.0
29,137154,Government Officer,Bachelors,Tier-3,Own,Middle,Single,Arranged,1,31.5
23,39259,Business Owner,Masters,Tier-1,Rented,Upper-Middle,Single,Arranged,0,19.5
31,36770,Software Engineer,Masters,Tier-1,Own,Upper,Married,Love,0,11.5
39,139184,Freelancer,Diploma,Tier-3,Rented,Lower,Divorced,Love,0,11.5
24,198324,Freelancer,Masters,Rural,Rented,Lower,Single,Love,0,20.5
23,190571,Freelancer,Masters,Tier-3,Rented,Upper,Married,Love,0,11.5
26,153323,Doctor,Diploma,Tier-2,Own,Upper-Middle,Married,Arranged,0,17.0
34,27707,CA,Diploma,Tier-2,Own,Upper-Middle,Divorced,Arranged,0,15.0
34,162805,Business Owner,PhD,Tier-1,Rented,Upper-Middle,Single,Arranged,0,27.0
28,64826,CA,Bachelors,Tier-3,Rented,Upper,Divorced,Love,0,12.0
30,112798,Business Owner,Bachelors,Tier-1,Rented,Middle,Divorced,Arranged,0,17.5
25,71703,Doctor,Masters,Tier-1,Own,Upper-Middle,Divorced,Love,0,19.0
32,33679,Software Engineer,PhD,Tier-2,Own,Upper-Middle,Divorced,Arranged,0,18.5
39,198427,Software Engineer,PhD,Rural,Own,Upper-Middle,Married,Arranged,0,19.5
40,117830,Business Owner,Diploma,Tier-1,Own,Lower,Single,Love,0,22.5
30,154050,Private Job,PhD,Rural,Own,Lower,Married,Arranged,0,15.5
24,140957,CA,PhD,Tier-1,Rented,Middle,Single,Arranged,0,27.0
38,48708,Freelancer,Diploma,Rural,Own,Upper-Middle,Divorced,Arranged,0,11.0
31,96168,CA,Bachelors,Tier-1,Rented,Upper-Middle,Single,Love,0,20.5
28,57404,Software Engineer,PhD,Rural,Rented,Upper,Single,Love,0,17.5
37,151338,Government Officer,PhD,Rural,Own,Upper,Divorced,Love,1,26.5
29,151998,Private Job,Bachelors,Rural,Rented,Lower,Single,Love,0,18.5
30,100890,Government Officer,Bachelors,Rural,Own,Middle,Single,Arranged,1,29.0
31,50520,Software Engineer,Masters,Tier-1,Rented,Middle,Married,Love,0,9.5
34,64667,Government Officer,Bachelors,Rural,Own,Middle,Single,Arranged,1,27.0
28,77612,Doctor,Masters,Tier-2,Rented,Lower,Divorced,Love,0,15.0
23,73263,Private Job,Diploma,Tier-1,Own,Lower,Single,Love,0,19.5
36,119601,Software Engineer,Bachelors,Tier-3,Own,Upper,Single,Love,0,22.5
37,174806,Freelancer,PhD,Rural,Rented,Upper-Middle,Single,Love,0,20.5
22,81390,Software Engineer,PhD,Tier-3,Rented,Middle,Divorced,Love,0,15.0
35,145273,Business Owner,Diploma,Tier-2,Own,Middle,Single,Arranged,0,25.0
40,35202,Doctor,Masters,Tier-1,Own,Upper,Married,Love,0,12.0
34,83781,Government Officer,Masters,Rural,Own,Lower,Single,Arranged,1,29.0
34,23125,Government Officer,PhD,Tier-2,Own,Upper,Married,Arranged,1,19.0
24,74603,Business Owner,Masters,Rural,Own,Upper,Single,Arranged,0,21.5
37,144582,Doctor,Bachelors,Tier-2,Rented,Upper-Middle,Married,Love,0,12.5
37,81677,Freelancer,Diploma,Tier-3,Rented,Lower,Divorced,Love,0,9.0
40,122857,CA,Bachelors,Tier-3,Rented,Middle,Single,Love,0,20.0
35,93191,Government Officer,Diploma,Tier-2,Own,Lower,Married,Love,1,17.5
39,76805,Doctor,Masters,Tier-2,Rented,Upper,Divorced,Arranged,0,17.0
40,58651,Private Job,PhD,Tier-1,Rented,Upper-Middle,Divorced,Arranged,0,15.5
34,88557,Private Job,Masters,Rural,Own,Upper,Divorced,Arranged,0,16.0
32,84599,Software Engineer,Diploma,Tier-1,Rented,Upper,Single,Love,0,19.0
37,146279,Private Job,PhD,Rural,Rented,Upper-Middle,Single,Love,0,20.0
32,83667,Freelancer,Diploma,Tier-2,Own,Upper,Divorced,Arranged,0,15.0
24,53386,Private Job,Bachelors,Tier-3,Rented,Upper-Middle,Single,Love,0,14.5
25,42658,Doctor,PhD,Tier-3,Rented,Middle,Married,Arranged,0,10.5
30,21309,Business Owner,Diploma,Tier-1,Own,Upper,Divorced,Love,0,13.0
30,157926,Private Job,Diploma,Tier-2,Own,Upper-Middle,Single,Love,0,22.5
26,153399,Software Engineer,Bachelors,Tier-3,Rented,Middle,Single,Love,0,21.5
24,175162,Business Owner,Diploma,Tier-2,Own,Middle,Single,Arranged,0,26.5
30,181477,Software Engineer,Bachelors,Tier-1,Rented,Upper,Single,Arranged,0,27.0
27,140433,CA,PhD,Rural,Rented,Middle,Single,Love,0,22.0
33,119527,Government Officer,Diploma,Rural,Own,Upper,Married,Arranged,1,18.5
34,76617,CA,Masters,Rural,Own,Middle,Divorced,Love,0,15.5
34,171247,Doctor,Diploma,Tier-1,Rented,Middle,Divorced,Love,0,19.0
27,135678,Private Job,Masters,Tier-1,Own,Middle,Married,Arranged,0,16.5
38,68794,Software Engineer,PhD,Tier-3,Own,Lower,Married,Love,0,12.0
33,175807,Software Engineer,Masters,Rural,Own,Lower,Married,Love,0,15.5
39,58823,Private Job,Diploma,Rural,Rented,Lower,Married,Arranged,0,4.5
39,90505,Government Officer,Bachelors,Tier-1,Rented,Lower,Divorced,Arranged,1,23.5
38,37897,Government Officer,Diploma,Tier-2,Rented,Middle,Divorced,Love,1,16.5
33,89676,Private Job,Diploma,Tier-1,Rented,Upper-Middle,Married,Love,0,7.0
31,127879,Freelancer,Masters,Rural,Rented,Lower,Married,Arranged,0,9.0
34,147750,Business Owner,PhD,Rural,Rented,Middle,Married,Love,0,11.0
27,123643,Doctor,Diploma,Tier-2,Own,Upper,Divorced,Love,0,18.5
26,119374,Government Officer,PhD,Tier-3,Rented,Lower,Married,Love,1,17.5
39,132916,Business Owner,Bachelors,Rural,Rented,Middle,Married,Arranged,0,10.5
29,83932,CA,Diploma,Tier-2,Rented,Middle,Single,Arranged,0,20.0
23,190014,Business Owner,Bachelors,Tier-1,Own,Middle,Single,Arranged,0,29.5
22,73917,Business Owner,Diploma,Rural,Rented,Upper,Divorced,Arranged,0,11.5
26,30183,Government Officer,PhD,Tier-2,Rented,Lower,Single,Love,1,24.5
27,25571,Freelancer,Bachelors,Tier-1,Rented,Lower,Married,Love,0,4.0
36,22584,Private Job,Bachelors,Tier-1,Rented,Lower,Married,Arranged,0,7.0
32,104769,Freelancer,Diploma,Tier-1,Rented,Upper,Single,Love,0,17.0
25,27272,Private Job,Masters,Rural,Rented,Upper,Single,Love,0,13.0
32,26193,Private Job,PhD,Rural,Own,Upper,Single,Love,0,17.0
30,44100,CA,Bachelors,Tier-2,Rented,Middle,Divorced,Arranged,0,14.0
34,55676,Software Engineer,Bachelors,Tier-3,Own,Upper-Middle,Single,Love,0,19.5
40,152234,Doctor,Bachelors,Rural,Rented,Upper,Divorced,Arranged,0,18.0
24,43748,CA,Bachelors,Tier-2,Rented,Upper,Single,Arranged,0,19.0
33,98548,CA,Diploma,Tier-2,Own,Lower,Single,Love,0,21.5
25,124624,Doctor,Masters,Tier-3,Rented,Middle,Single,Love,0,21.5
40,122678,Doctor,Bachelors,Rural,Own,Upper,Divorced,Love,0,17.5
33,129624,Private Job,Bachelors,Rural,Own,Middle,Divorced,Arranged,0,17.0
34,158675,CA,Bachelors,Tier-3,Own,Lower,Single,Love,0,24.5
34,170619,Software Engineer,Bachelors,Tier-3,Own,Upper-Middle,Single,Love,0,25.5
25,189331,Government Officer,Bachelors,Rural,Own,Middle,Married,Love,1,21.0
26,74197,Doctor,Bachelors,Tier-3,Own,Upper-Middle,Divorced,Arranged,0,18.0
34,147259,Private Job,Bachelors,Rural,Rented,Upper,Divorced,Arranged,0,15.0
26,25978,Doctor,Diploma,Rural,Rented,Middle,Married,Arranged,0,5.5
37,59075,Private Job,Masters,Tier-1,Rented,Upper-Middle,Divorced,Arranged,0,14.5
27,181756,Government Officer,Bachelors,Tier-1,Rented,Lower,Divorced,Arranged,1,28.0
35,28429,Doctor,Masters,Tier-2,Rented,Upper,Single,Love,0,17.5
28,84968,Software Engineer,Diploma,Rural,Own,Lower,Single,Arranged,0,21.0
30,74907,Government Officer,Masters,Tier-2,Own,Upper-Middle,Divorced,Arranged,1,25.5
34,84213,CA,Masters,Rural,Rented,Upper,Single,Love,0,18.0
36,58128,Business Owner,Diploma,Tier-2,Rented,Upper-Middle,Single,Arranged,0,17.5
40,99164,Business Owner,Diploma,Tier-1,Own,Upper-Middle,Married,Love,0,11.5
40,118837,Government Officer,PhD,Tier-1,Rented,Upper,Divorced,Arranged,1,26.5
22,145334,Private Job,PhD,Tier-3,Rented,Upper-Middle,Divorced,Love,0,16.0
38,53910,Software Engineer,Diploma,Tier-1,Own,Upper-Middle,Divorced,Arranged,0,17.5
34,163468,Freelancer,Bachelors,Tier-3,Own,Upper-Middle,Married,Love,0,12.0
25,37577,Government Officer,Diploma,Tier-3,Rented,Upper,Divorced,Love,1,15.5
40,29323,Government Officer,Bachelors,Rural,Rented,Lower,Divorced,Arranged,1,17.0
37,182695,Business Owner,PhD,Tier-1,Own,Middle,Divorced,Arranged,0,26.0
34,128490,Doctor,Bachelors,Tier-1,Rented,Middle,Divorced,Arranged,0,19.5
22,26474,Software Engineer,Bachelors,Tier-1,Rented,Lower,Single,Arranged,0,19.0
24,134672,Government Officer,Diploma,Rural,Own,Upper-Middle,Single,Love,1,27.5
26,83116,CA,Diploma,Rural,Rented,Lower,Single,Love,0,16.0
31,56304,Business Owner,PhD,Tier-2,Rented,Lower,Single,Love,0,18.5
28,137775,Private Job,PhD,Rural,Rented,Middle,Married,Love,0,9.5
36,99011,CA,Masters,Tier-2,Own,Upper,Married,Arranged,0,15.5
39,186799,Private Job,Bachelors,Tier-3,Own,Middle,Single,Love,0,24.0
23,71033,Doctor,Masters,Tier-1,Own,Middle,Married,Arranged,0,16.0
31,198234,Doctor,PhD,Tier-2,Own,Upper-Middle,Married,Love,0,20.0
31,79430,Doctor,Diploma,Tier-2,Rented,Upper-Middle,Married,Love,0,8.0
37,48062,Doctor,Masters,Rural,Own,Lower,Divorced,Arranged,0,16.5
22,191599,Private Job,Diploma,Tier-2,Rented,Upper,Married,Arranged,0,13.5
35,147231,CA,Masters,Tier-1,Own,Upper,Single,Love,0,27.0
31,37567,Government Officer,PhD,Tier-2,Own,Middle,Divorced,Love,1,22.5
27,100811,Software Engineer,Diploma,Tier-2,Rented,Upper,Married,Arranged,0,11.0
25,67360,Freelancer,PhD,Tier-2,Rented,Lower,Single,Love,0,17.0
40,165768,Business Owner,PhD,Tier-2,Own,Middle,Single,Love,0,27.0
30,33689,CA,Diploma,Rural,Own,Upper,Divorced,Love,0,11.5
23,62525,Software Engineer,Bachelors,Tier-1,Own,Upper,Married,Arranged,0,14.0
23,149299,Doctor,Masters,Tier-2,Own,Lower,Married,Love,0,16.5
24,27525,Freelancer,Bachelors,Tier-2,Own,Lower,Divorced,Love,0,11.0
33,74087,CA,Masters,Tier-1,Own,Middle,Married,Love,0,13.5
40,21475,Software Engineer,PhD,Rural,Own,Lower,Single,Arranged,0,21.0
33,80054,Business Owner,Bachelors,Tier-1,Own,Upper,Married,Love,0,12.0
33,195365,Business Owner,Bachelors,Rural,Own,Lower,Divorced,Arranged,0,21.5
27,196359,Government Officer,Diploma,Tier-1,Own,Lower,Married,Love,1,23.5
26,35485,Software Engineer,Bachelors,Tier-2,Own,Upper,Single,Love,0,19.5
34,186877,Freelancer,PhD,Tier-3,Rented,Upper,Married,Arranged,0,14.0
28,152644,Government Officer,PhD,Tier-2,Rented,Upper,Divorced,Love,1,25.5
22,104509,Business Owner,Diploma,Tier-1,Rented,Lower,Single,Arranged,0,21.0
28,157952,Doctor,Masters,Tier-1,Own,Lower,Divorced,Arranged,0,25.0
38,134960,Government Officer,Diploma,Tier-2,Rented,Upper,Single,Love,1,26.5
24,104719,Software Engineer,Masters,Tier-1,Own,Upper-Middle,Single,Arranged,0,27.0
24,98958,Business Owner,Bachelors,Tier-1,Rented,Middle,Married,Love,0,9.5
31,125507,Business Owner,Bachelors,Tier-3,Own,Upper-Middle,Single,Arranged,0,24.0
22,79918,CA,Bachelors,Rural,Own,Upper-Middle,Married,Arranged,0,11.5
23,145888,Business Owner,Bachelors,Tier-1,Rented,Upper-Middle,Divorced,Love,0,17.0
29,133655,Private Job,Diploma,Tier-3,Rented,Upper,Single,Arranged,0,19.5
32,152234,Private Job,Masters,Tier-2,Own,Lower,Divorced,Arranged,0,21.5
26,85545,Government Officer,PhD,Rural,Rented,Upper,Married,Arranged,1,17.0
29,146970,CA,Masters,Tier-1,Rented,Upper,Divorced,Love,0,19.0
24,190332,Government Officer,Masters,Tier-2,Rented,Lower,Married,Love,1,21.5
27,50684,CA,Bachelors,Tier-1,Own,Upper,Divorced,Love,0,16.5
35,190116,Freelancer,Masters,Tier-2,Rented,Upper,Divorced,Arranged,0,19.5
31,57653,Freelancer,PhD,Tier-3,Rented,Lower,Single,Arranged,0,17.5
32,136016,Doctor,Bachelors,Rural,Own,Upper,Divorced,Love,0,18.0
22,119744,Business Owner,Bachelors,Tier-1,Own,Upper,Divorced,Arranged,0,20.5
32,28520,Business Owner,Bachelors,Tier-1,Rented,Upper-Middle,Single,Love,0,16.0
32,31926,Business Owner,Bachelors,Tier-1,Own,Middle,Single,Arranged,0,21.5
31,23429,CA,Bachelors,Tier-2,Rented,Upper-Middle,Single,Love,0,16.0
35,23405,Government Officer,Masters,Tier-3,Own,Lower,Single,Love,1,25.0
24,88412,Freelancer,Masters,Rural,Rented,Lower,Divorced,Love,0,10.0
40,128082,Private Job,Masters,Tier-2,Rented,Middle,Divorced,Arranged,0,17.0
36,193996,Software Engineer,Masters,Tier-2,Own,Upper,Married,Love,0,18.5
25,24867,Doctor,Masters,Tier-2,Own,Lower,Single,Love,0,20.5
36,116537,CA,Diploma,Tier-1,Own,Upper-Middle,Divorced,Arranged,0,20.5
23,56110,Freelancer,Masters,Tier-3,Rented,Lower,Single,Arranged,0,16.5
36,66115,Software Engineer,PhD,Rural,Rented,Upper-Middle,Married,Love,0,8.0
40,96215,Business Owner,Diploma,Tier-2,Rented,Lower,Single,Arranged,0,19.5
31,37721,Government Officer,Bachelors,Tier-2,Rented,Upper-Middle,Single,Arranged,1,24.5
29,184978,Private Job,Masters,Tier-2,Rented,Lower,Single,Love,0,23.0
34,35364,Private Job,Masters,Tier-1,Rented,Upper-Middle,Single,Arranged,0,18.5
39,31238,Government Officer,Bachelors,Tier-2,Own,Upper-Middle,Divorced,Love,1,20.5
28,110079,Doctor,Diploma,Tier-1,Rented,Middle,Single,Love,0,21.0
38,134000,Private Job,Diploma,Tier-3,Own,Upper-Middle,Divorced,Arranged,0,17.5
22,20001,Freelancer,Diploma,Tier-2,Rented,Middle,Divorced,Love,0,7.0
39,121479,Private Job,PhD,Tier-1,Own,Upper-Middle,Married,Arranged,0,17.0
37,31595,Government Officer,Masters,Rural,Own,Upper,Single,Arranged,1,26.5
34,60096,Business Owner,Bachelors,Tier-3,Own,Lower,Married,Arranged,0,11.0
28,100443,Freelancer,Masters,Rural,Rented,Upper,Single,Love,0,16.0
27,149957,Business Owner,PhD,Tier-1,Own,Middle,Divorced,Arranged,0,24.0
36,175996,Freelancer,Diploma,Rural,Own,Middle,Single,Arranged,0,22.5
25,161007,Software Engineer,Diploma,Tier-2,Rented,Lower,Married,Arranged,0,14.0
25,26805,CA,PhD,Tier-1,Own,Upper-Middle,Single,Love,0,22.0
40,26274,Business Owner,PhD,Tier-2,Own,Middle,Divorced,Arranged,0,17.0
38,96327,Freelancer,PhD,Tier-3,Own,Upper-Middle,Divorced,Love,0,15.5
38,107968,Private Job,Masters,Rural,Own,Upper-Middle,Single,Arranged,0,22.0
28,41690,CA,Bachelors,Tier-3,Rented,Upper-Middle,Married,Love,0,6.0
34,69855,Private Job,PhD,Tier-1,Own,Lower,Married,Arranged,0,14.0
34,50026,CA,Masters,Tier-2,Own,Upper-Middle,Divorced,Love,0,16.5
35,71431,Business Owner,Diploma,Tier-2,Rented,Upper,Divorced,Love,0,11.5
34,156902,Private Job,Diploma,Tier-1,Own,Lower,Divorced,Love,0,18.5
33,130971,Private Job,Diploma,Rural,Own,Middle,Single,Arranged,0,21.5
34,164322,CA,Masters,Tier-3,Rented,Upper-Middle,Single,Love,0,23.0
37,128764,Software Engineer,Bachelors,Tier-1,Own,Upper,Single,Love,0,25.0
40,105988,Freelancer,Diploma,Rural,Own,Upper,Married,Arranged,0,9.0
35,152465,Private Job,Bachelors,Rural,Own,Lower,Married,Love,0,11.5
23,164296,Freelancer,Masters,Tier-1,Rented,Lower,Married,Love,0,12.0
31,40645,Software Engineer,PhD,Rural,Rented,Lower,Single,Arranged,0,19.0
28,153518,Private Job,Diploma,Tier-3,Rented,Lower,Married,Arranged,0,10.5
26,94805,Freelancer,Diploma,Rural,Rented,Upper-Middle,Married,Arranged,0,5.5
27,137685,Doctor,PhD,Rural,Own,Middle,Divorced,Arranged,0,22.0
39,131912,Business Owner,Bachelors,Tier-1,Own,Upper,Single,Arranged,0,26.5
40,115739,Business Owner,Diploma,Rural,Own,Middle,Married,Arranged,0,11.5
31,194562,CA,Diploma,Rural,Rented,Middle,Single,Love,0,21.5
26,181985,Business Owner,Masters,Tier-3,Rented,Middle,Divorced,Arranged,0,20.0
27,42280,Business Owner,PhD,Tier-2,Rented,Upper-Middle,Single,Love,0,18.0
26,128155,CA,Masters,Tier-2,Rented,Middle,Divorced,Arranged,0,19.0
32,24700,Software Engineer,Bachelors,Tier-3,Own,Lower,Married,Love,0,8.0
29,189460,CA,Bachelors,Tier-1,Own,Middle,Divorced,Arranged,0,25.0
39,149935,Software Engineer,Bachelors,Tier-3,Rented,Lower,Married,Love,0,11.0
24,160349,Freelancer,Diploma,Tier-2,Rented,Upper,Single,Arranged,0,21.0
25,193967,Private Job,Bachelors,Tier-1,Rented,Lower,Divorced,Love,0,18.5
27,87234,Business Owner,Bachelors,Tier-1,Own,Upper,Single,Love,0,22.0
26,141020,Doctor,Diploma,Tier-2,Rented,Upper-Middle,Divorced,Love,0,16.5
39,29011,Freelancer,PhD,Tier-1,Own,Middle,Married,Love,0,9.0
22,103568,CA,Bachelors,Tier-3,Rented,Lower,Single,Arranged,0,21.0
29,114925,Business Owner,Masters,Tier-3,Rented,Lower,Divorced,Arranged,0,16.5
31,105076,Government Officer,Diploma,Tier-3,Rented,Middle,Married,Love,1,14.0
28,173034,Freelancer,Bachelors,Tier-2,Own,Upper,Married,Arranged,0,15.5
24,26678,Freelancer,PhD,Tier-1,Rented,Lower,Divorced,Arranged,0,13.0
32,134290,Government Officer,Masters,Tier-3,Own,Middle,Divorced,Arranged,1,27.5
22,26827,Government Officer,Diploma,Tier-3,Rented,Lower,Married,Love,1,10.0
28,131942,Government Officer,Masters,Tier-1,Rented,Upper-Middle,Single,Love,1,29.5
35,179155,Doctor,Bachelors,Tier-2,Rented,Upper,Married,Love,0,14.0
34,103624,Business Owner,Diploma,Tier-1,Rented,Upper,Married,Love,0,9.0
33,93031,Freelancer,PhD,Tier-3,Own,Middle,Married,Arranged,0,12.5
26,32249,Business Owner,PhD,Tier-2,Rented,Upper,Single,Love,0,17.5
30,36127,Government Officer,Masters,Tier-1,Own,Upper-Middle,Divorced,Arranged,1,24.5
28,146794,Private Job,Masters,Tier-3,Rented,Upper-Middle,Single,Love,0,20.0
34,80775,Business Owner,PhD,Rural,Rented,Middle,Single,Arranged,0,20.0
29,69732,Software Engineer,PhD,Rural,Own,Middle,Married,Love,0,11.0
32,167764,CA,Bachelors,Rural,Own,Middle,Married,Love,0,14.0
22,115689,Government Officer,Masters,Rural,Own,Upper,Single,Love,1,28.5
34,188519,Software Engineer,Bachelors,Tier-1,Own,Upper,Divorced,Love,0,23.0
33,128096,Doctor,Bachelors,Tier-2,Rented,Upper,Single,Love,0,21.5
33,50787,CA,PhD,Rural,Rented,Middle,Single,Love,0,17.5
37,24321,Business Owner,Diploma,Tier-2,Rented,Middle,Single,Arranged,0,16.0
37,28630,Software Engineer,Bachelors,Tier-2,Own,Middle,Married,Arranged,0,11.0
39,198090,Business Owner,PhD,Rural,Own,Middle,Married,Love,0,16.5
27,67170,Freelancer,Bachelors,Tier-3,Own,Lower,Married,Arranged,0,9.0
31,62811,Business Owner,Diploma,Rural,Rented,Middle,Single,Love,0,14.0
33,69049,Doctor,Bachelors,Tier-3,Own,Upper-Middle,Single,Love,0,20.5
23,190759,Business Owner,Bachelors,Tier-3,Own,Middle,Married,Love,0,15.5
31,31842,CA,Diploma,Tier-2,Rented,Lower,Single,Arranged,0,17.5
30,168874,Freelancer,PhD,Tier-1,Rented,Middle,Divorced,Love,0,18.0
25,97695,Business Owner,Masters,Rural,Rented,Middle,Single,Arranged,0,19.5
31,42446,Doctor,Masters,Rural,Rented,Middle,Single,Arranged,0,18.5
30,103316,Doctor,Bachelors,Tier-2,Rented,Middle,Single,Arranged,0,22.5
36,161979,Private Job,Masters,Tier-2,Rented,Upper,Single,Love,0,22.0
33,109358,Business Owner,Bachelors,Tier-1,Own,Upper-Middle,Married,Arranged,0,15.0
34,24640,Government Officer,PhD,Tier-2,Own,Middle,Divorced,Arranged,1,24.0
28,185693,Software Engineer,Masters,Rural,Own,Lower,Single,Love,0,26.0
22,42265,Software Engineer,Bachelors,Tier-2,Rented,Lower,Single,Love,0,17.0
24,127008,Business Owner,Diploma,Tier-1,Rented,Middle,Single,Arranged,0,22.0
27,196586,Government Officer,Masters,Rural,Own,Middle,Single,Arranged,1,34.5
25,69140,Freelancer,Bachelors,Tier-3,Rented,Upper-Middle,Married,Arranged,0,6.0
33,116514,Business Owner,Masters,Tier-3,Own,Upper,Married,Arranged,0,14.5
28,89344,Government Officer,Masters,Tier-1,Own,Upper,Divorced,Arranged,1,27.0
39,183023,Freelancer,PhD,Tier-3,Own,Upper-Middle,Divorced,Arranged,0,22.0
37,137517,Private Job,Masters,Tier-1,Own,Upper,Married,Love,0,14.5
27,40543,Business Owner,Bachelors,Tier-1,Own,Upper-Middle,Divorced,Love,0,15.0
